chunk,passo,t,alvo_E_x,alvo_E_y,alvo_E_z,alvo_D_x,alvo_D_y,alvo_D_z,med_E_x,med_E_y,med_E_z,med_D_x,med_D_y,med_D_z,erro_ik_E_mm,erro_ik_D_mm,garra_cmd_E,garra_cmd_D,garra_med_E,garra_med_D
0,0,1790610744.229,0.3432,0.1935,0.1897,0.2885,-0.2253,0.2155,0.3476,0.1679,0.1596,0.288,-0.2155,0.1859,0.7,0.7,4.518,4.55,4.541,4.541
0,1,1790610744.262,0.3402,0.1957,0.1898,0.2881,-0.2248,0.214,0.3477,0.1679,0.1599,0.288,-0.2155,0.1859,0.0,0.0,4.5,4.539,4.541,4.541
0,2,1790610744.296,0.3376,0.1979,0.1895,0.288,-0.2247,0.2126,0.3472,0.1678,0.1612,0.2879,-0.2155,0.1868,0.1,0.1,4.506,4.54,4.541,4.541
0,3,1790610744.329,0.3357,0.1995,0.1896,0.288,-0.2243,0.2119,0.346,0.1677,0.1638,0.2877,-0.2155,0.1883,0.1,0.1,4.522,4.538,4.418,4.541
0,4,1790610744.362,0.3339,0.2009,0.1887,0.288,-0.2241,0.211,0.3442,0.1676,0.1672,0.2874,-0.2155,0.1901,0.1,0.1,4.505,4.54,4.418,4.541
0,5,1790610744.396,0.3327,0.2024,0.1886,0.2881,-0.2239,0.2105,0.3442,0.1676,0.1672,0.2874,-0.2155,0.1901,0.1,0.0,4.505,4.538,4.418,4.541
0,6,1790610744.429,0.3316,0.2034,0.1885,0.2885,-0.2234,0.2099,0.3422,0.1679,0.171,0.2871,-0.2156,0.1919,0.1,0.1,4.516,4.546,4.418,4.541
0,7,1790610744.462,0.3309,0.2039,0.1888,0.2887,-0.2233,0.21,0.3399,0.1686,0.1751,0.2869,-0.2158,0.1939,0.1,0.1,4.49,4.536,4.541,4.541
0,8,1790610744.496,0.3307,0.2044,0.1889,0.2889,-0.2229,0.2095,0.3399,0.1686,0.1751,0.2869,-0.2158,0.1939,0.0,0.0,4.5,4.545,4.541,4.541
0,9,1790610744.529,0.3302,0.2048,0.1889,0.2892,-0.2226,0.2093,0.3374,0.1698,0.1793,0.2867,-0.2161,0.1958,0.1,0.1,4.503,4.539,4.541,4.541
0,10,1790610744.563,0.3303,0.2049,0.1887,0.2891,-0.2224,0.2094,0.3349,0.1715,0.1833,0.2867,-0.2166,0.1977,0.0,0.1,4.504,4.553,4.541,4.541
0,11,1790610744.596,0.33,0.2053,0.1888,0.2891,-0.2222,0.209,0.3326,0.174,0.1871,0.2867,-0.2172,0.1995,0.1,0.1,4.499,4.535,4.541,4.541
0,12,1790610744.630,0.3299,0.2054,0.1887,0.2893,-0.2221,0.209,0.3305,0.1771,0.1904,0.2868,-0.2179,0.2011,0.0,0.0,4.487,4.54,4.541,4.541
0,13,1790610744.663,0.3299,0.2053,0.1887,0.2892,-0.2222,0.2091,0.3287,0.1808,0.1932,0.287,-0.2187,0.2028,0.0,0.0,4.493,4.554,4.541,4.541
0,14,1790610744.697,0.33,0.2056,0.1887,0.2894,-0.2221,0.2091,0.3287,0.1808,0.1932,0.287,-0.2187,0.2028,0.0,0.0,4.488,4.565,4.541,4.541
0,15,1790610744.730,0.3297,0.2054,0.1888,0.2893,-0.222,0.209,0.3272,0.1852,0.1955,0.2872,-0.2195,0.2044,0.0,0.0,4.487,4.545,4.541,4.541
0,16,1790610744.764,0.3297,0.2055,0.1885,0.2895,-0.222,0.209,0.326,0.1899,0.1972,0.2875,-0.2203,0.2058,0.0,0.0,4.486,4.549,4.541,4.541
0,17,1790610744.797,0.3296,0.2056,0.1886,0.2894,-0.222,0.209,0.326,0.1899,0.1972,0.2875,-0.2203,0.2058,0.0,0.0,4.487,4.536,4.541,4.541
0,18,1790610744.830,0.3296,0.2056,0.1885,0.2894,-0.2221,0.209,0.325,0.195,0.1984,0.2878,-0.221,0.2073,0.0,0.1,4.49,4.535,4.541,4.541
0,19,1790610744.864,0.3297,0.2054,0.1887,0.2893,-0.2219,0.2089,0.3242,0.2003,0.1992,0.2881,-0.2218,0.2086,0.0,0.0,4.503,4.54,4.541,4.541
0,20,1790610744.897,0.3297,0.2056,0.1887,0.2895,-0.2219,0.209,0.3237,0.2057,0.1996,0.2884,-0.2224,0.2098,0.0,0.0,4.479,4.537,4.541,4.541
0,21,1790610744.930,0.3297,0.2055,0.1889,0.2894,-0.2217,0.209,0.3232,0.2111,0.1996,0.2888,-0.2231,0.211,0.0,0.0,4.499,4.537,4.541,4.541
0,22,1790610744.964,0.3297,0.2057,0.1886,0.2892,-0.2219,0.2089,0.3232,0.2111,0.1996,0.2888,-0.2231,0.211,0.0,0.0,4.504,4.541,4.541,4.541
0,23,1790610744.997,0.3297,0.2057,0.1885,0.2894,-0.2219,0.2089,0.3228,0.2163,0.1994,0.2891,-0.2236,0.2121,0.1,0.0,4.495,4.55,4.541,4.541
0,24,1790610745.031,0.3297,0.2057,0.1886,0.2896,-0.2218,0.209,0.3226,0.2212,0.1989,0.2894,-0.224,0.2131,0.1,0.0,4.482,4.548,4.541,4.541
0,25,1790610745.064,0.3296,0.2057,0.1885,0.2895,-0.2218,0.209,0.3224,0.2257,0.1982,0.2896,-0.2243,0.2141,0.1,0.1,4.496,4.529,4.541,4.541
0,26,1790610745.097,0.3295,0.2057,0.1885,0.2896,-0.222,0.2088,0.3224,0.2257,0.1982,0.2896,-0.2243,0.2141,0.0,0.0,4.493,4.528,4.541,4.541
0,27,1790610745.131,0.3296,0.2056,0.1884,0.2895,-0.222,0.209,0.3222,0.2296,0.1975,0.2899,-0.2246,0.2149,0.1,0.1,4.487,4.541,4.541,4.541
0,28,1790610745.164,0.3298,0.2056,0.1884,0.2894,-0.2221,0.2089,0.322,0.233,0.1967,0.2901,-0.2248,0.2155,0.1,0.1,4.484,4.542,4.541,4.541
0,29,1790610745.198,0.3295,0.2056,0.189,0.2896,-0.222,0.209,0.3219,0.2358,0.1957,0.2904,-0.2249,0.2161,0.1,0.1,4.498,4.532,4.541,4.541
1,0,1790610745.965,0.3211,0.2377,0.2029,0.2869,-0.2232,0.2243,0.3246,0.2253,0.1855,0.2911,-0.2232,0.2148,2.0,0.3,4.495,4.531,4.541,4.541
1,1,1790610745.998,0.3211,0.2376,0.2024,0.2866,-0.2225,0.2237,0.3247,0.2244,0.1853,0.2911,-0.2232,0.2146,0.0,0.0,4.5,4.526,4.541,4.541
1,2,1790610746.032,0.3215,0.2373,0.202,0.2864,-0.2223,0.2233,0.3246,0.224,0.1859,0.2907,-0.2229,0.2152,0.1,0.1,4.501,4.533,4.541,4.541
1,3,1790610746.067,0.3216,0.2371,0.2017,0.2864,-0.222,0.223,0.3246,0.224,0.1859,0.2907,-0.2229,0.2152,0.0,0.0,4.491,4.526,4.541,4.541
1,4,1790610746.100,0.3218,0.237,0.2015,0.2863,-0.2216,0.2227,0.3241,0.2241,0.1871,0.29,-0.2224,0.2165,0.1,0.1,4.496,4.52,4.541,4.541
1,5,1790610746.133,0.322,0.2369,0.2013,0.286,-0.2212,0.2226,0.3235,0.2249,0.1887,0.2892,-0.2218,0.2181,0.1,0.1,4.494,4.53,4.541,4.541
1,6,1790610746.167,0.3222,0.2372,0.2009,0.2859,-0.2213,0.2226,0.3228,0.2262,0.1903,0.2884,-0.2212,0.2197,0.1,0.0,4.501,4.535,4.541,4.541
1,7,1790610746.200,0.3222,0.2369,0.201,0.2859,-0.221,0.2224,0.3221,0.228,0.192,0.2876,-0.2207,0.2214,0.0,0.1,4.501,4.532,4.541,4.541
1,8,1790610746.235,0.3223,0.237,0.2008,0.2858,-0.2209,0.2224,0.3214,0.2302,0.1937,0.2869,-0.2203,0.2232,0.0,0.0,4.501,4.526,4.541,4.541
1,9,1790610746.268,0.3222,0.237,0.2005,0.2857,-0.2208,0.2223,0.3214,0.2302,0.1937,0.2869,-0.2203,0.2232,0.0,0.0,4.501,4.527,4.541,4.541
1,10,1790610746.301,0.3221,0.237,0.2004,0.2857,-0.2208,0.2223,0.3208,0.2328,0.1953,0.2862,-0.2199,0.2248,0.0,0.1,4.501,4.534,4.541,4.541
1,11,1790610746.337,0.3223,0.2371,0.2004,0.2856,-0.2208,0.2222,0.3203,0.2357,0.1968,0.2856,-0.2197,0.2262,0.0,0.0,4.506,4.536,4.541,4.541
1,12,1790610746.372,0.3223,0.2371,0.2005,0.2858,-0.2209,0.2223,0.3203,0.2357,0.1968,0.2856,-0.2197,0.2262,0.0,0.0,4.498,4.533,4.541,4.541
1,13,1790610746.405,0.3222,0.2372,0.2001,0.2856,-0.221,0.2221,0.3197,0.2386,0.1983,0.2851,-0.2196,0.2275,0.0,0.0,4.494,4.543,4.541,4.541
1,14,1790610746.439,0.3222,0.237,0.2005,0.2857,-0.2209,0.2224,0.3192,0.2416,0.1998,0.2847,-0.2196,0.2286,0.0,0.0,4.493,4.539,4.541,4.541
1,15,1790610746.472,0.3223,0.2372,0.2,0.2857,-0.221,0.2222,0.3192,0.2416,0.1998,0.2847,-0.2196,0.2286,0.0,0.0,4.507,4.547,4.541,4.541
1,16,1790610746.505,0.3222,0.2373,0.2002,0.2857,-0.2209,0.2223,0.3188,0.2445,0.2012,0.2845,-0.2197,0.2295,0.0,0.0,4.49,4.538,4.541,4.541
1,17,1790610746.538,0.3223,0.2372,0.2004,0.2857,-0.2209,0.2222,0.3184,0.2473,0.2026,0.2844,-0.22,0.2302,0.0,0.0,4.494,4.53,4.541,4.541
1,18,1790610746.574,0.3223,0.2372,0.2002,0.2857,-0.221,0.2223,0.3181,0.2499,0.2039,0.2843,-0.2203,0.2306,0.0,0.0,4.498,4.538,4.541,4.541
1,19,1790610746.607,0.3222,0.2372,0.2003,0.2856,-0.221,0.2224,0.3181,0.2499,0.2039,0.2843,-0.2203,0.2306,0.1,0.0,4.503,4.529,4.541,4.541
1,20,1790610746.641,0.3221,0.2374,0.2003,0.2858,-0.2208,0.2222,0.3178,0.2523,0.2052,0.2843,-0.2206,0.2309,0.0,0.0,4.506,4.524,4.541,4.541
1,21,1790610746.674,0.3222,0.2375,0.2003,0.2858,-0.2209,0.2221,0.3178,0.2523,0.2052,0.2843,-0.2206,0.2309,0.0,0.0,4.51,4.528,4.541,4.541
1,22,1790610746.707,0.3221,0.2373,0.2004,0.2859,-0.2209,0.2222,0.3176,0.2543,0.2064,0.2844,-0.221,0.2309,0.1,0.0,4.494,4.531,4.541,4.541
1,23,1790610746.741,0.3222,0.2375,0.2004,0.2858,-0.2209,0.2221,0.3175,0.2559,0.2075,0.2845,-0.2214,0.2307,0.1,0.1,4.513,4.536,4.541,4.541
1,24,1790610746.774,0.3221,0.2374,0.2003,0.2859,-0.2207,0.2222,0.3175,0.2571,0.2085,0.2848,-0.2219,0.2304,0.0,0.0,4.497,4.53,4.541,4.541
1,25,1790610746.808,0.3222,0.2372,0.2004,0.286,-0.2208,0.2222,0.3175,0.2579,0.2094,0.285,-0.2223,0.2299,0.1,0.0,4.479,4.53,4.541,4.541
1,26,1790610746.841,0.3221,0.2371,0.2006,0.2859,-0.2207,0.2221,0.3175,0.2579,0.2094,0.285,-0.2223,0.2299,0.0,0.0,4.489,4.527,4.541,4.541
1,27,1790610746.875,0.3223,0.2375,0.2003,0.2859,-0.2209,0.2221,0.3177,0.2583,0.2102,0.2852,-0.2226,0.2292,0.1,0.1,4.513,4.541,4.541,4.541
1,28,1790610746.909,0.3221,0.2373,0.2004,0.286,-0.2208,0.222,0.3179,0.2582,0.2109,0.2854,-0.2229,0.2284,0.1,0.0,4.495,4.534,4.541,4.541
1,29,1790610746.942,0.3221,0.2372,0.2002,0.2857,-0.2207,0.2221,0.3179,0.2582,0.2109,0.2854,-0.2229,0.2284,0.0,0.0,4.507,4.522,4.541,4.541
2,0,1790610747.705,0.3166,0.2558,0.2212,0.2857,-0.2273,0.2333,0.3233,0.2372,0.2054,0.2853,-0.2215,0.218,0.2,0.1,4.52,4.502,4.541,4.541
2,1,1790610747.739,0.3168,0.2552,0.2205,0.2861,-0.2276,0.2323,0.3233,0.2369,0.2049,0.2852,-0.2215,0.2179,0.0,0.1,4.502,4.505,4.541,4.541
2,2,1790610747.772,0.3173,0.2545,0.2203,0.2865,-0.2274,0.2313,0.3233,0.2369,0.2049,0.2852,-0.2215,0.2179,0.0,0.1,4.52,4.514,4.541,4.541
2,3,1790610747.805,0.3179,0.2535,0.2198,0.2867,-0.2275,0.2302,0.323,0.2368,0.2051,0.2853,-0.2215,0.2186,0.1,0.1,4.503,4.507,4.541,4.541
2,4,1790610747.839,0.3181,0.2527,0.2193,0.2869,-0.2277,0.2293,0.3224,0.237,0.206,0.2853,-0.2219,0.2195,0.1,0.1,4.506,4.513,4.541,4.541
2,5,1790610747.872,0.3185,0.2519,0.2191,0.287,-0.2277,0.2286,0.3224,0.237,0.206,0.2853,-0.2219,0.2195,0.1,0.0,4.509,4.513,4.541,4.541
2,6,1790610747.906,0.3187,0.2513,0.2184,0.2872,-0.2278,0.2279,0.3217,0.2376,0.2072,0.2855,-0.2225,0.2206,0.1,0.1,4.517,4.514,4.541,4.541
2,7,1790610747.939,0.319,0.2509,0.2184,0.2869,-0.2278,0.2276,0.321,0.2386,0.2087,0.2857,-0.2233,0.2217,0.0,0.0,4.503,4.518,4.541,4.541
2,8,1790610747.972,0.3188,0.2506,0.2185,0.2871,-0.2277,0.2274,0.321,0.2386,0.2087,0.2857,-0.2233,0.2217,0.0,0.0,4.499,4.509,4.541,4.541
2,9,1790610748.006,0.3189,0.2503,0.2185,0.2871,-0.2278,0.2272,0.3203,0.2399,0.2102,0.2861,-0.2244,0.2226,0.0,0.0,4.497,4.51,4.541,4.541
2,10,1790610748.040,0.319,0.2504,0.2183,0.2872,-0.2279,0.2271,0.3197,0.2416,0.2119,0.2865,-0.2256,0.2236,0.0,0.0,4.515,4.518,4.541,4.541
2,11,1790610748.076,0.3189,0.2502,0.2181,0.2872,-0.2278,0.2271,0.3197,0.2416,0.2119,0.2865,-0.2256,0.2236,0.0,0.0,4.502,4.509,4.541,4.541
2,12,1790610748.110,0.319,0.2504,0.2181,0.2873,-0.2279,0.227,0.3191,0.2435,0.2136,0.2868,-0.2267,0.2245,0.0,0.0,4.498,4.513,4.541,4.541
2,13,1790610748.143,0.3191,0.2504,0.2183,0.2873,-0.2277,0.2268,0.3186,0.2456,0.2154,0.2871,-0.2279,0.2254,0.0,0.0,4.502,4.511,4.541,4.541
2,14,1790610748.176,0.3189,0.2501,0.218,0.2873,-0.228,0.2268,0.3186,0.2456,0.2154,0.2871,-0.2279,0.2254,0.0,0.0,4.498,4.511,4.541,4.541
2,15,1790610748.209,0.3189,0.2503,0.218,0.2873,-0.2279,0.2268,0.3181,0.2478,0.2172,0.2874,-0.229,0.2263,0.0,0.1,4.503,4.518,4.541,4.541
2,16,1790610748.243,0.319,0.2502,0.2182,0.2874,-0.2279,0.2268,0.3177,0.2501,0.2191,0.2876,-0.23,0.2271,0.0,0.0,4.495,4.503,4.541,4.541
2,17,1790610748.276,0.3191,0.2502,0.2179,0.2872,-0.2279,0.2267,0.3173,0.2523,0.2209,0.2877,-0.2308,0.2279,0.0,0.0,4.499,4.511,4.541,4.541
2,18,1790610748.310,0.3191,0.2503,0.218,0.2872,-0.2278,0.2268,0.3169,0.2545,0.2228,0.2878,-0.2315,0.2287,0.0,0.0,4.507,4.507,4.541,4.541
2,19,1790610748.344,0.3192,0.2504,0.2179,0.2872,-0.2279,0.2267,0.3169,0.2545,0.2228,0.2878,-0.2315,0.2287,0.0,0.0,4.512,4.513,4.541,4.541
2,20,1790610748.377,0.319,0.2504,0.218,0.287,-0.2277,0.227,0.3166,0.2566,0.2246,0.2879,-0.232,0.2295,0.0,0.0,4.502,4.52,4.541,4.541
2,21,1790610748.410,0.3189,0.2504,0.2178,0.2872,-0.2281,0.2268,0.3163,0.2585,0.2264,0.2879,-0.2325,0.2302,0.0,0.0,4.503,4.506,4.541,4.541
2,22,1790610748.444,0.319,0.2503,0.218,0.2873,-0.2277,0.2268,0.3161,0.2602,0.2281,0.2879,-0.2327,0.2308,0.0,0.0,4.506,4.512,4.541,4.541
2,23,1790610748.477,0.3189,0.2503,0.218,0.2873,-0.228,0.2269,0.3161,0.2602,0.2281,0.2879,-0.2327,0.2308,0.1,0.0,4.498,4.513,4.541,4.541
2,24,1790610748.511,0.319,0.2501,0.2181,0.2874,-0.2276,0.2269,0.316,0.2617,0.2296,0.2878,-0.2328,0.2313,0.0,0.0,4.514,4.508,4.541,4.541
2,25,1790610748.545,0.3191,0.2504,0.2179,0.2873,-0.228,0.227,0.3159,0.2629,0.231,0.2878,-0.2327,0.2318,0.0,0.0,4.486,4.513,4.541,4.541
2,26,1790610748.578,0.3189,0.2504,0.218,0.2874,-0.2277,0.2268,0.3159,0.2638,0.2323,0.2877,-0.2326,0.2322,0.0,0.0,4.497,4.506,4.541,4.541
2,27,1790610748.613,0.319,0.2503,0.2181,0.2874,-0.2278,0.2268,0.3159,0.2638,0.2323,0.2877,-0.2326,0.2322,0.0,0.1,4.499,4.508,4.541,4.541
2,28,1790610748.651,0.3191,0.2503,0.2178,0.2874,-0.228,0.2267,0.316,0.2648,0.2342,0.2877,-0.2321,0.2326,0.0,0.0,4.499,4.526,4.541,4.541
2,29,1790610748.684,0.3191,0.2505,0.2181,0.2875,-0.2279,0.2269,0.316,0.2648,0.2342,0.2877,-0.2321,0.2326,0.0,0.0,4.509,4.512,4.541,4.541
3,0,1790610749.448,0.3167,0.2548,0.2433,0.2919,-0.2302,0.2428,0.3192,0.2546,0.2261,0.2878,-0.2279,0.2291,0.1,0.0,4.53,4.47,4.541,4.541
3,1,1790610749.481,0.3172,0.2526,0.2427,0.2937,-0.2296,0.2435,0.3192,0.2542,0.2254,0.2877,-0.2279,0.229,0.0,0.0,4.503,4.467,4.541,4.541
3,2,1790610749.515,0.3175,0.251,0.2422,0.295,-0.229,0.2437,0.3192,0.2542,0.2254,0.2877,-0.2279,0.229,0.0,0.0,4.502,4.478,4.541,4.541
3,3,1790610749.548,0.3178,0.2492,0.2418,0.296,-0.2281,0.244,0.3189,0.2538,0.2254,0.288,-0.228,0.2293,0.1,0.2,4.515,4.466,4.541,4.541
3,4,1790610749.581,0.3179,0.2483,0.2416,0.2967,-0.2275,0.244,0.3184,0.253,0.2262,0.2887,-0.2284,0.2296,0.1,0.1,4.501,4.457,4.541,4.541
3,5,1790610749.615,0.3182,0.2475,0.2412,0.2974,-0.227,0.2444,0.3184,0.253,0.2262,0.2887,-0.2284,0.2296,0.0,0.1,4.511,4.47,4.541,4.541
3,6,1790610749.648,0.3182,0.2469,0.2412,0.2979,-0.2267,0.2445,0.3178,0.2522,0.2275,0.2898,-0.2291,0.23,0.0,0.1,4.508,4.467,4.541,4.541
3,7,1790610749.682,0.3182,0.2465,0.2411,0.2981,-0.2263,0.2445,0.3172,0.2512,0.2293,0.2912,-0.2298,0.2305,0.0,0.0,4.502,4.462,4.541,4.541
3,8,1790610749.718,0.3182,0.2464,0.2409,0.2981,-0.226,0.2445,0.3172,0.2512,0.2293,0.2912,-0.2298,0.2305,0.0,0.0,4.515,4.467,4.541,4.541
3,9,1790610749.751,0.3183,0.2462,0.241,0.2983,-0.2259,0.2444,0.3167,0.2503,0.2314,0.2926,-0.2305,0.2313,0.0,0.0,4.508,4.458,4.541,4.541
3,10,1790610749.784,0.3182,0.2461,0.2408,0.2986,-0.226,0.2442,0.3162,0.2493,0.2337,0.2941,-0.231,0.2323,0.0,0.0,4.499,4.467,4.541,4.541
3,11,1790610749.818,0.3181,0.246,0.2408,0.2984,-0.2259,0.2441,0.3162,0.2493,0.2337,0.2941,-0.231,0.2323,0.0,0.0,4.493,4.467,4.541,4.541
3,12,1790610749.851,0.3181,0.246,0.2408,0.2984,-0.2259,0.244,0.3159,0.2485,0.2362,0.2955,-0.2313,0.2335,0.1,0.0,4.502,4.464,4.541,4.541
3,13,1790610749.886,0.3182,0.246,0.2407,0.2985,-0.2258,0.2442,0.3157,0.2476,0.2387,0.2968,-0.2314,0.2351,0.0,0.0,4.495,4.462,4.541,4.541
3,14,1790610749.918,0.3181,0.246,0.2408,0.2986,-0.2258,0.244,0.3156,0.2469,0.2413,0.2981,-0.2312,0.2369,0.0,0.0,4.497,4.469,4.541,4.541
3,15,1790610749.952,0.3182,0.2461,0.2407,0.2987,-0.2258,0.244,0.3155,0.2462,0.244,0.2992,-0.2307,0.239,0.0,0.0,4.513,4.47,4.541,4.541
3,16,1790610749.986,0.3184,0.2461,0.2407,0.2985,-0.2259,0.2438,0.3156,0.2456,0.2465,0.3001,-0.2301,0.2413,0.0,0.0,4.51,4.477,4.541,4.541
3,17,1790610750.020,0.3183,0.2461,0.2404,0.2986,-0.2258,0.2438,0.3157,0.2452,0.2489,0.3009,-0.2293,0.2436,0.0,0.0,4.519,4.467,4.541,4.541
3,18,1790610750.053,0.3181,0.2462,0.2406,0.2985,-0.2258,0.2441,0.3157,0.2452,0.2489,0.3009,-0.2293,0.2436,0.0,0.0,4.503,4.462,4.541,4.541
3,19,1790610750.086,0.3181,0.2461,0.2407,0.2986,-0.2258,0.2441,0.316,0.2448,0.2512,0.3015,-0.2284,0.2461,0.0,0.0,4.493,4.47,4.541,4.541
3,20,1790610750.119,0.318,0.2461,0.2406,0.2986,-0.2257,0.244,0.3163,0.2447,0.2532,0.302,-0.2273,0.2485,0.0,0.0,4.495,4.472,4.541,4.541
3,21,1790610750.154,0.3182,0.2461,0.2406,0.2985,-0.2259,0.2441,0.3166,0.2446,0.255,0.3023,-0.2263,0.2509,0.0,0.0,4.5,4.477,4.541,4.541
3,22,1790610750.186,0.3182,0.2461,0.2406,0.2984,-0.2259,0.2442,0.3169,0.2446,0.2566,0.3025,-0.2252,0.2532,0.0,0.0,4.499,4.465,4.541,4.541
3,23,1790610750.220,0.318,0.2461,0.2405,0.2985,-0.2258,0.244,0.3169,0.2446,0.2566,0.3025,-0.2252,0.2532,0.0,0.0,4.486,4.475,4.541,4.541
3,24,1790610750.253,0.3182,0.2461,0.2405,0.2985,-0.2258,0.2442,0.3169,0.2446,0.2566,0.3025,-0.2252,0.2532,0.0,0.0,4.491,4.457,4.541,4.541
3,25,1790610750.286,0.3183,0.2461,0.2404,0.2985,-0.2259,0.2441,0.3173,0.2447,0.2579,0.3026,-0.2242,0.2553,0.0,0.0,4.499,4.462,4.541,4.541
3,26,1790610750.320,0.3181,0.246,0.2406,0.2985,-0.2258,0.2442,0.3177,0.2448,0.2589,0.3026,-0.2232,0.2572,0.0,0.0,4.516,4.48,4.541,4.541
3,27,1790610750.353,0.3183,0.2461,0.2404,0.2986,-0.226,0.2441,0.318,0.245,0.2596,0.3025,-0.2224,0.2588,0.0,0.0,4.493,4.48,4.541,4.541
3,28,1790610750.387,0.3184,0.2461,0.2406,0.2985,-0.2259,0.244,0.3184,0.2453,0.2599,0.3023,-0.2217,0.2601,0.0,0.0,4.493,4.464,4.541,4.541
3,29,1790610750.420,0.3183,0.246,0.2407,0.2986,-0.2258,0.2443,0.3184,0.2453,0.2599,0.3023,-0.2217,0.2601,0.0,0.0,4.51,4.462,4.541,4.541
4,0,1790610751.181,0.316,0.2425,0.2656,0.301,-0.2231,0.2673,0.3195,0.2468,0.2426,0.3003,-0.2226,0.2528,0.1,0.0,4.484,4.494,4.418,4.541
4,1,1790610751.214,0.3162,0.2421,0.265,0.3013,-0.223,0.2674,0.3195,0.2467,0.2418,0.3002,-0.2226,0.2523,0.0,0.0,4.488,4.521,4.418,4.541
4,2,1790610751.247,0.3163,0.2416,0.2646,0.3013,-0.2226,0.2671,0.3195,0.2467,0.2418,0.3002,-0.2226,0.2523,0.0,0.0,4.474,4.5,4.418,4.541
4,3,1790610751.281,0.3166,0.2414,0.2644,0.3015,-0.2228,0.2672,0.3192,0.2464,0.2418,0.3002,-0.2226,0.2523,0.1,0.1,4.491,4.506,4.418,4.541
4,4,1790610751.314,0.3168,0.2412,0.2646,0.3016,-0.2227,0.267,0.3186,0.2457,0.2427,0.3002,-0.2225,0.2529,0.0,0.0,4.492,4.508,4.418,4.541
4,5,1790610751.348,0.317,0.2409,0.2641,0.3015,-0.2227,0.267,0.318,0.2447,0.2442,0.3003,-0.2224,0.254,0.0,0.0,4.494,4.502,4.418,4.541
4,6,1790610751.381,0.3169,0.2409,0.2643,0.3017,-0.2226,0.267,0.3173,0.2436,0.2462,0.3005,-0.2222,0.2555,0.0,0.0,4.476,4.51,4.418,4.541
4,7,1790610751.415,0.3171,0.241,0.2641,0.3016,-0.2226,0.2669,0.3167,0.2424,0.2486,0.3007,-0.2219,0.2572,0.0,0.0,4.493,4.515,4.418,4.541
4,8,1790610751.448,0.3172,0.2408,0.264,0.3014,-0.2227,0.2669,0.3162,0.2413,0.2512,0.3009,-0.2217,0.2592,0.0,0.0,4.486,4.51,4.418,4.541
4,9,1790610751.482,0.3173,0.2409,0.264,0.3018,-0.2226,0.2669,0.3158,0.2403,0.254,0.3011,-0.2214,0.2614,0.0,0.0,4.477,4.518,4.418,4.541
4,10,1790610751.515,0.3173,0.2408,0.264,0.3015,-0.2224,0.2669,0.3158,0.2403,0.254,0.3011,-0.2214,0.2614,0.0,0.0,4.488,4.513,4.418,4.541
4,11,1790610751.549,0.3173,0.2409,0.2637,0.3017,-0.2227,0.2667,0.3156,0.2394,0.2569,0.3013,-0.2211,0.2638,0.0,0.0,4.492,4.505,4.418,4.541
4,12,1790610751.582,0.3173,0.2409,0.2636,0.3016,-0.2227,0.2668,0.3154,0.2387,0.2598,0.3015,-0.2208,0.2662,0.0,0.1,4.492,4.515,4.418,4.541
4,13,1790610751.615,0.3173,0.2408,0.2636,0.3016,-0.2228,0.2669,0.3154,0.2381,0.2628,0.3017,-0.2205,0.2686,0.0,0.0,4.467,4.508,4.418,4.541
4,14,1790610751.649,0.3174,0.2408,0.2638,0.3016,-0.2226,0.2666,0.3154,0.2381,0.2628,0.3017,-0.2205,0.2686,0.0,0.0,4.493,4.5,4.418,4.541
4,15,1790610751.682,0.3176,0.2409,0.2636,0.3017,-0.2228,0.2666,0.3154,0.2376,0.2657,0.3018,-0.2203,0.2709,0.0,0.0,4.498,4.511,4.418,4.541
4,16,1790610751.716,0.3174,0.2409,0.2635,0.3016,-0.2229,0.2667,0.3155,0.2373,0.2684,0.3019,-0.2202,0.2732,0.0,0.0,4.481,4.509,4.418,4.541
4,17,1790610751.749,0.3175,0.241,0.2635,0.3017,-0.2228,0.2666,0.3156,0.2372,0.2711,0.302,-0.2201,0.2753,0.0,0.0,4.499,4.515,4.418,4.541
4,18,1790610751.783,0.3175,0.2408,0.2635,0.3016,-0.2224,0.2666,0.3158,0.2372,0.2735,0.3021,-0.22,0.2772,0.0,0.0,4.492,4.518,4.418,4.541
4,19,1790610751.816,0.3174,0.2408,0.2635,0.3017,-0.2228,0.2667,0.316,0.2373,0.2758,0.3022,-0.2201,0.2789,0.1,0.0,4.482,4.509,4.418,4.541
4,20,1790610751.849,0.3174,0.241,0.2634,0.3017,-0.2228,0.2666,0.3162,0.2375,0.2778,0.3022,-0.2202,0.2804,0.0,0.1,4.481,4.512,4.418,4.541
4,21,1790610751.883,0.3174,0.241,0.2632,0.3018,-0.2228,0.2665,0.3162,0.2375,0.2778,0.3022,-0.2202,0.2804,0.0,0.0,4.491,4.505,4.418,4.541
4,22,1790610751.917,0.3174,0.2409,0.2634,0.3018,-0.2227,0.2666,0.3165,0.2378,0.2796,0.3022,-0.2203,0.2816,0.0,0.1,4.49,4.494,4.418,4.541
4,23,1790610751.950,0.3174,0.2409,0.2634,0.3016,-0.2226,0.2666,0.3167,0.2382,0.2811,0.3023,-0.2205,0.2825,0.0,0.0,4.484,4.502,4.418,4.541
4,24,1790610751.983,0.3175,0.241,0.2634,0.3018,-0.2226,0.2665,0.3169,0.2386,0.2823,0.3023,-0.2208,0.2832,0.0,0.0,4.494,4.505,4.418,4.541
4,25,1790610752.016,0.3174,0.2408,0.2633,0.3016,-0.2227,0.2667,0.3171,0.2391,0.2832,0.3023,-0.2211,0.2835,0.0,0.0,4.481,4.508,4.418,4.541
4,26,1790610752.050,0.3173,0.241,0.2634,0.3018,-0.2225,0.2664,0.3171,0.2391,0.2832,0.3023,-0.2211,0.2835,0.0,0.0,4.499,4.511,4.418,4.541
4,27,1790610752.083,0.3173,0.2409,0.2633,0.3021,-0.2226,0.2664,0.3171,0.2391,0.2832,0.3023,-0.2211,0.2835,0.0,0.0,4.481,4.505,4.418,4.541
4,28,1790610752.116,0.3174,0.2411,0.263,0.3018,-0.2226,0.2663,0.3172,0.2396,0.2837,0.3023,-0.2213,0.2835,0.0,0.0,4.498,4.504,4.418,4.541
4,29,1790610752.150,0.3172,0.2408,0.2631,0.3017,-0.2228,0.2666,0.3174,0.2401,0.2839,0.3023,-0.2217,0.2832,0.0,0.0,4.495,4.505,4.418,4.541
5,0,1790610752.914,0.3156,0.2369,0.2927,0.3016,-0.2229,0.2909,0.3179,0.2437,0.2639,0.302,-0.2247,0.2646,0.1,0.1,4.502,4.518,4.418,4.541
5,1,1790610752.948,0.3158,0.2362,0.2925,0.3018,-0.2226,0.2908,0.3179,0.2436,0.2631,0.302,-0.2247,0.2641,0.0,0.0,4.51,4.517,4.418,4.541
5,2,1790610752.981,0.316,0.2359,0.2924,0.302,-0.2223,0.2907,0.3178,0.2434,0.263,0.3019,-0.2246,0.2644,0.0,0.0,4.497,4.522,4.418,4.541
5,3,1790610753.014,0.3163,0.2354,0.2921,0.3017,-0.2222,0.2906,0.3175,0.2429,0.2639,0.3019,-0.2245,0.2653,0.0,0.0,4.497,4.527,4.541,4.541
5,4,1790610753.048,0.3164,0.2351,0.2918,0.302,-0.2224,0.2906,0.3175,0.2429,0.2639,0.3019,-0.2245,0.2653,0.0,0.0,4.487,4.517,4.541,4.541
5,5,1790610753.082,0.3164,0.235,0.2917,0.3021,-0.2223,0.2904,0.3171,0.2421,0.2654,0.3019,-0.2244,0.2668,0.0,0.0,4.49,4.519,4.541,4.541
5,6,1790610753.115,0.3168,0.235,0.2916,0.302,-0.2221,0.2905,0.3168,0.2411,0.2676,0.3019,-0.2243,0.2688,0.0,0.0,4.489,4.518,4.541,4.541
5,7,1790610753.150,0.3168,0.2348,0.2916,0.302,-0.222,0.2904,0.3168,0.2411,0.2676,0.3019,-0.2243,0.2688,0.0,0.0,4.487,4.515,4.541,4.541
5,8,1790610753.183,0.3169,0.2348,0.2915,0.3019,-0.2221,0.2903,0.3165,0.24,0.2703,0.3019,-0.2241,0.2712,0.0,0.0,4.496,4.53,4.541,4.541
5,9,1790610753.217,0.3168,0.2349,0.2914,0.3019,-0.2221,0.2904,0.3162,0.2388,0.2733,0.3019,-0.2238,0.274,0.0,0.0,4.48,4.512,4.541,4.541
5,10,1790610753.250,0.317,0.2348,0.2912,0.3021,-0.2222,0.29,0.316,0.2375,0.2767,0.3019,-0.2234,0.2771,0.0,0.0,4.488,4.517,4.541,4.541
5,11,1790610753.283,0.317,0.235,0.2912,0.302,-0.2222,0.29,0.3158,0.2363,0.2803,0.3018,-0.223,0.2804,0.0,0.0,4.5,4.523,4.541,4.541
5,12,1790610753.317,0.3169,0.2348,0.2911,0.3018,-0.222,0.2901,0.3158,0.2363,0.2803,0.3018,-0.223,0.2804,0.0,0.0,4.503,4.527,4.541,4.541
5,13,1790610753.350,0.3168,0.2348,0.2913,0.302,-0.222,0.29,0.3157,0.2352,0.2841,0.3017,-0.2226,0.2838,0.0,0.0,4.478,4.512,4.541,4.541
5,14,1790610753.386,0.3169,0.2348,0.2913,0.3018,-0.222,0.2899,0.3156,0.2341,0.2879,0.3016,-0.2222,0.2872,0.0,0.0,4.491,4.517,4.541,4.541
5,15,1790610753.419,0.3169,0.2347,0.2913,0.3019,-0.222,0.2898,0.3156,0.2341,0.2879,0.3016,-0.2222,0.2872,0.0,0.0,4.489,4.524,4.541,4.541
5,16,1790610753.452,0.317,0.2348,0.2912,0.302,-0.2222,0.2898,0.3155,0.2331,0.2918,0.3015,-0.2218,0.2906,0.0,0.0,4.474,4.516,4.541,4.541
5,17,1790610753.486,0.3169,0.2348,0.2909,0.302,-0.2221,0.2897,0.3154,0.2323,0.2955,0.3013,-0.2215,0.294,0.0,0.0,4.479,4.51,4.541,4.541
5,18,1790610753.519,0.3169,0.2348,0.2911,0.3019,-0.2218,0.2898,0.3153,0.2315,0.2992,0.3011,-0.2212,0.2972,0.0,0.0,4.485,4.518,4.541,4.541
5,19,1790610753.553,0.3167,0.2349,0.291,0.302,-0.2219,0.2897,0.3152,0.2309,0.3027,0.3009,-0.2209,0.3002,0.0,0.0,4.481,4.508,4.541,4.541
5,20,1790610753.588,0.3169,0.2349,0.291,0.3019,-0.2219,0.2896,0.3152,0.2309,0.3027,0.3009,-0.2209,0.3002,0.0,0.0,4.492,4.516,4.541,4.541
5,21,1790610753.621,0.3168,0.2348,0.2911,0.3019,-0.2218,0.2897,0.3151,0.2304,0.3059,0.3008,-0.2208,0.3029,0.0,0.0,4.488,4.517,4.541,4.541
5,22,1790610753.654,0.3166,0.2348,0.291,0.3021,-0.2218,0.2898,0.315,0.2301,0.3089,0.3006,-0.2206,0.3054,0.0,0.0,4.483,4.518,4.541,4.541
5,23,1790610753.688,0.3169,0.235,0.2908,0.3019,-0.2217,0.2897,0.3149,0.2299,0.3116,0.3004,-0.2205,0.3075,0.0,0.0,4.485,4.524,4.541,4.541
5,24,1790610753.722,0.3168,0.2348,0.291,0.3019,-0.2214,0.2895,0.3148,0.2299,0.3139,0.3003,-0.2205,0.3093,0.0,0.0,4.481,4.529,4.541,4.541
5,25,1790610753.759,0.3166,0.2348,0.2909,0.3019,-0.2216,0.2896,0.3148,0.2299,0.3139,0.3003,-0.2205,0.3093,0.0,0.0,4.484,4.515,4.541,4.541
5,26,1790610753.793,0.3168,0.2348,0.2912,0.302,-0.2216,0.2894,0.3147,0.23,0.3158,0.3002,-0.2206,0.3106,0.0,0.0,4.484,4.524,4.541,4.541
5,27,1790610753.825,0.3169,0.2348,0.2908,0.3018,-0.2215,0.2895,0.3147,0.2302,0.3173,0.3001,-0.2207,0.3117,0.0,0.0,4.493,4.518,4.541,4.541
5,28,1790610753.859,0.3167,0.2346,0.2909,0.302,-0.2214,0.2896,0.3147,0.2302,0.3173,0.3001,-0.2207,0.3117,0.0,0.0,4.488,4.516,4.541,4.541
5,29,1790610753.892,0.317,0.2346,0.2909,0.3019,-0.2215,0.2895,0.3147,0.2305,0.3183,0.3001,-0.2208,0.3123,0.0,0.0,4.481,4.506,4.541,4.541
6,0,1790610754.664,0.3108,0.2304,0.3248,0.2973,-0.2234,0.3189,0.3171,0.237,0.3012,0.302,-0.2224,0.2961,0.1,0.0,4.478,4.482,4.418,4.541
6,1,1790610754.697,0.3108,0.2302,0.3242,0.2979,-0.2231,0.3184,0.3172,0.237,0.2999,0.302,-0.2224,0.2952,0.0,0.0,4.472,4.489,4.418,4.541
6,2,1790610754.731,0.311,0.2303,0.3236,0.2982,-0.2229,0.3184,0.3172,0.237,0.2999,0.302,-0.2224,0.2952,0.0,0.0,4.483,4.483,4.418,4.541
6,3,1790610754.764,0.3113,0.23,0.3229,0.2983,-0.223,0.3176,0.317,0.2368,0.2994,0.3019,-0.2223,0.295,0.0,0.0,4.487,4.479,4.418,4.541
6,4,1790610754.798,0.3118,0.2298,0.3223,0.2985,-0.2231,0.3173,0.317,0.2368,0.2994,0.3019,-0.2223,0.295,0.0,0.0,4.481,4.494,4.418,4.541
6,5,1790610754.833,0.3121,0.2294,0.322,0.2987,-0.2231,0.317,0.3164,0.2361,0.2998,0.3016,-0.2222,0.2957,0.0,0.0,4.486,4.486,4.418,4.541
6,6,1790610754.866,0.3124,0.2293,0.3212,0.2989,-0.2233,0.3168,0.3156,0.2351,0.301,0.3012,-0.2221,0.2971,0.0,0.0,4.483,4.479,4.418,4.541
6,7,1790610754.900,0.3124,0.2288,0.3211,0.299,-0.2232,0.3166,0.3148,0.2339,0.3028,0.3008,-0.222,0.2991,0.0,0.0,4.477,4.487,4.418,4.541
6,8,1790610754.934,0.3126,0.2286,0.3205,0.299,-0.2233,0.3163,0.314,0.2327,0.3051,0.3004,-0.222,0.3014,0.0,0.0,4.471,4.487,4.418,4.541
6,9,1790610754.967,0.3129,0.2284,0.3204,0.2993,-0.2233,0.3159,0.314,0.2327,0.3051,0.3004,-0.222,0.3014,0.0,0.0,4.481,4.492,4.418,4.541
6,10,1790610755.001,0.3132,0.2284,0.3201,0.2995,-0.2234,0.3157,0.314,0.2327,0.3051,0.3004,-0.222,0.3014,0.0,0.0,4.474,4.474,4.418,4.541
6,11,1790610755.034,0.3129,0.2284,0.3199,0.2994,-0.2234,0.316,0.3132,0.2314,0.3078,0.3,-0.222,0.3042,0.0,0.0,4.478,4.47,4.418,4.541
6,12,1790610755.067,0.3132,0.2283,0.3199,0.2996,-0.2233,0.3153,0.3125,0.2301,0.3108,0.2996,-0.2221,0.3072,0.0,0.0,4.482,4.485,4.418,4.541
6,13,1790610755.101,0.3135,0.2282,0.3196,0.2995,-0.2235,0.3153,0.3125,0.2301,0.3108,0.2996,-0.2221,0.3072,0.0,0.0,4.474,4.481,4.418,4.541
6,14,1790610755.134,0.3134,0.228,0.3195,0.2996,-0.2235,0.3153,0.3118,0.2288,0.3141,0.2992,-0.2222,0.3104,0.0,0.0,4.469,4.485,4.418,4.541
6,15,1790610755.172,0.3134,0.2278,0.3196,0.2997,-0.2232,0.3152,0.3112,0.2277,0.3175,0.2988,-0.2223,0.3137,0.0,0.0,4.462,4.482,4.418,4.541
6,16,1790610755.205,0.3134,0.2277,0.3194,0.2996,-0.2231,0.315,0.3112,0.2277,0.3175,0.2988,-0.2223,0.3137,0.0,0.0,4.461,4.472,4.418,4.541
6,17,1790610755.238,0.3136,0.2277,0.3195,0.2998,-0.2235,0.3149,0.3108,0.2267,0.321,0.2984,-0.2225,0.317,0.0,0.0,4.473,4.487,4.418,4.541
6,18,1790610755.275,0.3137,0.2276,0.3193,0.2996,-0.2232,0.315,0.3103,0.2257,0.3244,0.298,-0.2227,0.3203,0.0,0.0,4.462,4.476,4.418,4.541
6,19,1790610755.308,0.3137,0.2276,0.3194,0.2997,-0.2233,0.3148,0.3103,0.2257,0.3244,0.298,-0.2227,0.3203,0.0,0.0,4.473,4.481,4.418,4.541
6,20,1790610755.342,0.3137,0.2277,0.3193,0.2999,-0.2234,0.3148,0.31,0.225,0.3278,0.2976,-0.2229,0.3235,0.0,0.0,4.47,4.503,4.418,4.541
6,21,1790610755.377,0.3138,0.2277,0.3194,0.3,-0.2233,0.3148,0.3097,0.2243,0.3311,0.2972,-0.2231,0.3266,0.0,0.0,4.475,4.477,4.418,4.541
6,22,1790610755.410,0.3139,0.2277,0.3191,0.2998,-0.2233,0.3148,0.3097,0.2243,0.3311,0.2972,-0.2231,0.3266,0.0,0.0,4.471,4.484,4.418,4.541
6,23,1790610755.443,0.3136,0.2277,0.3194,0.2999,-0.2232,0.315,0.3095,0.2239,0.3341,0.2969,-0.2234,0.3293,0.0,0.0,4.461,4.483,4.418,4.541
6,24,1790610755.477,0.3139,0.2276,0.3192,0.2998,-0.2232,0.3147,0.3095,0.2239,0.3341,0.2969,-0.2234,0.3293,0.0,0.0,4.476,4.486,4.418,4.541
6,25,1790610755.510,0.3138,0.2276,0.3192,0.2997,-0.2234,0.3149,0.3094,0.2235,0.3369,0.2966,-0.2237,0.3318,0.1,0.0,4.469,4.485,4.418,4.541
6,26,1790610755.544,0.3138,0.2276,0.3194,0.2999,-0.2232,0.3147,0.3093,0.2234,0.3394,0.2963,-0.2239,0.3339,0.0,0.0,4.477,4.48,4.418,4.541
6,27,1790610755.577,0.3139,0.2276,0.3192,0.3,-0.2232,0.3148,0.3093,0.2234,0.3394,0.2963,-0.2239,0.3339,0.0,0.0,4.466,4.482,4.418,4.541
6,28,1790610755.610,0.3138,0.2275,0.3191,0.2999,-0.2233,0.3149,0.3093,0.2234,0.3414,0.2961,-0.2242,0.3356,0.1,0.0,4.474,4.486,4.418,4.541
6,29,1790610755.644,0.3136,0.2275,0.3193,0.2998,-0.2231,0.315,0.3093,0.2234,0.3414,0.2961,-0.2242,0.3356,0.0,0.0,4.463,4.479,4.418,4.541
7,0,1790610756.412,0.3072,0.2279,0.3434,0.2931,-0.225,0.3425,0.3119,0.2271,0.3385,0.298,-0.2258,0.3301,0.1,0.1,4.486,4.507,4.418,4.541
7,1,1790610756.446,0.3077,0.2286,0.3415,0.2934,-0.2247,0.3421,0.3121,0.2271,0.3376,0.2982,-0.2257,0.3293,0.1,0.0,4.478,4.522,4.418,4.541
7,2,1790610756.479,0.3077,0.2287,0.34,0.2937,-0.2244,0.3415,0.3121,0.2271,0.3376,0.2982,-0.2257,0.3293,0.0,0.0,4.496,4.506,4.418,4.541
7,3,1790610756.512,0.3077,0.2287,0.3392,0.2939,-0.224,0.3413,0.312,0.227,0.337,0.298,-0.2256,0.3293,0.0,0.0,4.472,4.499,4.418,4.541
7,4,1790610756.545,0.3078,0.2286,0.3385,0.2941,-0.2237,0.3408,0.3117,0.2269,0.3369,0.2975,-0.2255,0.33,0.0,0.0,4.478,4.511,4.541,4.541
7,5,1790610756.579,0.3079,0.2285,0.3378,0.2941,-0.2234,0.3402,0.3117,0.2269,0.3369,0.2975,-0.2255,0.33,0.0,0.0,4.51,4.491,4.541,4.541
7,6,1790610756.612,0.3079,0.2281,0.3376,0.2941,-0.2232,0.3399,0.3112,0.2266,0.3372,0.2969,-0.2253,0.3313,0.0,0.0,4.473,4.506,4.541,4.541
7,7,1790610756.646,0.3077,0.2279,0.3374,0.2941,-0.2232,0.3396,0.3112,0.2266,0.3372,0.2969,-0.2253,0.3313,0.0,0.0,4.48,4.501,4.541,4.541
7,8,1790610756.679,0.3077,0.2276,0.3374,0.294,-0.223,0.3395,0.3105,0.2263,0.3377,0.2962,-0.225,0.333,0.0,0.0,4.471,4.506,4.541,4.541
7,9,1790610756.716,0.3078,0.2275,0.3372,0.2941,-0.2229,0.3394,0.3105,0.2263,0.3377,0.2962,-0.225,0.333,0.0,0.0,4.472,4.504,4.541,4.541
7,10,1790610756.749,0.3076,0.2276,0.3372,0.2942,-0.2228,0.3392,0.3097,0.226,0.3384,0.2954,-0.2247,0.3349,0.0,0.0,4.459,4.507,4.541,4.541
7,11,1790610756.782,0.3077,0.2274,0.3369,0.294,-0.2225,0.3391,0.3089,0.2258,0.3393,0.2946,-0.2243,0.3371,0.0,0.0,4.462,4.503,4.541,4.541
7,12,1790610756.818,0.3077,0.2274,0.337,0.2944,-0.2227,0.3389,0.3089,0.2258,0.3393,0.2946,-0.2243,0.3371,0.0,0.1,4.471,4.514,4.541,4.541
7,13,1790610756.851,0.3076,0.2275,0.3369,0.2943,-0.2227,0.3391,0.3081,0.2255,0.3403,0.2937,-0.2238,0.3395,0.0,0.0,4.466,4.499,4.541,4.541
7,14,1790610756.884,0.3077,0.2276,0.3368,0.2942,-0.2228,0.339,0.3073,0.2253,0.3414,0.2929,-0.2234,0.3419,0.0,0.0,4.463,4.501,4.541,4.541
7,15,1790610756.918,0.3077,0.2277,0.337,0.2945,-0.2227,0.3388,0.3073,0.2253,0.3414,0.2929,-0.2234,0.3419,0.0,0.0,4.47,4.51,4.541,4.541
7,16,1790610756.951,0.3076,0.2274,0.3369,0.2943,-0.2224,0.3388,0.3065,0.2252,0.3425,0.2921,-0.223,0.3443,0.0,0.0,4.467,4.507,4.541,4.541
7,17,1790610756.985,0.3076,0.2274,0.3367,0.2942,-0.2224,0.3387,0.3057,0.2252,0.3436,0.2913,-0.2226,0.3466,0.0,0.0,4.463,4.498,4.541,4.541
7,18,1790610757.019,0.3076,0.2274,0.3371,0.2942,-0.2223,0.3387,0.3051,0.2253,0.3446,0.2907,-0.2223,0.3487,0.0,0.0,4.455,4.502,4.541,4.541
7,19,1790610757.053,0.3078,0.2277,0.3368,0.2941,-0.2224,0.3389,0.3045,0.2254,0.3456,0.2901,-0.2221,0.3507,0.0,0.0,4.452,4.502,4.541,4.541
7,20,1790610757.086,0.3078,0.2277,0.3367,0.2944,-0.2226,0.3387,0.3045,0.2254,0.3456,0.2901,-0.2221,0.3507,0.1,0.0,4.464,4.511,4.541,4.541
7,21,1790610757.120,0.3077,0.2279,0.3366,0.2943,-0.2224,0.3387,0.3041,0.2257,0.3464,0.2897,-0.2219,0.3524,0.0,0.0,4.46,4.492,4.541,4.541
7,22,1790610757.153,0.3077,0.2279,0.3366,0.2941,-0.2224,0.3387,0.3041,0.2257,0.3464,0.2897,-0.2219,0.3524,0.0,0.0,4.45,4.502,4.541,4.541
7,23,1790610757.187,0.3075,0.2279,0.3368,0.2942,-0.2222,0.3388,0.3037,0.2261,0.3472,0.2893,-0.2218,0.3539,0.0,0.0,4.448,4.494,4.418,4.541
7,24,1790610757.220,0.3078,0.2279,0.3366,0.2942,-0.2224,0.3387,0.3035,0.2265,0.3478,0.2891,-0.2218,0.355,0.0,0.0,4.449,4.512,4.418,4.541
7,25,1790610757.257,0.3078,0.2281,0.3365,0.2941,-0.2222,0.3386,0.3035,0.2265,0.3478,0.2891,-0.2218,0.355,0.0,0.0,4.449,4.512,4.418,4.541
7,26,1790610757.290,0.3077,0.228,0.3367,0.2942,-0.2223,0.3386,0.3034,0.227,0.3482,0.289,-0.2218,0.3559,0.0,0.0,4.469,4.508,4.418,4.541
7,27,1790610757.323,0.3079,0.228,0.3365,0.2942,-0.2224,0.3385,0.3033,0.2276,0.3484,0.289,-0.2218,0.3564,0.0,0.0,4.454,4.495,4.418,4.541
7,28,1790610757.357,0.3079,0.2282,0.3364,0.2942,-0.2224,0.3384,0.3034,0.2282,0.3485,0.2891,-0.2219,0.3566,0.0,0.0,4.456,4.506,4.418,4.541
7,29,1790610757.390,0.3077,0.228,0.3362,0.2942,-0.222,0.3385,0.3035,0.2288,0.3484,0.2893,-0.222,0.3564,0.0,0.0,4.451,4.499,4.418,4.541
8,0,1790610758.149,0.3024,0.2302,0.3509,0.2869,-0.2246,0.3607,0.3073,0.2312,0.3357,0.2944,-0.2226,0.34,0.0,0.0,4.507,4.516,4.418,4.541
8,1,1790610758.183,0.3027,0.2301,0.3504,0.2873,-0.2246,0.3604,0.3074,0.2311,0.3353,0.2944,-0.2226,0.3397,0.0,0.0,4.484,4.524,4.418,4.541
8,2,1790610758.216,0.3029,0.2301,0.3504,0.2874,-0.2246,0.3604,0.3073,0.231,0.3353,0.2942,-0.2225,0.3399,0.0,0.0,4.498,4.498,4.418,4.541
8,3,1790610758.250,0.3032,0.2304,0.3501,0.2877,-0.2246,0.3603,0.307,0.2308,0.3356,0.2938,-0.2225,0.3408,0.0,0.0,4.503,4.506,4.418,4.541
8,4,1790610758.283,0.3035,0.2302,0.35,0.2878,-0.2247,0.36,0.3066,0.2307,0.3362,0.2932,-0.2227,0.3421,0.0,0.0,4.509,4.502,4.418,4.541
8,5,1790610758.316,0.3034,0.2304,0.3499,0.2879,-0.2245,0.3599,0.3062,0.2307,0.3371,0.2926,-0.2229,0.3439,0.0,0.0,4.489,4.5,4.541,4.541
8,6,1790610758.350,0.3039,0.2306,0.3498,0.2878,-0.2246,0.3599,0.3062,0.2307,0.3371,0.2926,-0.2229,0.3439,0.0,0.0,4.483,4.502,4.541,4.541
8,7,1790610758.383,0.3037,0.2307,0.3497,0.288,-0.2245,0.3596,0.3057,0.2307,0.3382,0.2918,-0.2229,0.3459,0.0,0.0,4.485,4.488,4.541,4.541
8,8,1790610758.417,0.3039,0.2308,0.3496,0.2881,-0.2244,0.3596,0.3053,0.2307,0.3395,0.2911,-0.2231,0.3482,0.0,0.0,4.488,4.502,4.541,4.541
8,9,1790610758.450,0.304,0.2309,0.3493,0.2878,-0.2245,0.3596,0.305,0.2308,0.341,0.2903,-0.2233,0.3507,0.0,0.0,4.49,4.501,4.541,4.541
8,10,1790610758.483,0.304,0.2309,0.3496,0.288,-0.2244,0.3596,0.3046,0.2309,0.3427,0.2895,-0.2235,0.3533,0.0,0.0,4.479,4.498,4.541,4.541
8,11,1790610758.517,0.3041,0.2309,0.3492,0.288,-0.2247,0.3596,0.3046,0.2309,0.3427,0.2895,-0.2235,0.3533,0.0,0.0,4.481,4.482,4.541,4.541
8,12,1790610758.550,0.304,0.2311,0.3492,0.2883,-0.2244,0.3594,0.3042,0.2311,0.3444,0.2886,-0.2237,0.356,0.0,0.0,4.479,4.501,4.541,4.541
8,13,1790610758.584,0.3041,0.231,0.3492,0.2882,-0.2244,0.3594,0.3038,0.2313,0.3463,0.2878,-0.2239,0.3587,0.0,0.0,4.479,4.498,4.541,4.541
8,14,1790610758.618,0.3044,0.2311,0.3488,0.2884,-0.2246,0.3589,0.3038,0.2313,0.3463,0.2878,-0.2239,0.3587,0.0,0.0,4.49,4.506,4.541,4.541
8,15,1790610758.652,0.3044,0.231,0.349,0.2882,-0.2245,0.3591,0.3034,0.2315,0.3481,0.2869,-0.2241,0.3613,0.0,0.0,4.491,4.501,4.541,4.541
8,16,1790610758.685,0.3045,0.231,0.3488,0.2884,-0.2245,0.3593,0.3031,0.2317,0.35,0.2861,-0.2243,0.3638,0.0,0.0,4.484,4.509,4.541,4.541
8,17,1790610758.719,0.3044,0.2311,0.3489,0.2885,-0.2245,0.3591,0.3027,0.2319,0.3519,0.2854,-0.2246,0.3662,0.1,0.0,4.461,4.503,4.541,4.541
8,18,1790610758.753,0.3045,0.231,0.3488,0.2884,-0.2245,0.359,0.3027,0.2319,0.3519,0.2854,-0.2246,0.3662,0.1,0.0,4.49,4.504,4.541,4.541
8,19,1790610758.786,0.3044,0.231,0.3491,0.2884,-0.2244,0.3591,0.3023,0.2321,0.3537,0.2847,-0.2248,0.3685,0.0,0.0,4.484,4.499,4.541,4.541
8,20,1790610758.819,0.3045,0.231,0.3489,0.2885,-0.2245,0.359,0.302,0.2323,0.3554,0.284,-0.2251,0.3705,0.0,0.0,4.488,4.501,4.541,4.541
8,21,1790610758.853,0.3047,0.2312,0.3487,0.2882,-0.2245,0.3591,0.3017,0.2324,0.357,0.2835,-0.2253,0.3723,0.0,0.0,4.478,4.507,4.541,4.541
8,22,1790610758.886,0.3044,0.2311,0.3488,0.2884,-0.2243,0.3591,0.3014,0.2325,0.3584,0.283,-0.2255,0.3738,0.0,0.0,4.473,4.487,4.541,4.541
8,23,1790610758.920,0.3045,0.2314,0.3487,0.2885,-0.2243,0.3589,0.3011,0.2326,0.3597,0.2827,-0.2257,0.375,0.0,0.0,4.489,4.484,4.541,4.541
8,24,1790610758.953,0.3045,0.2309,0.3487,0.2883,-0.2246,0.3589,0.3011,0.2326,0.3597,0.2827,-0.2257,0.375,0.0,0.0,4.464,4.498,4.541,4.541
8,25,1790610758.987,0.3046,0.2312,0.3487,0.2885,-0.2244,0.3587,0.3009,0.2327,0.3608,0.2824,-0.226,0.376,0.0,0.0,4.486,4.504,4.541,4.541
8,26,1790610759.020,0.3045,0.2311,0.3488,0.2882,-0.2244,0.359,0.3007,0.2328,0.3617,0.2822,-0.2261,0.3766,0.0,0.0,4.479,4.506,4.541,4.541
8,27,1790610759.053,0.3046,0.2312,0.3487,0.2884,-0.2244,0.3589,0.3007,0.2328,0.3617,0.2822,-0.2261,0.3766,0.0,0.0,4.475,4.501,4.541,4.541
8,28,1790610759.087,0.3047,0.2311,0.3487,0.2885,-0.2242,0.3588,0.3007,0.2328,0.3617,0.2822,-0.2261,0.3766,0.0,0.0,4.481,4.49,4.541,4.541
8,29,1790610759.120,0.3045,0.2312,0.3485,0.2883,-0.2244,0.359,0.3006,0.2328,0.3624,0.2822,-0.2262,0.3769,0.0,0.0,4.482,4.505,4.541,4.541
9,0,1790610759.893,0.2978,0.2305,0.3666,0.2789,-0.2269,0.3811,0.3044,0.2319,0.3517,0.2885,-0.2256,0.3598,0.1,0.0,4.479,4.492,4.418,4.541
9,1,1790610759.925,0.298,0.23,0.3665,0.2792,-0.2268,0.3809,0.3046,0.2318,0.3512,0.2887,-0.2256,0.3594,0.0,0.0,4.49,4.503,4.418,4.541
9,2,1790610759.959,0.2983,0.23,0.3659,0.2792,-0.2268,0.3807,0.3046,0.2318,0.3512,0.2887,-0.2256,0.3594,0.0,0.0,4.478,4.485,4.418,4.541
9,3,1790610759.992,0.2985,0.2298,0.3656,0.2793,-0.2267,0.3807,0.3045,0.2317,0.3513,0.2884,-0.2255,0.3596,0.0,0.1,4.498,4.505,4.541,4.541
9,4,1790610760.026,0.2986,0.2297,0.3657,0.2794,-0.2268,0.3804,0.304,0.2314,0.3519,0.2879,-0.2255,0.3606,0.0,0.0,4.468,4.504,4.541,4.541
9,5,1790610760.059,0.2988,0.2297,0.3657,0.2794,-0.2267,0.3803,0.304,0.2314,0.3519,0.2879,-0.2255,0.3606,0.0,0.0,4.496,4.509,4.541,4.541
9,6,1790610760.093,0.2991,0.2297,0.3651,0.2794,-0.2268,0.3801,0.3033,0.231,0.3529,0.287,-0.2254,0.362,0.0,0.0,4.488,4.491,4.541,4.541
9,7,1790610760.126,0.2991,0.2294,0.3651,0.2794,-0.2269,0.3798,0.3026,0.2305,0.3542,0.2861,-0.2254,0.3639,0.0,0.0,4.482,4.502,4.541,4.541
9,8,1790610760.160,0.2994,0.2294,0.3649,0.2795,-0.2269,0.3797,0.3018,0.2301,0.3558,0.285,-0.2253,0.3661,0.0,0.0,4.481,4.482,4.541,4.541
9,9,1790610760.194,0.2992,0.2293,0.3648,0.2794,-0.2268,0.3797,0.3018,0.2301,0.3558,0.285,-0.2253,0.3661,0.0,0.0,4.467,4.504,4.541,4.541
9,10,1790610760.228,0.2994,0.2293,0.3647,0.2795,-0.2268,0.3794,0.3003,0.2292,0.3594,0.2825,-0.2254,0.3713,0.0,0.0,4.477,4.485,4.541,4.541
9,11,1790610760.261,0.2996,0.2293,0.3647,0.2794,-0.2267,0.3794,0.3003,0.2292,0.3594,0.2825,-0.2254,0.3713,0.0,0.0,4.472,4.498,4.541,4.541
9,12,1790610760.294,0.2996,0.2293,0.3647,0.2792,-0.2268,0.3793,0.2996,0.2288,0.3614,0.2812,-0.2255,0.3741,0.0,0.0,4.473,4.505,4.541,4.541
9,13,1790610760.328,0.2995,0.2292,0.3644,0.2796,-0.227,0.3792,0.2989,0.2285,0.3634,0.2799,-0.2256,0.377,0.0,0.0,4.466,4.498,4.541,4.541
9,14,1790610760.361,0.2996,0.2293,0.3646,0.2796,-0.227,0.379,0.2989,0.2285,0.3634,0.2799,-0.2256,0.377,0.0,0.0,4.48,4.496,4.541,4.541
9,15,1790610760.394,0.2996,0.2293,0.3646,0.2796,-0.2269,0.3791,0.2982,0.2282,0.3654,0.2785,-0.2257,0.3799,0.1,0.1,4.467,4.5,4.541,4.541
9,16,1790610760.428,0.2996,0.2293,0.3646,0.2795,-0.2268,0.379,0.2976,0.228,0.3674,0.2772,-0.2259,0.3828,0.1,0.0,4.476,4.496,4.418,4.541
9,17,1790610760.461,0.2992,0.2291,0.3648,0.2794,-0.2266,0.379,0.297,0.2279,0.3693,0.2759,-0.2261,0.3855,0.0,0.0,4.478,4.504,4.418,4.541
9,18,1790610760.495,0.2994,0.2292,0.3646,0.2795,-0.2266,0.3791,0.2965,0.2279,0.3711,0.2748,-0.2263,0.388,0.0,0.1,4.465,4.508,4.418,4.541
9,19,1790610760.528,0.2995,0.2293,0.3645,0.2796,-0.2268,0.3788,0.2965,0.2279,0.3711,0.2748,-0.2263,0.388,0.0,0.0,4.473,4.496,4.418,4.541
9,20,1790610760.562,0.2996,0.2294,0.3647,0.2795,-0.2266,0.3788,0.2961,0.2279,0.3728,0.2737,-0.2266,0.3903,0.0,0.0,4.476,4.493,4.418,4.541
9,21,1790610760.595,0.2996,0.2294,0.3645,0.2796,-0.2266,0.3788,0.2956,0.2279,0.3744,0.2728,-0.2269,0.3924,0.0,0.1,4.48,4.497,4.418,4.541
9,22,1790610760.630,0.2996,0.2294,0.3647,0.2797,-0.2265,0.3787,0.2956,0.2279,0.3744,0.2728,-0.2269,0.3924,0.0,0.0,4.475,4.494,4.418,4.541
9,23,1790610760.663,0.2995,0.2294,0.3646,0.2795,-0.2265,0.3787,0.2953,0.228,0.3758,0.272,-0.2272,0.3943,0.0,0.0,4.462,4.494,4.418,4.541
9,24,1790610760.697,0.2996,0.2295,0.3645,0.2795,-0.2265,0.3788,0.295,0.2282,0.377,0.2713,-0.2274,0.3958,0.0,0.1,4.477,4.498,4.418,4.541
9,25,1790610760.730,0.2993,0.2292,0.3645,0.2796,-0.2264,0.3788,0.2947,0.2284,0.378,0.2708,-0.2277,0.397,0.1,0.0,4.47,4.512,4.418,4.541
9,26,1790610760.764,0.2996,0.2293,0.3643,0.2797,-0.2264,0.3786,0.2946,0.2286,0.3788,0.2705,-0.228,0.3979,0.0,0.0,4.469,4.501,4.418,4.541
9,27,1790610760.797,0.2996,0.2293,0.3642,0.2796,-0.2265,0.3784,0.2945,0.2288,0.3793,0.2703,-0.2283,0.3985,0.0,0.0,4.469,4.498,4.418,4.541
9,28,1790610760.831,0.2997,0.2292,0.3641,0.2798,-0.2264,0.3784,0.2944,0.2291,0.3796,0.2703,-0.2285,0.3987,0.0,0.0,4.465,4.501,4.418,4.541
9,29,1790610760.864,0.2998,0.2293,0.364,0.2796,-0.2264,0.3784,0.2944,0.2291,0.3796,0.2703,-0.2285,0.3987,0.0,0.0,4.476,4.492,4.418,4.541
10,0,1790610761.633,0.2921,0.2247,0.3789,0.2666,-0.2309,0.3995,0.2995,0.2309,0.3666,0.279,-0.2281,0.3806,0.0,0.0,4.39,4.477,4.418,4.541
10,1,1790610761.666,0.2923,0.223,0.3759,0.2668,-0.231,0.3975,0.2995,0.2309,0.3666,0.279,-0.2281,0.3806,0.0,0.1,4.363,4.466,4.418,4.541
10,2,1790610761.701,0.2929,0.2217,0.3734,0.2669,-0.2311,0.3959,0.2996,0.2308,0.3662,0.2792,-0.228,0.3802,0.1,0.0,4.348,4.49,4.418,4.541
10,3,1790610761.733,0.2931,0.2202,0.3708,0.2672,-0.2311,0.3937,0.2995,0.2306,0.3662,0.2788,-0.2281,0.3804,0.0,0.1,4.373,4.477,4.418,4.418
10,4,1790610761.767,0.2933,0.2191,0.3684,0.2671,-0.2309,0.3922,0.2987,0.2297,0.3666,0.2778,-0.2279,0.3812,0.0,0.1,4.361,4.486,4.295,4.418
10,5,1790610761.800,0.2936,0.2183,0.3667,0.2674,-0.2307,0.3903,0.2987,0.2297,0.3666,0.2778,-0.2279,0.3812,0.1,0.0,4.36,4.462,4.295,4.418
10,6,1790610761.834,0.2941,0.2175,0.365,0.2671,-0.2303,0.389,0.2974,0.2282,0.3675,0.2763,-0.2278,0.3824,0.1,0.1,4.353,4.477,4.295,4.418
10,7,1790610761.867,0.2942,0.2172,0.3647,0.2676,-0.2302,0.3879,0.2959,0.2263,0.3684,0.2746,-0.2276,0.3839,0.1,0.1,4.381,4.475,4.295,4.418
10,8,1790610761.900,0.2941,0.2166,0.3642,0.2675,-0.2297,0.3876,0.2943,0.2242,0.3695,0.2728,-0.2274,0.3855,0.1,0.0,4.368,4.458,4.295,4.418
10,9,1790610761.934,0.2943,0.2165,0.3641,0.2674,-0.2294,0.3872,0.2928,0.2219,0.3706,0.2708,-0.2273,0.3873,0.0,0.0,4.374,4.467,4.295,4.418
10,10,1790610761.967,0.2947,0.2161,0.3637,0.2675,-0.2295,0.3868,0.2928,0.2219,0.3706,0.2708,-0.2273,0.3873,0.0,0.0,4.363,4.472,4.295,4.418
10,11,1790610762.001,0.2948,0.2158,0.3633,0.2674,-0.2291,0.3863,0.2912,0.2195,0.3715,0.2687,-0.2271,0.389,0.0,0.0,4.342,4.471,4.295,4.418
10,12,1790610762.034,0.2949,0.2158,0.3631,0.2672,-0.229,0.386,0.2898,0.2172,0.3723,0.2666,-0.227,0.3907,0.0,0.0,4.331,4.468,4.295,4.418
10,13,1790610762.068,0.2949,0.2157,0.3629,0.2674,-0.2291,0.3861,0.2898,0.2172,0.3723,0.2666,-0.227,0.3907,0.0,0.0,4.332,4.473,4.295,4.418
10,14,1790610762.101,0.2952,0.2157,0.3625,0.2673,-0.2293,0.386,0.2887,0.2149,0.373,0.2647,-0.2269,0.3923,0.0,0.0,4.333,4.468,4.295,4.541
10,15,1790610762.134,0.2952,0.2154,0.3624,0.2672,-0.2292,0.3857,0.2879,0.213,0.3734,0.2629,-0.2269,0.3938,0.0,0.0,4.318,4.475,4.295,4.541
10,16,1790610762.168,0.2953,0.2151,0.3621,0.2674,-0.2292,0.3855,0.2879,0.213,0.3734,0.2629,-0.2269,0.3938,0.0,0.0,4.348,4.487,4.295,4.541
10,17,1790610762.201,0.2954,0.2149,0.3618,0.2673,-0.2293,0.3853,0.2874,0.2113,0.3735,0.2613,-0.2269,0.3951,0.0,0.0,4.312,4.463,4.295,4.541
10,18,1790610762.235,0.2954,0.2149,0.3615,0.2673,-0.2292,0.385,0.2873,0.2099,0.3734,0.2599,-0.2272,0.3962,0.0,0.0,4.333,4.475,4.295,4.541
10,19,1790610762.268,0.2953,0.2147,0.3616,0.2671,-0.2289,0.3851,0.2875,0.2089,0.373,0.2589,-0.2276,0.3971,0.0,0.0,4.313,4.469,4.295,4.541
10,20,1790610762.301,0.2953,0.2147,0.3614,0.2672,-0.2289,0.3849,0.288,0.2082,0.3724,0.2581,-0.2281,0.3978,0.0,0.0,4.324,4.47,4.295,4.541
10,21,1790610762.335,0.2955,0.2145,0.3611,0.2671,-0.2289,0.3847,0.2886,0.2077,0.3716,0.2575,-0.2287,0.3982,0.0,0.0,4.33,4.472,4.295,4.541
10,22,1790610762.369,0.2957,0.2146,0.3612,0.2672,-0.2291,0.3848,0.2894,0.2075,0.3706,0.2572,-0.2293,0.3984,0.0,0.0,4.312,4.456,4.295,4.541
10,23,1790610762.402,0.2958,0.2143,0.361,0.2673,-0.2291,0.3845,0.2894,0.2075,0.3706,0.2572,-0.2293,0.3984,0.0,0.0,4.326,4.481,4.295,4.541
10,24,1790610762.436,0.2956,0.2143,0.3607,0.2672,-0.2291,0.3846,0.2904,0.2075,0.3694,0.257,-0.2299,0.3985,0.0,0.0,4.324,4.478,4.295,4.541
10,25,1790610762.469,0.2956,0.2142,0.361,0.2674,-0.229,0.3845,0.2914,0.2077,0.3681,0.2571,-0.2305,0.3983,0.0,0.0,4.313,4.485,4.295,4.541
10,26,1790610762.504,0.2958,0.2142,0.3608,0.2674,-0.229,0.3843,0.2914,0.2077,0.3681,0.2571,-0.2305,0.3983,0.0,0.0,4.33,4.472,4.295,4.541
10,27,1790610762.537,0.2956,0.2141,0.3605,0.2673,-0.229,0.3845,0.2925,0.2081,0.3665,0.2574,-0.2311,0.3978,0.0,0.0,4.316,4.476,4.295,4.541
10,28,1790610762.571,0.2957,0.214,0.3606,0.267,-0.2289,0.3844,0.2936,0.2086,0.3649,0.2579,-0.2317,0.3971,0.0,0.0,4.325,4.488,4.295,4.541
10,29,1790610762.604,0.2956,0.2141,0.3606,0.2671,-0.2288,0.3842,0.2936,0.2086,0.3649,0.2579,-0.2317,0.3971,0.0,0.0,4.326,4.471,4.295,4.541
11,0,1790610763.369,0.2927,0.2078,0.3662,0.2546,-0.2313,0.4026,0.3018,0.2136,0.3443,0.2693,-0.232,0.3767,0.0,0.1,4.443,4.498,4.295,4.541
11,1,1790610763.402,0.2929,0.2077,0.3657,0.2548,-0.2311,0.4022,0.3018,0.2135,0.3443,0.2694,-0.2319,0.3764,0.0,0.0,4.462,4.517,4.295,4.541
11,2,1790610763.435,0.2931,0.2079,0.3655,0.255,-0.231,0.402,0.3018,0.2135,0.3443,0.2694,-0.2319,0.3764,0.0,0.0,4.457,4.508,4.295,4.541
11,3,1790610763.469,0.2931,0.2078,0.3653,0.2554,-0.2308,0.4019,0.3017,0.2134,0.3446,0.269,-0.2318,0.3766,0.0,0.0,4.453,4.495,4.418,4.541
11,4,1790610763.502,0.2934,0.2079,0.365,0.2554,-0.2308,0.4015,0.3011,0.2128,0.3453,0.268,-0.2316,0.3775,0.0,0.0,4.468,4.497,4.541,4.541
11,5,1790610763.536,0.2936,0.208,0.3645,0.2556,-0.2307,0.4013,0.3004,0.2119,0.3463,0.2667,-0.2313,0.379,0.0,0.0,4.475,4.52,4.541,4.541
11,6,1790610763.569,0.2938,0.2078,0.3643,0.2557,-0.2308,0.4011,0.2996,0.2109,0.3476,0.2653,-0.231,0.381,0.0,0.0,4.46,4.513,4.541,4.541
11,7,1790610763.602,0.2939,0.2077,0.3638,0.256,-0.2308,0.4009,0.2996,0.2109,0.3476,0.2653,-0.231,0.381,0.0,0.0,4.451,4.507,4.541,4.541
11,8,1790610763.636,0.2942,0.2077,0.3633,0.2562,-0.2308,0.4003,0.2979,0.2086,0.3505,0.262,-0.2305,0.3857,0.0,0.0,4.463,4.498,4.418,4.541
11,9,1790610763.670,0.2945,0.2076,0.3628,0.2565,-0.2309,0.3999,0.2979,0.2086,0.3505,0.262,-0.2305,0.3857,0.0,0.0,4.457,4.493,4.418,4.541
11,10,1790610763.703,0.2946,0.2074,0.3624,0.2568,-0.2307,0.3996,0.2971,0.2076,0.3521,0.2604,-0.2304,0.3885,0.0,0.0,4.447,4.496,4.418,4.541
11,11,1790610763.737,0.2948,0.2075,0.3617,0.2569,-0.2306,0.3988,0.2971,0.2076,0.3521,0.2604,-0.2304,0.3885,0.0,0.0,4.438,4.494,4.418,4.541
11,12,1790610763.770,0.2951,0.2071,0.361,0.2572,-0.2305,0.3983,0.2964,0.2066,0.3538,0.2587,-0.2303,0.3913,0.0,0.0,4.436,4.491,4.418,4.541
11,13,1790610763.803,0.2954,0.2071,0.3602,0.2577,-0.2305,0.3977,0.2964,0.2066,0.3538,0.2587,-0.2303,0.3913,0.0,0.0,4.442,4.505,4.418,4.541
11,14,1790610763.838,0.2957,0.2069,0.3596,0.258,-0.2306,0.3969,0.2952,0.2049,0.3573,0.2556,-0.2303,0.3971,0.0,0.0,4.423,4.491,4.418,4.541
11,15,1790610763.872,0.2959,0.2067,0.3584,0.2583,-0.2306,0.3964,0.2952,0.2049,0.3573,0.2556,-0.2303,0.3971,0.0,0.0,4.437,4.491,4.418,4.541
11,16,1790610763.905,0.2962,0.2067,0.358,0.2586,-0.2306,0.3956,0.2947,0.2043,0.359,0.2542,-0.2303,0.3999,0.0,0.0,4.438,4.493,4.418,4.541
11,17,1790610763.939,0.2962,0.2067,0.3573,0.2588,-0.2302,0.3949,0.2942,0.2037,0.3605,0.2528,-0.2304,0.4025,0.0,0.0,4.448,4.503,4.418,4.541
11,18,1790610763.972,0.2965,0.2068,0.3571,0.2589,-0.2303,0.3947,0.2939,0.2033,0.362,0.2517,-0.2305,0.4049,0.0,0.0,4.444,4.507,4.418,4.541
11,19,1790610764.005,0.2965,0.2068,0.3566,0.259,-0.2299,0.3944,0.2936,0.203,0.3632,0.2506,-0.2306,0.4071,0.0,0.0,4.433,4.503,4.418,4.541
11,20,1790610764.039,0.2966,0.2068,0.3568,0.2591,-0.2298,0.3942,0.2934,0.2028,0.3644,0.2498,-0.2307,0.4089,0.0,0.0,4.439,4.512,4.418,4.541
11,21,1790610764.073,0.2966,0.2069,0.3566,0.2592,-0.2297,0.394,0.2934,0.2028,0.3644,0.2498,-0.2307,0.4089,0.0,0.0,4.419,4.503,4.418,4.541
11,22,1790610764.107,0.2966,0.207,0.3567,0.2593,-0.2298,0.3937,0.2933,0.2027,0.366,0.2485,-0.2308,0.4117,0.1,0.0,4.405,4.506,4.418,4.541
11,23,1790610764.143,0.2965,0.2069,0.3564,0.2594,-0.2297,0.3936,0.2933,0.2027,0.366,0.2485,-0.2308,0.4117,0.0,0.0,4.385,4.504,4.418,4.541
11,24,1790610764.176,0.2966,0.2069,0.3562,0.2593,-0.2297,0.3936,0.2933,0.2028,0.3666,0.2482,-0.2309,0.4126,0.0,0.1,4.373,4.5,4.418,4.541
11,25,1790610764.209,0.2966,0.207,0.3561,0.2593,-0.2295,0.3933,0.2934,0.2031,0.367,0.248,-0.2309,0.4132,0.0,0.0,4.364,4.504,4.418,4.541
11,26,1790610764.243,0.2966,0.207,0.3561,0.2595,-0.2296,0.3934,0.2935,0.2034,0.3671,0.2481,-0.231,0.4135,0.0,0.0,4.349,4.505,4.418,4.541
11,27,1790610764.276,0.2966,0.207,0.3563,0.2594,-0.2295,0.3932,0.2937,0.2037,0.3671,0.2484,-0.231,0.4134,0.0,0.0,4.305,4.512,4.418,4.541
11,28,1790610764.310,0.2965,0.2072,0.3562,0.2595,-0.2294,0.3929,0.2939,0.204,0.3668,0.2488,-0.231,0.4129,0.0,0.0,4.306,4.506,4.418,4.541
11,29,1790610764.343,0.2965,0.2072,0.3559,0.2593,-0.2293,0.3929,0.2941,0.2044,0.3664,0.2494,-0.231,0.4121,0.0,0.0,4.278,4.486,4.418,4.541
12,0,1790610765.108,0.2943,0.2044,0.3696,0.2477,-0.235,0.4153,0.2981,0.2079,0.353,0.2614,-0.2293,0.3902,0.1,0.1,4.368,4.496,4.295,4.541
12,1,1790610765.141,0.2949,0.2043,0.3696,0.2478,-0.2352,0.4152,0.2981,0.2079,0.353,0.2614,-0.2293,0.3902,0.0,0.0,4.369,4.506,4.295,4.541
12,2,1790610765.175,0.2949,0.2042,0.3695,0.2482,-0.2353,0.415,0.2982,0.2079,0.3529,0.2614,-0.2295,0.3903,0.1,0.0,4.354,4.487,4.295,4.541
12,3,1790610765.209,0.2954,0.2043,0.3693,0.2482,-0.2356,0.4148,0.2984,0.2079,0.3532,0.2611,-0.23,0.3912,0.1,0.1,4.348,4.481,4.418,4.418
12,4,1790610765.242,0.2957,0.2044,0.3692,0.2484,-0.2358,0.4145,0.2984,0.2079,0.3532,0.2611,-0.23,0.3912,0.0,0.0,4.335,4.486,4.418,4.418
12,5,1790610765.275,0.2961,0.2044,0.3688,0.2485,-0.236,0.4141,0.2985,0.2077,0.3537,0.2605,-0.2306,0.3926,0.0,0.0,4.345,4.493,4.418,4.418
12,6,1790610765.308,0.2962,0.2045,0.3687,0.2488,-0.2363,0.4137,0.2987,0.2075,0.3545,0.2596,-0.2314,0.3945,0.0,0.0,4.325,4.496,4.418,4.418
12,7,1790610765.342,0.2966,0.2044,0.3685,0.2486,-0.2364,0.4135,0.2987,0.2075,0.3545,0.2596,-0.2314,0.3945,0.0,0.0,4.254,4.493,4.418,4.418
12,8,1790610765.375,0.2968,0.2045,0.3682,0.2487,-0.2365,0.4134,0.2988,0.2072,0.3556,0.2585,-0.2322,0.3968,0.0,0.0,4.238,4.497,4.418,4.541
12,9,1790610765.409,0.2969,0.2043,0.3682,0.249,-0.2367,0.4131,0.2989,0.2069,0.3568,0.2571,-0.2331,0.3994,0.0,0.0,4.182,4.486,4.418,4.541
12,10,1790610765.442,0.297,0.2042,0.368,0.249,-0.2368,0.413,0.2989,0.2065,0.3583,0.2556,-0.234,0.4023,0.0,0.1,4.178,4.494,4.295,4.541
12,11,1790610765.476,0.2973,0.2043,0.3679,0.2491,-0.2369,0.4127,0.299,0.2061,0.36,0.2539,-0.2348,0.4053,0.0,0.0,4.163,4.491,4.173,4.541
12,12,1790610765.509,0.2972,0.2042,0.3678,0.2493,-0.2369,0.4125,0.2988,0.2056,0.3618,0.2522,-0.2356,0.4084,0.0,0.0,4.144,4.497,4.173,4.541
12,13,1790610765.542,0.2977,0.2041,0.3675,0.2492,-0.2373,0.4124,0.2988,0.2056,0.3618,0.2522,-0.2356,0.4084,0.0,0.0,4.137,4.494,4.173,4.541
12,14,1790610765.576,0.2977,0.2042,0.367,0.2496,-0.2374,0.4121,0.2987,0.2051,0.3636,0.2504,-0.2363,0.4114,0.0,0.0,4.139,4.494,4.173,4.541
12,15,1790610765.609,0.2979,0.2041,0.3669,0.2494,-0.2373,0.412,0.2984,0.2046,0.3655,0.2485,-0.237,0.4144,0.0,0.0,4.077,4.489,4.173,4.541
12,16,1790610765.643,0.2977,0.2041,0.3667,0.2495,-0.2373,0.412,0.2981,0.2041,0.3674,0.2467,-0.2376,0.4173,0.0,0.0,4.073,4.486,4.173,4.541
12,17,1790610765.676,0.2981,0.2042,0.3667,0.2496,-0.2375,0.4118,0.2981,0.2041,0.3674,0.2467,-0.2376,0.4173,0.0,0.0,4.039,4.485,4.173,4.541
12,18,1790610765.710,0.2981,0.2041,0.3664,0.2498,-0.2376,0.4118,0.2978,0.2035,0.3692,0.245,-0.2382,0.4199,0.0,0.0,4.039,4.495,4.173,4.541
12,19,1790610765.743,0.2982,0.204,0.3663,0.2496,-0.2376,0.4118,0.2974,0.2031,0.3711,0.2434,-0.2386,0.4224,0.1,0.0,4.024,4.488,4.05,4.541
12,20,1790610765.777,0.2982,0.2041,0.3663,0.2497,-0.2377,0.4116,0.2974,0.2031,0.3711,0.2434,-0.2386,0.4224,0.0,0.0,4.013,4.486,4.05,4.541
12,21,1790610765.810,0.298,0.2039,0.3662,0.2496,-0.2376,0.4116,0.297,0.2026,0.3727,0.2419,-0.2391,0.4245,0.0,0.0,4.014,4.488,4.05,4.541
12,22,1790610765.843,0.2983,0.2038,0.3661,0.2498,-0.2376,0.4115,0.2966,0.2022,0.3743,0.2406,-0.2395,0.4264,0.0,0.0,4.011,4.493,4.05,4.541
12,23,1790610765.877,0.2981,0.2037,0.3662,0.2499,-0.2378,0.4114,0.2966,0.2022,0.3743,0.2406,-0.2395,0.4264,0.0,0.0,4.008,4.486,4.05,4.541
12,24,1790610765.910,0.2981,0.2037,0.3659,0.2499,-0.2378,0.4115,0.2962,0.2018,0.3757,0.2395,-0.2398,0.4279,0.0,0.0,4.013,4.482,4.05,4.541
12,25,1790610765.944,0.2985,0.2037,0.3659,0.2501,-0.2379,0.4113,0.2959,0.2015,0.3768,0.2387,-0.2401,0.429,0.0,0.0,4.027,4.492,4.05,4.541
12,26,1790610765.978,0.2987,0.2036,0.3657,0.2502,-0.238,0.4112,0.2955,0.2012,0.3778,0.2382,-0.2403,0.4298,0.0,0.0,4.051,4.497,4.05,4.541
12,27,1790610766.011,0.2988,0.2036,0.3656,0.2503,-0.2381,0.411,0.2952,0.2011,0.3786,0.2378,-0.2406,0.4302,0.0,0.0,4.036,4.489,4.05,4.541
12,28,1790610766.045,0.2987,0.2034,0.3656,0.2505,-0.238,0.4108,0.2952,0.2011,0.3786,0.2378,-0.2406,0.4302,0.0,0.0,4.035,4.48,4.05,4.541
12,29,1790610766.078,0.2991,0.2036,0.3651,0.2506,-0.2382,0.4108,0.295,0.201,0.3792,0.2378,-0.2408,0.4303,0.0,0.0,4.061,4.485,4.05,4.541
13,0,1790610766.853,0.2922,0.1979,0.3835,0.2338,-0.2401,0.4346,0.2987,0.2027,0.3697,0.2491,-0.2417,0.4131,0.0,0.0,4.182,4.476,4.05,4.541
13,1,1790610766.886,0.2924,0.1966,0.3821,0.2347,-0.2395,0.433,0.2988,0.2027,0.3693,0.2494,-0.2416,0.4127,0.1,0.0,4.201,4.445,4.05,4.541
13,2,1790610766.920,0.2925,0.1951,0.3804,0.235,-0.2391,0.4314,0.2988,0.2026,0.3693,0.2491,-0.2417,0.413,0.0,0.1,4.193,4.447,4.173,4.418
13,3,1790610766.953,0.2929,0.1936,0.3781,0.2355,-0.2387,0.4294,0.2988,0.2026,0.3693,0.2491,-0.2417,0.413,0.1,0.1,4.211,4.47,4.173,4.418
13,4,1790610766.987,0.2929,0.1916,0.3758,0.2361,-0.238,0.4268,0.2984,0.2021,0.3699,0.2482,-0.2417,0.414,0.0,0.0,4.116,4.458,4.295,4.418
13,5,1790610767.020,0.2929,0.1902,0.3733,0.2366,-0.2375,0.4242,0.2977,0.2014,0.3709,0.2468,-0.2415,0.4155,0.0,0.0,4.032,4.464,4.295,4.418
13,6,1790610767.054,0.293,0.1884,0.3713,0.2367,-0.2369,0.4218,0.2966,0.2003,0.3724,0.245,-0.2412,0.4174,0.0,0.0,3.936,4.454,4.173,4.418
13,7,1790610767.087,0.2928,0.1869,0.3696,0.2371,-0.2366,0.4197,0.2966,0.2003,0.3724,0.245,-0.2412,0.4174,0.0,0.1,3.751,4.467,4.173,4.418
13,8,1790610767.120,0.2927,0.1861,0.3687,0.237,-0.2363,0.4181,0.2952,0.1986,0.374,0.2427,-0.2404,0.4195,0.1,0.0,3.575,4.463,4.05,4.418
13,9,1790610767.154,0.2926,0.1854,0.3677,0.2372,-0.2364,0.4167,0.2936,0.1967,0.3758,0.2402,-0.2394,0.4217,0.1,0.1,3.331,4.47,3.927,4.418
13,10,1790610767.187,0.2927,0.1853,0.3672,0.2374,-0.2367,0.4152,0.2936,0.1967,0.3758,0.2402,-0.2394,0.4217,0.1,0.1,3.018,4.48,3.927,4.418
13,11,1790610767.224,0.2929,0.1853,0.3665,0.2374,-0.237,0.4138,0.2918,0.1945,0.3777,0.2373,-0.2382,0.424,0.1,0.1,2.768,4.475,3.682,4.418
13,12,1790610767.257,0.2932,0.1855,0.3661,0.2375,-0.2373,0.4128,0.2898,0.1919,0.3794,0.2343,-0.2368,0.426,0.0,0.1,2.479,4.476,3.314,4.418
13,13,1790610767.290,0.2933,0.1857,0.3653,0.2374,-0.2375,0.4115,0.2878,0.1892,0.3809,0.2313,-0.2353,0.4278,0.1,0.0,2.289,4.481,2.945,4.418
13,14,1790610767.324,0.2937,0.1859,0.3647,0.2376,-0.2378,0.41,0.286,0.1865,0.3822,0.2285,-0.2341,0.4293,0.0,0.1,2.17,4.493,2.577,4.418
13,15,1790610767.357,0.2937,0.1862,0.3642,0.2377,-0.2379,0.4088,0.2844,0.184,0.3832,0.226,-0.233,0.4304,0.0,0.1,2.147,4.447,2.209,4.418
13,16,1790610767.391,0.2938,0.1861,0.3638,0.2377,-0.2381,0.4073,0.2832,0.1818,0.3838,0.2237,-0.2321,0.4311,0.0,0.1,2.149,4.306,2.086,4.418
13,17,1790610767.424,0.2938,0.186,0.3638,0.2377,-0.238,0.4067,0.2832,0.1818,0.3838,0.2237,-0.2321,0.4311,0.0,0.0,2.026,4.09,2.086,4.418
13,18,1790610767.458,0.2938,0.1861,0.3638,0.2377,-0.238,0.4063,0.2825,0.1799,0.384,0.222,-0.2315,0.4312,0.0,0.0,1.855,3.826,2.086,4.418
13,19,1790610767.491,0.2937,0.1862,0.3638,0.2377,-0.2381,0.4055,0.2822,0.1783,0.3836,0.2208,-0.2313,0.4307,0.0,0.1,1.667,3.555,2.086,4.05
13,20,1790610767.524,0.2938,0.1863,0.3638,0.2378,-0.238,0.405,0.2823,0.1771,0.3829,0.2202,-0.2314,0.4298,0.0,0.1,1.412,3.282,1.964,3.805
13,21,1790610767.558,0.2939,0.1863,0.3638,0.2377,-0.2381,0.4046,0.2823,0.1771,0.3829,0.2202,-0.2314,0.4298,0.0,0.0,1.222,3.037,1.964,3.805
13,22,1790610767.591,0.294,0.1865,0.3639,0.2379,-0.238,0.4041,0.2828,0.1762,0.3816,0.2201,-0.2317,0.4283,0.0,0.0,1.026,2.87,1.718,3.436
13,23,1790610767.625,0.2938,0.1865,0.3638,0.2377,-0.2381,0.4041,0.2838,0.1757,0.3799,0.2207,-0.2324,0.4263,0.0,0.0,0.817,2.867,1.35,3.068
13,24,1790610767.658,0.294,0.1865,0.3638,0.2377,-0.2381,0.4038,0.2851,0.1756,0.3778,0.2217,-0.2334,0.4239,0.0,0.0,0.669,2.89,0.982,2.7
13,25,1790610767.692,0.294,0.1867,0.3637,0.2378,-0.2378,0.4036,0.2851,0.1756,0.3778,0.2217,-0.2334,0.4239,0.0,0.0,0.391,3.084,0.982,2.7
13,26,1790610767.725,0.2939,0.1866,0.3637,0.2378,-0.2376,0.4037,0.2867,0.1757,0.3754,0.2231,-0.2346,0.4211,0.0,0.0,0.311,3.109,0.736,2.7
13,27,1790610767.759,0.2939,0.1867,0.3637,0.2379,-0.2377,0.4035,0.2885,0.1761,0.3727,0.2249,-0.236,0.418,0.0,0.0,0.298,3.103,0.736,2.823
13,28,1790610767.792,0.2941,0.1867,0.3635,0.238,-0.2376,0.4032,0.2903,0.1768,0.3697,0.2269,-0.2374,0.4146,0.0,0.0,0.241,3.152,0.368,3.068
13,29,1790610767.825,0.2941,0.1869,0.3633,0.2379,-0.2376,0.4031,0.2903,0.1768,0.3697,0.2269,-0.2374,0.4146,0.0,0.0,0.311,3.167,0.368,3.068
14,0,1790610768.604,0.2885,0.1779,0.3729,0.2236,-0.2397,0.4208,0.3031,0.1892,0.3377,0.2477,-0.2462,0.3751,0.0,0.1,0.03,2.586,0.245,3.191
14,1,1790610768.638,0.2885,0.1783,0.3725,0.2237,-0.2397,0.4211,0.303,0.1893,0.3378,0.2477,-0.2461,0.375,0.0,0.0,0.038,2.585,0.245,3.191
14,2,1790610768.671,0.2886,0.1783,0.3725,0.2241,-0.2395,0.421,0.3027,0.1894,0.3386,0.2471,-0.2462,0.3757,0.0,0.0,0.011,2.576,0.123,2.823
14,3,1790610768.705,0.2891,0.1788,0.3723,0.2242,-0.2398,0.421,0.3018,0.189,0.3401,0.2459,-0.2462,0.3772,0.0,0.0,0.024,2.584,0.0,2.332
14,4,1790610768.738,0.2894,0.1788,0.372,0.2246,-0.24,0.4207,0.3007,0.1882,0.342,0.2444,-0.2461,0.3793,0.0,0.0,0.023,2.574,0.0,2.332
14,5,1790610768.772,0.2898,0.1792,0.3714,0.2249,-0.2401,0.4203,0.2993,0.187,0.3442,0.2427,-0.2459,0.3819,0.0,0.0,0.027,2.575,0.0,2.332
14,6,1790610768.805,0.2904,0.1797,0.3708,0.2254,-0.2406,0.4196,0.2993,0.187,0.3442,0.2427,-0.2459,0.3819,0.1,0.0,0.007,2.577,0.0,2.455
14,7,1790610768.838,0.2913,0.1804,0.3701,0.2263,-0.2413,0.4185,0.298,0.1858,0.3466,0.2408,-0.2456,0.385,0.0,0.0,0.025,2.563,0.0,2.577
14,8,1790610768.872,0.2924,0.1814,0.3689,0.2271,-0.2419,0.4166,0.2967,0.1844,0.3491,0.239,-0.2454,0.3883,0.1,0.1,0.01,2.568,0.0,2.577
14,9,1790610768.906,0.2935,0.182,0.3674,0.2286,-0.243,0.4144,0.2955,0.1831,0.3519,0.237,-0.2452,0.3919,0.1,0.1,-0.004,2.565,0.0,2.577
14,10,1790610768.941,0.2949,0.1828,0.3654,0.2303,-0.2445,0.4109,0.2955,0.1831,0.3519,0.237,-0.2452,0.3919,0.1,0.0,0.022,2.579,0.0,2.577
14,11,1790610768.974,0.2964,0.1835,0.3629,0.2326,-0.2462,0.4059,0.2944,0.182,0.3547,0.2351,-0.2451,0.3958,0.0,0.0,0.021,2.574,0.0,2.577
14,12,1790610769.007,0.2977,0.1844,0.3595,0.2351,-0.2482,0.3998,0.2935,0.1811,0.3576,0.2331,-0.2451,0.3997,0.0,0.0,0.029,2.566,0.0,2.577
14,13,1790610769.041,0.2993,0.1851,0.3559,0.238,-0.2497,0.3925,0.293,0.1806,0.3606,0.231,-0.2453,0.4037,0.0,0.0,0.022,2.581,0.0,2.577
14,14,1790610769.074,0.3006,0.1858,0.3515,0.2405,-0.2514,0.3841,0.2927,0.1804,0.3634,0.2291,-0.2458,0.4074,0.0,0.0,0.011,2.571,0.0,2.577
14,15,1790610769.108,0.302,0.1867,0.3466,0.2432,-0.2526,0.3751,0.2925,0.1806,0.366,0.2272,-0.2465,0.4107,0.0,0.0,0.011,2.561,0.0,2.577
14,16,1790610769.141,0.3037,0.1882,0.341,0.2454,-0.2536,0.3653,0.2926,0.181,0.3682,0.2256,-0.2473,0.4132,0.0,0.0,0.028,2.577,0.0,2.577
14,17,1790610769.174,0.3053,0.1899,0.3349,0.2472,-0.2543,0.3563,0.2928,0.1816,0.3699,0.2243,-0.2483,0.4149,0.0,0.0,0.021,2.58,0.0,2.577
14,18,1790610769.208,0.3071,0.1922,0.3285,0.2487,-0.2552,0.3482,0.2928,0.1816,0.3699,0.2243,-0.2483,0.4149,0.0,0.0,0.017,2.559,0.0,2.577
14,19,1790610769.242,0.3086,0.1948,0.3222,0.2496,-0.2555,0.3413,0.2928,0.1816,0.3699,0.2243,-0.2483,0.4149,0.0,0.0,0.014,2.56,0.0,2.577
14,20,1790610769.275,0.3105,0.1982,0.3155,0.2499,-0.2558,0.3351,0.2934,0.1826,0.3711,0.2234,-0.2494,0.4155,0.0,0.0,0.008,2.552,0.0,2.577
14,21,1790610769.308,0.3117,0.2012,0.3102,0.2502,-0.2562,0.3309,0.2945,0.1842,0.3713,0.2231,-0.2507,0.4145,0.0,0.1,0.026,2.555,0.0,2.577
14,22,1790610769.342,0.3127,0.2047,0.305,0.2504,-0.2568,0.3273,0.296,0.1863,0.3704,0.2237,-0.2521,0.4116,0.0,0.1,0.014,2.557,0.0,2.577
14,23,1790610769.375,0.3138,0.2086,0.3006,0.2503,-0.2572,0.3244,0.298,0.1888,0.368,0.2252,-0.2536,0.4067,0.1,0.0,0.013,2.557,0.0,2.577
14,24,1790610769.409,0.3149,0.2124,0.2965,0.2503,-0.2575,0.3221,0.3005,0.1917,0.3643,0.2277,-0.2551,0.3999,0.1,0.1,0.009,2.569,0.0,2.577
14,25,1790610769.442,0.3159,0.2164,0.2933,0.2503,-0.258,0.3204,0.3005,0.1917,0.3643,0.2277,-0.2551,0.3999,0.0,0.1,0.006,2.565,0.0,2.577
14,26,1790610769.476,0.3169,0.2196,0.2903,0.2503,-0.2588,0.3188,0.3034,0.195,0.3592,0.2308,-0.2568,0.3915,0.1,0.1,0.01,2.567,0.0,2.577
14,27,1790610769.509,0.3174,0.2224,0.2879,0.2503,-0.2591,0.3178,0.3065,0.1987,0.3528,0.2344,-0.2584,0.3815,0.0,0.1,0.024,2.559,0.0,2.577
14,28,1790610769.543,0.3179,0.2247,0.2857,0.2504,-0.2589,0.3168,0.3099,0.203,0.345,0.2383,-0.2601,0.3703,0.0,0.0,0.011,2.557,0.0,2.577
14,29,1790610769.576,0.3178,0.2255,0.2843,0.2505,-0.2592,0.3158,0.3135,0.2078,0.3358,0.2421,-0.2617,0.3578,0.0,0.1,0.013,2.555,0.0,2.577
15,0,1790610770.343,0.3151,0.21,0.3307,0.2415,-0.2619,0.3514,0.311,0.2492,0.1923,0.2457,-0.2667,0.2241,12.3,3.0,0.011,2.792,0.0,2.577
15,1,1790610770.376,0.3158,0.2091,0.3299,0.2424,-0.2618,0.3508,0.3106,0.2494,0.1916,0.2456,-0.2667,0.2246,0.0,0.1,0.003,2.757,0.0,2.577
15,2,1790610770.409,0.3168,0.2087,0.3291,0.2427,-0.2618,0.3504,0.3104,0.2494,0.1926,0.2454,-0.2674,0.2263,0.1,0.0,-0.009,2.775,0.0,2.7
15,3,1790610770.443,0.3179,0.2085,0.3283,0.2432,-0.2618,0.3497,0.3105,0.2489,0.1953,0.2454,-0.2682,0.2294,0.1,0.0,-0.004,2.762,0.0,2.7
15,4,1790610770.476,0.319,0.2079,0.327,0.2441,-0.2617,0.3487,0.3111,0.2477,0.1995,0.2455,-0.2692,0.2339,0.1,0.0,0.006,2.698,0.0,2.7
15,5,1790610770.509,0.32,0.2075,0.3261,0.2447,-0.2616,0.348,0.3121,0.246,0.2052,0.2459,-0.27,0.2395,0.1,0.0,-0.005,2.673,0.0,2.823
15,6,1790610770.543,0.3211,0.2069,0.3252,0.2457,-0.2615,0.3471,0.3121,0.246,0.2052,0.2459,-0.27,0.2395,0.1,0.0,0.004,2.638,0.0,2.823
15,7,1790610770.576,0.322,0.2062,0.3241,0.2462,-0.2609,0.3457,0.3135,0.2435,0.2123,0.2465,-0.2704,0.2462,0.1,0.1,0.005,2.587,0.0,2.7
15,8,1790610770.610,0.323,0.2058,0.3235,0.2471,-0.2605,0.3443,0.3154,0.2405,0.2206,0.2473,-0.2709,0.2539,0.1,0.0,0.013,2.555,0.0,2.7
15,9,1790610770.643,0.3241,0.2053,0.3227,0.2478,-0.2603,0.3429,0.3174,0.2369,0.2301,0.2481,-0.2709,0.2626,0.1,0.0,0.077,2.548,0.0,2.577
15,10,1790610770.676,0.325,0.2047,0.3221,0.2487,-0.2601,0.3416,0.3194,0.233,0.2405,0.2489,-0.2705,0.272,0.1,0.0,0.266,2.515,0.0,2.577
15,11,1790610770.710,0.3256,0.2041,0.3214,0.2492,-0.2596,0.3405,0.3214,0.2287,0.2517,0.2495,-0.2698,0.282,0.1,0.0,0.479,2.518,0.0,2.577
15,12,1790610770.744,0.3262,0.2036,0.3209,0.2503,-0.2594,0.3392,0.3231,0.2242,0.2634,0.2499,-0.2687,0.2922,0.1,0.0,0.768,2.547,0.123,2.577
15,13,1790610770.777,0.3267,0.203,0.3206,0.2504,-0.2595,0.3382,0.3231,0.2242,0.2634,0.2499,-0.2687,0.2922,0.0,0.0,1.061,2.54,0.123,2.577
15,14,1790610770.810,0.327,0.2025,0.3203,0.2508,-0.2595,0.3373,0.3245,0.2195,0.2756,0.2501,-0.2672,0.3024,0.0,0.0,1.406,2.568,0.491,2.577
15,15,1790610770.844,0.3277,0.2025,0.3197,0.2511,-0.2594,0.3369,0.3255,0.2146,0.2879,0.2499,-0.2655,0.3125,0.1,0.0,1.766,2.614,0.982,2.577
15,16,1790610770.877,0.3281,0.2022,0.3193,0.2512,-0.2597,0.3359,0.326,0.2096,0.3,0.2496,-0.2635,0.3224,0.0,0.0,2.128,2.677,1.473,2.577
15,17,1790610770.911,0.3284,0.2021,0.3192,0.2518,-0.2597,0.3358,0.3259,0.2047,0.3118,0.249,-0.2615,0.3319,0.0,0.1,2.5,2.736,1.841,2.577
15,18,1790610770.945,0.3287,0.202,0.3187,0.252,-0.2599,0.3352,0.3259,0.2047,0.3118,0.249,-0.2615,0.3319,0.0,0.0,2.829,2.8,1.841,2.577
15,19,1790610770.978,0.3291,0.2019,0.3187,0.2524,-0.2598,0.335,0.3253,0.2,0.3231,0.248,-0.2595,0.3409,0.0,0.1,3.167,2.866,2.209,2.577
15,20,1790610771.011,0.3293,0.2017,0.3184,0.2525,-0.2599,0.3344,0.3244,0.1956,0.3336,0.2469,-0.2574,0.3491,0.0,0.0,3.528,2.959,2.577,2.7
15,21,1790610771.045,0.3298,0.2018,0.3182,0.2528,-0.26,0.3339,0.3232,0.1915,0.3432,0.2458,-0.2554,0.3565,0.0,0.0,3.851,3.018,3.068,2.823
15,22,1790610771.080,0.33,0.2016,0.3178,0.253,-0.2601,0.3338,0.322,0.188,0.3518,0.2448,-0.2536,0.3629,0.0,0.0,4.171,3.1,3.682,2.945
15,23,1790610771.113,0.3304,0.202,0.3177,0.253,-0.2603,0.3335,0.322,0.188,0.3518,0.2448,-0.2536,0.3629,0.0,0.0,4.326,3.184,3.682,2.945
15,24,1790610771.147,0.3305,0.2019,0.3173,0.2534,-0.2601,0.3331,0.3207,0.185,0.3594,0.2437,-0.2521,0.3686,0.0,0.0,4.453,3.244,4.05,3.068
15,25,1790610771.180,0.3308,0.2021,0.3171,0.2537,-0.2601,0.3329,0.3196,0.1825,0.3659,0.2428,-0.2511,0.3732,0.0,0.0,4.496,3.327,4.295,3.068
15,26,1790610771.213,0.3309,0.2019,0.3169,0.254,-0.2599,0.3326,0.3188,0.1808,0.3711,0.2422,-0.2502,0.3767,0.0,0.0,4.489,3.667,4.541,3.191
15,27,1790610771.247,0.3314,0.202,0.3166,0.2545,-0.2599,0.3321,0.3182,0.1796,0.3751,0.2418,-0.2496,0.3792,0.0,0.0,4.529,3.818,4.664,3.314
15,28,1790610771.280,0.3316,0.2019,0.3163,0.2548,-0.26,0.3318,0.318,0.1789,0.378,0.2418,-0.2494,0.3808,0.0,0.0,4.533,3.939,4.541,3.559
15,29,1790610771.314,0.3318,0.2018,0.3163,0.2551,-0.2599,0.3317,0.318,0.1789,0.378,0.2418,-0.2494,0.3808,0.0,0.0,4.548,4.001,4.541,3.559
16,0,1790610772.077,0.3158,0.1796,0.3858,0.2378,-0.2484,0.3862,0.3352,0.1969,0.326,0.2559,-0.2586,0.3448,33.2,18.2,4.52,4.5,4.541,4.05
16,1,1790610772.111,0.3158,0.1795,0.3856,0.2379,-0.2483,0.3859,0.3352,0.1969,0.326,0.2559,-0.2586,0.3448,6.4,0.0,4.497,4.483,4.541,4.05
16,2,1790610772.144,0.3162,0.1797,0.3854,0.2382,-0.2479,0.3855,0.3355,0.1972,0.324,0.2561,-0.2586,0.3441,0.0,0.0,4.501,4.462,4.541,4.05
16,3,1790610772.179,0.3164,0.18,0.3852,0.2381,-0.2479,0.3851,0.3353,0.1969,0.3232,0.2557,-0.2584,0.3446,0.0,0.1,4.514,4.489,4.541,4.295
16,4,1790610772.211,0.3171,0.1802,0.3847,0.2383,-0.2477,0.3844,0.3353,0.1969,0.3232,0.2557,-0.2584,0.3446,0.0,0.0,4.496,4.476,4.541,4.295
16,5,1790610772.244,0.3176,0.1807,0.3842,0.2385,-0.2472,0.3837,0.3346,0.1959,0.3242,0.2545,-0.2573,0.3469,0.1,0.1,4.481,4.479,4.541,4.541
16,6,1790610772.278,0.3183,0.1813,0.3836,0.2389,-0.2469,0.382,0.3336,0.1943,0.327,0.2528,-0.2558,0.3507,0.1,0.1,4.518,4.482,4.541,4.541
16,7,1790610772.312,0.3193,0.1815,0.3823,0.2395,-0.2465,0.3803,0.3322,0.1924,0.3314,0.2505,-0.2539,0.3557,0.1,0.1,4.487,4.474,4.541,4.418
16,8,1790610772.345,0.3201,0.1816,0.3807,0.2401,-0.2458,0.3779,0.3306,0.1903,0.3372,0.2479,-0.2515,0.3615,0.1,0.1,4.507,4.483,4.541,4.418
16,9,1790610772.378,0.3213,0.1817,0.3792,0.241,-0.2452,0.3747,0.3306,0.1903,0.3372,0.2479,-0.2515,0.3615,0.0,0.1,4.52,4.489,4.541,4.418
16,10,1790610772.412,0.3219,0.1818,0.3781,0.2415,-0.2447,0.3719,0.3287,0.188,0.3439,0.245,-0.2491,0.3678,0.1,0.1,4.474,4.468,4.541,4.418
16,11,1790610772.445,0.3229,0.1819,0.3764,0.2423,-0.2445,0.369,0.3266,0.1857,0.3514,0.2419,-0.2464,0.3741,0.0,0.1,4.495,4.481,4.541,4.418
16,12,1790610772.478,0.3238,0.1817,0.3749,0.2425,-0.2443,0.3665,0.3266,0.1857,0.3514,0.2419,-0.2464,0.3741,0.0,0.1,4.498,4.479,4.541,4.418
16,13,1790610772.512,0.3248,0.1821,0.3733,0.2431,-0.2442,0.364,0.3244,0.1834,0.3594,0.2387,-0.2435,0.3801,0.0,0.1,4.491,4.486,4.541,4.418
16,14,1790610772.545,0.3256,0.1822,0.3719,0.2436,-0.2444,0.3617,0.322,0.1811,0.3674,0.2355,-0.2407,0.3856,0.1,0.1,4.488,4.485,4.541,4.418
16,15,1790610772.579,0.3268,0.1826,0.3706,0.2443,-0.2444,0.3592,0.322,0.1811,0.3674,0.2355,-0.2407,0.3856,0.0,0.1,4.485,4.481,4.541,4.418
16,16,1790610772.612,0.3275,0.183,0.369,0.2446,-0.2446,0.3568,0.3197,0.1791,0.3754,0.2326,-0.2379,0.3904,0.1,0.1,4.4,4.468,4.541,4.418
16,17,1790610772.647,0.3283,0.1829,0.3675,0.2451,-0.2444,0.3545,0.3175,0.1773,0.3829,0.23,-0.2354,0.3943,0.0,0.1,4.273,4.463,4.541,4.418
16,18,1790610772.680,0.329,0.1828,0.3662,0.2457,-0.2439,0.3525,0.3175,0.1773,0.3829,0.23,-0.2354,0.3943,0.0,0.0,4.026,4.366,4.541,4.418
16,19,1790610772.713,0.3295,0.1827,0.3652,0.2454,-0.2438,0.3511,0.3154,0.1758,0.39,0.2279,-0.2334,0.3972,0.0,0.1,3.674,4.163,4.541,4.418
16,20,1790610772.747,0.3299,0.1825,0.3647,0.2456,-0.2434,0.3503,0.3137,0.1746,0.3964,0.2264,-0.2317,0.399,0.0,0.0,3.265,3.827,4.173,4.418
16,21,1790610772.780,0.3301,0.1822,0.3638,0.2457,-0.2433,0.3494,0.3137,0.1746,0.3964,0.2264,-0.2317,0.399,0.0,0.0,2.882,3.445,4.173,4.418
16,22,1790610772.814,0.3306,0.1821,0.363,0.2458,-0.243,0.3486,0.3122,0.1736,0.402,0.2257,-0.2305,0.3995,0.0,0.0,2.503,3.048,3.682,4.173
16,23,1790610772.847,0.3309,0.1821,0.3623,0.246,-0.2426,0.3478,0.3112,0.1729,0.4067,0.2257,-0.2298,0.3989,0.0,0.0,2.082,2.591,2.945,3.559
16,24,1790610772.884,0.3315,0.1823,0.3615,0.2465,-0.2427,0.347,0.3112,0.1729,0.4067,0.2257,-0.2298,0.3989,0.0,0.0,1.736,2.134,2.945,3.559
16,25,1790610772.917,0.3314,0.1822,0.3609,0.2468,-0.2423,0.3466,0.3107,0.1724,0.4105,0.2263,-0.2296,0.3972,0.0,0.0,1.409,1.618,2.332,2.945
16,26,1790610772.950,0.3317,0.1825,0.3601,0.2469,-0.2421,0.3459,0.3106,0.172,0.4132,0.2276,-0.2299,0.3946,0.0,0.0,1.137,1.239,1.964,2.455
16,27,1790610772.984,0.3322,0.1826,0.3595,0.2474,-0.2421,0.3451,0.3109,0.1719,0.415,0.2294,-0.2305,0.391,0.0,0.1,0.851,0.737,1.718,1.718
16,28,1790610773.017,0.3324,0.1826,0.3587,0.2476,-0.242,0.3445,0.3117,0.1719,0.4158,0.2316,-0.2315,0.3866,0.0,0.0,0.646,0.449,1.227,0.982
16,29,1790610773.051,0.3329,0.1827,0.358,0.248,-0.2421,0.3442,0.3129,0.172,0.4156,0.2343,-0.2327,0.3814,0.0,0.0,0.52,0.305,0.736,0.614
17,0,1790610773.819,0.3125,0.173,0.4156,0.232,-0.2305,0.3855,0.3389,0.1813,0.3596,0.2548,-0.2451,0.3127,22.2,7.4,0.434,0.063,0.491,0.368
17,1,1790610773.853,0.3133,0.1733,0.4143,0.2332,-0.2302,0.384,0.3389,0.1813,0.3596,0.2548,-0.2451,0.3127,0.0,0.0,0.395,0.034,0.491,0.368
17,2,1790610773.886,0.3143,0.1737,0.4124,0.2341,-0.2296,0.3823,0.3392,0.1818,0.3575,0.2544,-0.245,0.3125,0.0,0.1,0.421,0.018,0.491,0.123
17,3,1790610773.919,0.3157,0.1745,0.4097,0.2357,-0.2291,0.379,0.339,0.1821,0.3568,0.2534,-0.2443,0.3141,0.0,0.1,0.404,0.012,0.491,0.0
17,4,1790610773.953,0.3178,0.1754,0.406,0.2382,-0.2285,0.3736,0.339,0.1821,0.3568,0.2534,-0.2443,0.3141,0.1,0.0,0.423,0.01,0.491,0.0
17,5,1790610773.986,0.3197,0.1767,0.402,0.2405,-0.2279,0.3674,0.3382,0.1821,0.3578,0.2522,-0.2432,0.3174,0.1,0.0,0.412,0.026,0.368,0.0
17,6,1790610774.020,0.322,0.1783,0.3969,0.2434,-0.2275,0.3599,0.3371,0.1821,0.36,0.2507,-0.2417,0.3219,0.0,0.0,0.389,0.016,0.368,0.0
17,7,1790610774.053,0.3241,0.1797,0.3921,0.2456,-0.227,0.353,0.3356,0.1818,0.3634,0.2492,-0.2398,0.327,0.0,0.0,0.396,0.026,0.368,0.0
17,8,1790610774.086,0.3252,0.181,0.389,0.2469,-0.2264,0.3478,0.334,0.1815,0.3676,0.2476,-0.2376,0.3325,0.1,0.0,0.412,0.029,0.368,0.0
17,9,1790610774.120,0.3258,0.1815,0.3871,0.2476,-0.2261,0.3445,0.3321,0.1812,0.3724,0.2461,-0.2351,0.3379,0.0,0.1,0.406,0.048,0.368,0.0
17,10,1790610774.153,0.326,0.1822,0.3861,0.248,-0.2261,0.3426,0.3321,0.1812,0.3724,0.2461,-0.2351,0.3379,0.0,0.0,0.421,0.196,0.368,0.0
17,11,1790610774.187,0.3261,0.1823,0.386,0.2479,-0.2259,0.342,0.3302,0.1808,0.3775,0.2447,-0.2324,0.3429,0.0,0.0,0.421,0.514,0.368,0.0
17,12,1790610774.220,0.3261,0.1826,0.3856,0.2479,-0.226,0.3414,0.3281,0.1805,0.3827,0.2435,-0.2296,0.3474,0.0,0.0,0.439,0.883,0.368,0.0
17,13,1790610774.254,0.326,0.1823,0.3857,0.2478,-0.2264,0.3412,0.326,0.1802,0.3879,0.2424,-0.2269,0.3513,0.0,0.0,0.461,1.171,0.368,0.245
17,14,1790610774.287,0.326,0.1822,0.3857,0.2479,-0.2263,0.3415,0.3238,0.1799,0.3931,0.2415,-0.2243,0.3547,0.0,0.0,0.494,1.573,0.368,0.859
17,15,1790610774.320,0.3261,0.1821,0.3852,0.2479,-0.2266,0.3417,0.3216,0.1796,0.398,0.2408,-0.2219,0.3574,0.0,0.0,0.57,1.935,0.368,1.35
17,16,1790610774.354,0.3259,0.1819,0.3855,0.2478,-0.2266,0.3422,0.3216,0.1796,0.398,0.2408,-0.2219,0.3574,0.0,0.0,0.669,2.212,0.368,1.35
17,17,1790610774.388,0.3258,0.1817,0.3857,0.2479,-0.2266,0.3425,0.3195,0.1794,0.4026,0.2403,-0.2198,0.3595,0.0,0.0,0.777,2.483,0.491,1.595
17,18,1790610774.421,0.3256,0.1816,0.386,0.2479,-0.2267,0.3429,0.3174,0.1791,0.4069,0.2401,-0.2182,0.3611,0.0,0.0,0.934,2.617,0.614,1.841
17,19,1790610774.455,0.3255,0.1815,0.3861,0.2479,-0.2267,0.3432,0.3154,0.1789,0.4107,0.2402,-0.2169,0.362,0.0,0.0,1.078,2.652,0.736,2.455
17,20,1790610774.492,0.3254,0.1812,0.3863,0.2479,-0.2267,0.3436,0.3137,0.1786,0.414,0.2405,-0.2159,0.3623,0.0,0.0,1.151,2.645,0.736,2.823
17,21,1790610774.524,0.3253,0.1809,0.3864,0.2479,-0.2267,0.3439,0.3137,0.1786,0.414,0.2405,-0.2159,0.3623,0.0,0.0,1.255,2.616,0.982,2.823
17,22,1790610774.557,0.325,0.1808,0.3867,0.2479,-0.2264,0.3442,0.3122,0.1784,0.4168,0.2411,-0.2155,0.3622,0.0,0.0,1.38,2.638,1.227,2.823
17,23,1790610774.591,0.3253,0.181,0.3865,0.2479,-0.2264,0.3442,0.3122,0.1784,0.4168,0.2411,-0.2155,0.3622,0.0,0.0,1.53,2.65,1.227,2.823
17,24,1790610774.624,0.3253,0.1809,0.3866,0.248,-0.2263,0.3444,0.3109,0.1782,0.4191,0.242,-0.2154,0.3617,0.0,0.0,1.608,2.68,1.35,2.577
17,25,1790610774.658,0.3253,0.181,0.3866,0.2479,-0.2261,0.3446,0.31,0.178,0.4206,0.243,-0.2156,0.3607,0.1,0.0,1.737,2.811,1.473,2.577
17,26,1790610774.692,0.3253,0.1811,0.3865,0.2479,-0.2262,0.3446,0.31,0.178,0.4206,0.243,-0.2156,0.3607,0.0,0.0,1.842,2.932,1.473,2.577
17,27,1790610774.725,0.3252,0.181,0.3865,0.2478,-0.2261,0.3448,0.3095,0.1779,0.4216,0.2441,-0.216,0.3594,0.0,0.0,1.969,3.059,1.718,2.577
17,28,1790610774.758,0.3254,0.1813,0.3863,0.2482,-0.226,0.345,0.3094,0.1779,0.4219,0.2453,-0.2166,0.3578,0.0,0.0,2.058,3.121,1.718,2.7
17,29,1790610774.792,0.3257,0.1813,0.3861,0.2482,-0.2261,0.3447,0.3096,0.1778,0.4216,0.2464,-0.2175,0.356,0.0,0.0,2.154,3.218,1.964,2.945
18,0,1790610775.564,0.306,0.1746,0.4242,0.2467,-0.2224,0.3574,0.3291,0.1824,0.3792,0.2542,-0.2255,0.3327,3.3,0.0,2.388,4.065,2.209,3.314
18,1,1790610775.598,0.3059,0.1743,0.4242,0.2469,-0.2226,0.3574,0.3294,0.1824,0.3783,0.2542,-0.2255,0.3327,0.1,0.0,2.605,4.388,2.209,3.314
18,2,1790610775.631,0.3064,0.1742,0.424,0.247,-0.2227,0.3571,0.3291,0.1823,0.3783,0.2542,-0.2256,0.3328,0.0,0.0,2.892,4.555,2.332,3.805
18,3,1790610775.664,0.3061,0.1742,0.4241,0.2471,-0.2227,0.3571,0.328,0.182,0.3794,0.2542,-0.2254,0.3333,0.0,0.0,3.24,4.57,2.577,4.541
18,4,1790610775.698,0.3062,0.1741,0.4238,0.2474,-0.2228,0.3569,0.328,0.182,0.3794,0.2542,-0.2254,0.3333,0.0,0.0,3.576,4.588,2.577,4.541
18,5,1790610775.731,0.3064,0.1741,0.4239,0.2476,-0.2227,0.3568,0.3265,0.1815,0.3815,0.2542,-0.2251,0.3343,0.0,0.0,3.933,4.589,2.945,4.786
18,6,1790610775.765,0.3064,0.1741,0.4238,0.2477,-0.223,0.3566,0.3246,0.1808,0.3844,0.254,-0.2248,0.3357,0.0,0.0,4.153,4.595,3.314,4.664
18,7,1790610775.798,0.3065,0.1739,0.4236,0.2478,-0.2228,0.3564,0.3246,0.1808,0.3844,0.254,-0.2248,0.3357,0.0,0.0,4.362,4.593,3.314,4.664
18,8,1790610775.832,0.3067,0.174,0.4234,0.248,-0.2228,0.356,0.3224,0.1799,0.3881,0.2537,-0.2244,0.3375,0.0,0.0,4.477,4.589,4.05,4.541
18,9,1790610775.868,0.3068,0.1742,0.4236,0.2481,-0.2229,0.3558,0.3198,0.179,0.3926,0.2533,-0.2241,0.3396,0.0,0.0,4.522,4.602,4.664,4.541
18,10,1790610775.901,0.307,0.174,0.4233,0.2481,-0.2227,0.3555,0.3198,0.179,0.3926,0.2533,-0.2241,0.3396,0.0,0.0,4.529,4.592,4.664,4.541
18,11,1790610775.934,0.3072,0.1741,0.4231,0.2483,-0.2228,0.3553,0.3169,0.1779,0.3977,0.2527,-0.2236,0.342,0.0,0.0,4.531,4.59,4.786,4.541
18,12,1790610775.968,0.3075,0.174,0.4229,0.2486,-0.223,0.3548,0.314,0.1767,0.4031,0.2521,-0.2231,0.3447,0.0,0.0,4.545,4.595,4.541,4.541
18,13,1790610776.001,0.3075,0.1737,0.4228,0.2489,-0.2228,0.3544,0.3109,0.1755,0.4089,0.2514,-0.2226,0.3474,0.0,0.0,4.543,4.581,4.541,4.541
18,14,1790610776.036,0.3077,0.1735,0.4225,0.249,-0.2229,0.3538,0.3109,0.1755,0.4089,0.2514,-0.2226,0.3474,0.0,0.0,4.54,4.598,4.541,4.541
18,15,1790610776.069,0.3078,0.1733,0.4223,0.2494,-0.2229,0.3532,0.3077,0.1743,0.4148,0.2506,-0.222,0.3502,0.0,0.0,4.543,4.59,4.541,4.541
18,16,1790610776.103,0.3081,0.1731,0.422,0.2498,-0.2227,0.3524,0.3046,0.1731,0.4208,0.2499,-0.2215,0.3529,0.0,0.0,4.552,4.587,4.541,4.541
18,17,1790610776.136,0.3083,0.173,0.4215,0.2502,-0.2227,0.3514,0.3015,0.172,0.4267,0.2491,-0.221,0.3555,0.0,0.0,4.536,4.578,4.541,4.541
18,18,1790610776.170,0.3088,0.1727,0.4209,0.2509,-0.2224,0.3501,0.2984,0.1709,0.4324,0.2485,-0.2205,0.3579,0.0,0.0,4.546,4.564,4.541,4.541
18,19,1790610776.203,0.3096,0.1723,0.42,0.2517,-0.2226,0.3483,0.2955,0.1698,0.4378,0.2479,-0.2201,0.36,0.0,0.1,4.534,4.559,4.541,4.541
18,20,1790610776.236,0.3107,0.172,0.4185,0.2527,-0.2226,0.3462,0.2955,0.1698,0.4378,0.2479,-0.2201,0.36,0.0,0.1,4.537,4.547,4.541,4.541
18,21,1790610776.270,0.3131,0.1714,0.4153,0.2542,-0.2228,0.3431,0.2929,0.1689,0.4428,0.2474,-0.2198,0.3618,0.0,0.0,4.551,4.537,4.541,4.541
18,22,1790610776.304,0.3156,0.1703,0.4116,0.256,-0.223,0.3397,0.2906,0.168,0.4473,0.2472,-0.2196,0.3631,0.1,0.0,4.536,4.531,4.541,4.541
18,23,1790610776.337,0.3192,0.169,0.4059,0.2581,-0.2229,0.3355,0.2906,0.168,0.4473,0.2472,-0.2196,0.3631,0.1,0.0,4.53,4.523,4.541,4.541
18,24,1790610776.370,0.3233,0.1675,0.399,0.2603,-0.2229,0.331,0.2888,0.1672,0.4512,0.2473,-0.2196,0.3639,0.1,0.0,4.527,4.517,4.541,4.541
18,25,1790610776.404,0.3276,0.166,0.392,0.2624,-0.2228,0.3265,0.2878,0.1666,0.4543,0.2479,-0.2198,0.3641,0.1,0.0,4.51,4.53,4.541,4.541
18,26,1790610776.437,0.3316,0.1648,0.3857,0.2644,-0.2229,0.3224,0.2878,0.166,0.4563,0.249,-0.2203,0.3634,0.1,0.0,4.532,4.508,4.541,4.541
18,27,1790610776.471,0.3347,0.1636,0.3805,0.2658,-0.223,0.3188,0.2889,0.1654,0.4572,0.2506,-0.221,0.3619,0.1,0.0,4.53,4.49,4.541,4.541
18,28,1790610776.504,0.3375,0.1625,0.375,0.2675,-0.2233,0.3153,0.2889,0.1654,0.4572,0.2506,-0.221,0.3619,0.1,0.0,4.529,4.482,4.541,4.541
18,29,1790610776.538,0.3405,0.1616,0.3694,0.2691,-0.2241,0.3116,0.2914,0.165,0.4568,0.2527,-0.222,0.3596,0.1,0.0,4.523,4.456,4.541,4.541
19,0,1790610777.299,0.2959,0.1627,0.4534,0.2532,-0.2216,0.3589,0.3557,0.1553,0.3444,0.2777,-0.2249,0.286,37.5,9.6,4.402,4.493,4.418,4.541
19,1,1790610777.333,0.2965,0.1625,0.4526,0.2537,-0.2215,0.3584,0.3562,0.1551,0.3417,0.2777,-0.2247,0.2855,10.1,0.0,4.375,4.496,4.418,4.541
19,2,1790610777.366,0.2968,0.1624,0.4518,0.2539,-0.2214,0.3581,0.3562,0.1551,0.3417,0.2777,-0.2247,0.2855,0.0,0.0,4.361,4.505,4.418,4.541
19,3,1790610777.399,0.2971,0.1626,0.4512,0.2542,-0.2214,0.3576,0.3555,0.1551,0.3406,0.2771,-0.2241,0.286,0.1,0.1,4.332,4.49,4.418,4.541
19,4,1790610777.433,0.2977,0.1627,0.4504,0.2544,-0.2214,0.3571,0.3535,0.1552,0.3419,0.2759,-0.2235,0.2883,0.1,0.0,4.361,4.514,4.418,4.418
19,5,1790610777.467,0.2979,0.1626,0.4502,0.2545,-0.2213,0.3567,0.3505,0.1553,0.3458,0.2742,-0.2227,0.2924,0.0,0.0,4.324,4.499,4.418,4.418
19,6,1790610777.500,0.2981,0.1626,0.4496,0.2548,-0.2213,0.3563,0.3505,0.1553,0.3458,0.2742,-0.2227,0.2924,0.0,0.0,4.345,4.505,4.418,4.418
19,7,1790610777.533,0.2982,0.1627,0.4493,0.2551,-0.2212,0.3558,0.3468,0.1555,0.352,0.2722,-0.2219,0.2979,0.0,0.0,4.35,4.513,4.418,4.541
19,8,1790610777.567,0.2986,0.1625,0.4487,0.2553,-0.2211,0.3553,0.3423,0.1559,0.3604,0.2699,-0.2212,0.3047,0.0,0.0,4.3,4.499,4.418,4.541
19,9,1790610777.600,0.2992,0.1624,0.4478,0.2554,-0.2211,0.3549,0.3423,0.1559,0.3604,0.2699,-0.2212,0.3047,0.0,0.0,4.27,4.494,4.418,4.541
19,10,1790610777.634,0.2997,0.1623,0.447,0.2556,-0.2212,0.3542,0.3369,0.1563,0.3706,0.2673,-0.2204,0.3125,0.0,0.0,4.243,4.485,4.418,4.541
19,11,1790610777.667,0.3002,0.1621,0.4459,0.256,-0.2212,0.3539,0.3306,0.1568,0.3822,0.2644,-0.2196,0.3211,0.1,0.0,4.214,4.494,4.295,4.541
19,12,1790610777.703,0.3005,0.162,0.4453,0.2562,-0.2213,0.3532,0.3306,0.1568,0.3822,0.2644,-0.2196,0.3211,0.0,0.0,4.092,4.48,4.295,4.541
19,13,1790610777.736,0.3012,0.1616,0.4441,0.2567,-0.2214,0.3525,0.3236,0.1575,0.3945,0.2614,-0.2187,0.33,0.0,0.0,3.925,4.462,4.295,4.541
19,14,1790610777.769,0.3016,0.1613,0.4432,0.257,-0.2215,0.3519,0.316,0.1582,0.4072,0.2584,-0.2179,0.3389,0.0,0.1,3.698,4.446,4.295,4.541
19,15,1790610777.804,0.3027,0.161,0.4411,0.2575,-0.2219,0.3512,0.316,0.1582,0.4072,0.2584,-0.2179,0.3389,0.0,0.0,3.469,4.432,4.295,4.541
19,16,1790610777.840,0.3037,0.1607,0.439,0.2578,-0.2221,0.3503,0.308,0.159,0.4198,0.2553,-0.2172,0.3477,0.0,0.0,3.314,4.417,4.05,4.541
19,17,1790610777.873,0.305,0.1604,0.4362,0.2584,-0.2223,0.3494,0.2998,0.1598,0.432,0.2522,-0.2166,0.3561,0.1,0.1,3.096,4.414,3.682,4.418
19,18,1790610777.907,0.3072,0.1606,0.4321,0.2589,-0.2229,0.3484,0.2915,0.1606,0.4435,0.2493,-0.216,0.364,0.1,0.0,3.08,4.399,3.436,4.418
19,19,1790610777.941,0.31,0.1612,0.4266,0.26,-0.2239,0.3467,0.2834,0.1615,0.4541,0.2465,-0.2157,0.3713,0.1,0.1,3.157,4.412,3.068,4.418
19,20,1790610777.974,0.3148,0.1629,0.4174,0.2619,-0.2256,0.3438,0.2834,0.1615,0.4541,0.2465,-0.2157,0.3713,0.0,0.0,3.284,4.433,3.068,4.418
19,21,1790610778.008,0.3203,0.165,0.4058,0.2639,-0.2276,0.3401,0.2759,0.1623,0.4635,0.2441,-0.2157,0.3778,0.0,0.0,3.424,4.46,2.945,4.418
19,22,1790610778.042,0.3261,0.1674,0.3926,0.2661,-0.2292,0.3355,0.2694,0.1633,0.4716,0.2423,-0.2162,0.3833,0.0,0.0,3.623,4.473,3.191,4.418
19,23,1790610778.075,0.3302,0.1697,0.3806,0.2681,-0.2296,0.3306,0.2694,0.1633,0.4716,0.2423,-0.2162,0.3833,0.0,0.0,3.821,4.485,3.191,4.418
19,24,1790610778.108,0.3337,0.1721,0.37,0.27,-0.2298,0.3264,0.2643,0.1645,0.4781,0.2413,-0.2174,0.3878,0.0,0.0,4.029,4.494,3.436,4.418
19,25,1790610778.143,0.3354,0.1737,0.3618,0.2714,-0.2291,0.3223,0.2612,0.166,0.4826,0.2412,-0.2194,0.391,0.0,0.0,4.136,4.496,3.805,4.418
19,26,1790610778.177,0.3367,0.175,0.355,0.2727,-0.2282,0.3193,0.2612,0.166,0.4826,0.2412,-0.2194,0.391,0.0,0.1,4.19,4.494,3.805,4.418
19,27,1790610778.210,0.3373,0.176,0.35,0.2739,-0.2272,0.3167,0.2604,0.1679,0.4849,0.2423,-0.2218,0.3926,0.0,0.1,4.22,4.495,4.05,4.418
19,28,1790610778.243,0.338,0.1767,0.346,0.2749,-0.2263,0.3146,0.2619,0.1702,0.4849,0.2445,-0.2246,0.3925,0.1,0.1,4.206,4.489,4.295,4.418
19,29,1790610778.277,0.3381,0.1773,0.3431,0.2755,-0.226,0.3132,0.2619,0.1702,0.4849,0.2445,-0.2246,0.3925,0.1,0.0,4.181,4.492,4.295,4.418
20,0,1790610779.043,0.2579,0.1727,0.487,0.2432,-0.2282,0.3934,0.3496,0.2001,0.2886,0.2848,-0.2361,0.2978,95.8,36.6,4.495,4.498,4.173,4.541
20,1,1790610779.076,0.2592,0.1732,0.4854,0.2439,-0.2284,0.3927,0.3496,0.2001,0.2886,0.2848,-0.2361,0.2978,57.0,6.6,4.492,4.48,4.173,4.541
20,2,1790610779.110,0.2611,0.1739,0.483,0.2444,-0.2287,0.3914,0.3485,0.1997,0.2845,0.2839,-0.2356,0.2973,28.7,0.0,4.483,4.465,4.418,4.418
20,3,1790610779.143,0.2637,0.1752,0.4794,0.2459,-0.2292,0.3893,0.346,0.1992,0.2844,0.2819,-0.235,0.2998,0.1,0.0,4.486,4.452,4.664,4.418
20,4,1790610779.176,0.271,0.1779,0.4703,0.2483,-0.2302,0.3845,0.346,0.1992,0.2844,0.2819,-0.235,0.2998,0.0,0.0,4.501,4.431,4.664,4.418
20,5,1790610779.210,0.282,0.1822,0.4545,0.2519,-0.2319,0.3767,0.3429,0.1986,0.2887,0.2793,-0.2345,0.3049,0.1,0.1,4.497,4.39,4.664,4.418
20,6,1790610779.246,0.2924,0.1864,0.4368,0.255,-0.235,0.3683,0.3395,0.1981,0.2972,0.2761,-0.2343,0.3122,0.1,0.1,4.49,4.33,4.664,4.418
20,7,1790610779.277,0.306,0.1907,0.4062,0.2598,-0.2407,0.3528,0.3395,0.1981,0.2972,0.2761,-0.2343,0.3122,2.6,0.0,4.496,4.0,4.664,4.418
20,8,1790610779.310,0.3124,0.1927,0.3883,0.2622,-0.244,0.3438,0.3356,0.1978,0.3089,0.2726,-0.2342,0.3211,0.1,0.1,4.504,3.803,4.541,4.418
20,9,1790610779.344,0.3157,0.193,0.3753,0.2633,-0.2452,0.3378,0.3311,0.1978,0.3229,0.2689,-0.2343,0.3307,0.0,0.0,4.496,3.56,4.541,4.05
20,10,1790610779.377,0.317,0.1923,0.3686,0.2642,-0.2449,0.3346,0.3311,0.1978,0.3229,0.2689,-0.2343,0.3307,0.0,0.1,4.5,3.337,4.541,4.05
20,11,1790610779.410,0.3173,0.1919,0.3647,0.2646,-0.2434,0.3331,0.3257,0.1979,0.338,0.2652,-0.2349,0.34,0.1,0.1,4.495,3.092,4.541,3.682
20,12,1790610779.445,0.3175,0.1919,0.3608,0.2658,-0.2421,0.3315,0.3194,0.1979,0.3534,0.2617,-0.2358,0.3487,0.0,0.1,4.502,2.821,4.541,3.314
20,13,1790610779.477,0.3184,0.1923,0.3575,0.2665,-0.2405,0.3301,0.3194,0.1979,0.3534,0.2617,-0.2358,0.3487,0.0,0.1,4.497,2.612,4.541,3.314
20,14,1790610779.511,0.3187,0.193,0.3547,0.2674,-0.2391,0.3285,0.3123,0.1976,0.3684,0.2584,-0.237,0.3564,0.1,0.1,4.481,2.415,4.541,2.945
20,15,1790610779.546,0.3191,0.1929,0.3528,0.2682,-0.2384,0.3276,0.3048,0.1971,0.3825,0.2555,-0.238,0.3629,0.0,0.1,4.479,2.29,4.541,2.7
20,16,1790610779.579,0.3193,0.1927,0.3512,0.2688,-0.2379,0.327,0.3048,0.1971,0.3825,0.2555,-0.238,0.3629,0.0,0.0,4.496,2.155,4.541,2.7
20,17,1790610779.613,0.3195,0.1925,0.3496,0.2692,-0.2376,0.3262,0.2973,0.1964,0.3954,0.2532,-0.239,0.3682,0.0,0.0,4.506,2.137,4.541,2.332
20,18,1790610779.646,0.3196,0.1922,0.3487,0.2697,-0.2375,0.3258,0.2902,0.1956,0.4066,0.2516,-0.2397,0.3721,0.0,0.0,4.512,2.052,4.541,2.209
20,19,1790610779.680,0.3199,0.1919,0.3477,0.27,-0.2374,0.3251,0.2839,0.1947,0.4161,0.2507,-0.2404,0.3746,0.1,0.0,4.516,1.995,4.541,2.086
20,20,1790610779.714,0.3202,0.1917,0.3472,0.2707,-0.2377,0.3245,0.2785,0.1939,0.4237,0.2505,-0.2412,0.3759,0.1,0.0,4.532,1.907,4.541,2.086
20,21,1790610779.747,0.3205,0.1918,0.3458,0.2704,-0.2377,0.324,0.2785,0.1939,0.4237,0.2505,-0.2412,0.3759,0.0,0.0,4.528,1.828,4.541,2.086
20,22,1790610779.780,0.3208,0.1914,0.3451,0.2707,-0.2377,0.3237,0.2745,0.1933,0.4296,0.2511,-0.2419,0.376,0.1,0.0,4.513,1.724,4.541,2.086
20,23,1790610779.817,0.321,0.1915,0.3444,0.271,-0.2379,0.3234,0.2721,0.1928,0.4335,0.2522,-0.2426,0.3748,0.1,0.0,4.513,1.6,4.541,1.964
20,24,1790610779.850,0.3209,0.1912,0.3435,0.2713,-0.2377,0.323,0.2721,0.1928,0.4335,0.2522,-0.2426,0.3748,0.0,0.0,4.499,1.558,4.541,1.964
20,25,1790610779.883,0.3209,0.1912,0.3427,0.2713,-0.2378,0.3227,0.2713,0.1925,0.4356,0.2538,-0.2433,0.3727,0.0,0.0,4.512,1.556,4.541,1.718
20,26,1790610779.917,0.3211,0.1913,0.3426,0.2718,-0.2378,0.3222,0.2721,0.1924,0.4358,0.2557,-0.244,0.3696,0.1,0.0,4.526,1.6,4.541,1.595
20,27,1790610779.950,0.3213,0.1915,0.3415,0.2717,-0.238,0.3217,0.2745,0.1925,0.4342,0.258,-0.2445,0.3655,0.1,0.0,4.521,1.634,4.541,1.473
20,28,1790610779.984,0.3215,0.1912,0.3412,0.272,-0.238,0.3215,0.2781,0.1928,0.4309,0.2604,-0.2449,0.3607,0.0,0.0,4.511,1.748,4.541,1.473
20,29,1790610780.017,0.3217,0.191,0.3407,0.2723,-0.2381,0.3205,0.2827,0.1932,0.426,0.2628,-0.2452,0.3554,0.1,0.0,4.506,1.665,4.541,1.595
21,0,1790610780.801,0.2827,0.1956,0.4253,0.258,-0.2452,0.3624,0.3325,0.1917,0.2962,0.2772,-0.2445,0.2911,32.9,6.9,4.54,2.116,4.541,1.718
21,1,1790610780.834,0.2833,0.196,0.4242,0.2582,-0.2453,0.3623,0.3325,0.1916,0.2937,0.2772,-0.2444,0.2907,6.7,0.0,4.551,2.406,4.541,1.718
21,2,1790610780.868,0.2841,0.1967,0.423,0.2582,-0.2458,0.3621,0.3316,0.1918,0.2932,0.2767,-0.2444,0.2916,0.1,0.0,4.562,2.741,4.541,1.964
21,3,1790610780.901,0.2848,0.1973,0.4215,0.2584,-0.2458,0.3619,0.3316,0.1918,0.2932,0.2767,-0.2444,0.2916,0.1,0.0,4.544,3.05,4.541,1.964
21,4,1790610780.935,0.2853,0.1979,0.4205,0.2588,-0.246,0.3615,0.3298,0.1922,0.2959,0.2757,-0.2448,0.294,0.0,0.0,4.544,3.326,4.541,2.577
21,5,1790610780.968,0.286,0.1987,0.4196,0.259,-0.2461,0.3613,0.3273,0.1929,0.3015,0.2746,-0.2455,0.2979,0.0,0.0,4.539,3.672,4.541,3.191
21,6,1790610781.002,0.2865,0.1996,0.4185,0.2589,-0.2462,0.361,0.3244,0.1937,0.3095,0.2733,-0.2464,0.3028,0.0,0.0,4.539,3.945,4.541,3.436
21,7,1790610781.036,0.287,0.2005,0.4177,0.2591,-0.2465,0.3608,0.3244,0.1937,0.3095,0.2733,-0.2464,0.3028,0.0,0.0,4.529,4.274,4.541,3.436
21,8,1790610781.069,0.2875,0.2011,0.4169,0.259,-0.2467,0.3607,0.321,0.1947,0.3196,0.2718,-0.2474,0.3087,0.0,0.0,4.527,4.454,4.541,3.559
21,9,1790610781.103,0.2879,0.2016,0.416,0.2591,-0.247,0.3606,0.3171,0.1958,0.3312,0.2701,-0.2483,0.3153,0.0,0.0,4.514,4.482,4.541,3.927
21,10,1790610781.136,0.2887,0.2026,0.4146,0.2593,-0.2474,0.3602,0.3127,0.1969,0.3441,0.2683,-0.2491,0.3225,0.0,0.0,4.536,4.48,4.541,4.418
21,11,1790610781.169,0.2894,0.2035,0.4137,0.2596,-0.2475,0.3599,0.3127,0.1969,0.3441,0.2683,-0.2491,0.3225,0.0,0.0,4.517,4.472,4.541,4.418
21,12,1790610781.203,0.2904,0.2046,0.4121,0.2599,-0.2477,0.3596,0.3077,0.198,0.3579,0.2661,-0.2495,0.3302,0.0,0.0,4.526,4.479,4.541,4.664
21,13,1790610781.237,0.2917,0.2057,0.4102,0.26,-0.248,0.3591,0.302,0.1991,0.3721,0.2638,-0.25,0.3381,0.0,0.0,4.517,4.487,4.541,4.541
21,14,1790610781.270,0.293,0.2066,0.4081,0.2603,-0.2481,0.3587,0.302,0.1991,0.3721,0.2638,-0.25,0.3381,0.1,0.0,4.523,4.48,4.541,4.541
21,15,1790610781.304,0.2938,0.207,0.4065,0.2605,-0.2481,0.3584,0.2959,0.2002,0.3862,0.2614,-0.2503,0.3462,0.1,0.0,4.52,4.485,4.541,4.418
21,16,1790610781.337,0.2948,0.2074,0.4046,0.2608,-0.248,0.3576,0.2894,0.2015,0.3997,0.2588,-0.2504,0.3541,0.0,0.0,4.517,4.481,4.541,4.418
21,17,1790610781.370,0.2955,0.2075,0.4029,0.261,-0.2481,0.357,0.2894,0.2015,0.3997,0.2588,-0.2504,0.3541,0.0,0.0,4.516,4.502,4.541,4.418
21,18,1790610781.404,0.2958,0.2071,0.4021,0.2611,-0.2479,0.3569,0.2829,0.2028,0.4124,0.2563,-0.2504,0.3617,0.0,0.0,4.493,4.498,4.541,4.418
21,19,1790610781.437,0.2957,0.2066,0.4013,0.2612,-0.2476,0.3566,0.2765,0.2043,0.4239,0.2538,-0.2501,0.3688,0.0,0.0,4.494,4.438,4.541,4.418
21,20,1790610781.471,0.2959,0.2067,0.4001,0.2614,-0.2472,0.3561,0.2704,0.2058,0.4343,0.2514,-0.2498,0.3754,0.1,0.0,4.381,4.308,4.541,4.418
21,21,1790610781.504,0.2955,0.2061,0.3997,0.2613,-0.2468,0.3558,0.2704,0.2058,0.4343,0.2514,-0.2498,0.3754,0.0,0.0,4.129,4.068,4.541,4.418
21,22,1790610781.538,0.2957,0.2058,0.3989,0.2616,-0.2464,0.3556,0.2647,0.2072,0.4434,0.2492,-0.2494,0.3813,0.0,0.0,3.72,3.709,4.541,4.418
21,23,1790610781.571,0.2957,0.2057,0.3983,0.2617,-0.2461,0.3552,0.2594,0.2085,0.4512,0.2472,-0.2489,0.3865,0.0,0.0,3.286,3.381,4.418,4.418
21,24,1790610781.604,0.296,0.2057,0.3972,0.262,-0.2457,0.355,0.2546,0.2098,0.4577,0.2454,-0.2483,0.3909,0.0,0.0,2.834,2.952,4.173,4.173
21,25,1790610781.638,0.2963,0.2057,0.3957,0.2622,-0.2453,0.3546,0.2507,0.211,0.463,0.2441,-0.2476,0.3944,0.0,0.0,2.453,2.588,3.436,3.559
21,26,1790610781.674,0.2969,0.2062,0.3944,0.2627,-0.2449,0.3539,0.2477,0.212,0.4669,0.2431,-0.2469,0.3971,0.0,0.0,2.076,2.179,2.577,2.823
21,27,1790610781.705,0.2974,0.2064,0.3928,0.2631,-0.2445,0.3534,0.2477,0.212,0.4669,0.2431,-0.2469,0.3971,0.0,0.0,1.72,1.774,2.577,2.823
21,28,1790610781.738,0.2978,0.2066,0.391,0.2635,-0.2439,0.3528,0.2457,0.213,0.4694,0.2426,-0.2463,0.3989,0.0,0.0,1.417,1.415,2.209,2.455
21,29,1790610781.771,0.2982,0.2066,0.3895,0.2638,-0.2435,0.3525,0.2449,0.2139,0.4707,0.2427,-0.2456,0.3997,0.0,0.0,1.073,1.091,1.718,1.964
22,0,1790610782.544,0.2419,0.2094,0.471,0.2409,-0.2411,0.4047,0.2944,0.2208,0.3984,0.261,-0.2439,0.3659,38.6,14.6,0.581,1.231,1.105,1.105
22,1,1790610782.577,0.242,0.2088,0.4704,0.2414,-0.241,0.4045,0.2956,0.2207,0.3955,0.2613,-0.2439,0.365,10.5,0.0,0.357,0.89,1.105,1.105
22,2,1790610782.611,0.2426,0.2083,0.4694,0.2417,-0.2409,0.4041,0.2954,0.2206,0.3942,0.2609,-0.2439,0.365,0.1,0.1,0.191,0.598,0.859,1.105
22,3,1790610782.644,0.2433,0.2083,0.4688,0.2423,-0.2408,0.4038,0.2936,0.2204,0.3949,0.2597,-0.2439,0.3666,0.1,0.1,0.14,0.293,0.368,0.982
22,4,1790610782.678,0.2442,0.2081,0.4677,0.2428,-0.2407,0.4034,0.2906,0.2202,0.3978,0.258,-0.2437,0.3695,0.0,0.0,0.1,0.149,0.123,0.614
22,5,1790610782.711,0.245,0.2082,0.4666,0.2432,-0.2406,0.403,0.2867,0.2198,0.4025,0.256,-0.2435,0.3734,0.0,0.0,0.094,0.123,0.123,0.123
22,6,1790610782.744,0.2461,0.2081,0.465,0.2437,-0.2405,0.4025,0.2867,0.2198,0.4025,0.256,-0.2435,0.3734,0.0,0.0,0.077,0.132,0.123,0.123
22,7,1790610782.778,0.2477,0.2078,0.463,0.2445,-0.2401,0.4016,0.282,0.2194,0.4089,0.2537,-0.2432,0.3781,0.1,0.0,0.087,0.212,0.123,0.0
22,8,1790610782.811,0.2496,0.208,0.4607,0.2452,-0.2403,0.4004,0.2763,0.2187,0.4166,0.2512,-0.2427,0.3833,0.0,0.0,0.076,0.174,0.123,0.0
22,9,1790610782.845,0.2522,0.2083,0.4573,0.2467,-0.24,0.3987,0.2763,0.2187,0.4166,0.2512,-0.2427,0.3833,0.1,0.0,0.08,0.204,0.123,0.0
22,10,1790610782.878,0.2555,0.2088,0.4534,0.2482,-0.2402,0.3964,0.27,0.2178,0.4252,0.2485,-0.2421,0.3888,0.1,0.0,0.092,0.206,0.123,0.123
22,11,1790610782.911,0.2592,0.2092,0.4487,0.2505,-0.2411,0.3932,0.27,0.2178,0.4252,0.2485,-0.2421,0.3888,0.1,0.0,0.075,0.206,0.123,0.123
22,12,1790610782.945,0.264,0.2103,0.4428,0.2533,-0.2425,0.3893,0.2632,0.2166,0.4343,0.2459,-0.2416,0.3945,0.1,0.0,0.035,0.281,0.123,0.123
22,13,1790610782.978,0.2699,0.2116,0.435,0.2562,-0.2451,0.3851,0.256,0.2152,0.4434,0.2434,-0.2408,0.4,0.0,0.1,0.051,0.276,0.123,0.123
22,14,1790610783.012,0.276,0.2126,0.4262,0.2595,-0.2484,0.3798,0.249,0.2138,0.4521,0.2412,-0.2402,0.4051,0.0,0.1,0.031,0.312,0.123,0.245
22,15,1790610783.045,0.2834,0.2146,0.4152,0.2632,-0.2525,0.3738,0.2425,0.2124,0.46,0.2397,-0.24,0.4094,0.0,0.1,0.048,0.349,0.123,0.245
22,16,1790610783.078,0.2903,0.2159,0.4044,0.2663,-0.2566,0.3688,0.2369,0.2113,0.4669,0.2389,-0.2403,0.413,0.0,0.1,0.04,0.405,0.123,0.245
22,17,1790610783.112,0.2961,0.2172,0.3941,0.2692,-0.2604,0.363,0.2369,0.2113,0.4669,0.2389,-0.2403,0.413,0.0,0.1,0.033,0.378,0.123,0.245
22,18,1790610783.145,0.3012,0.2186,0.3848,0.2715,-0.2634,0.3578,0.2326,0.2104,0.4725,0.2389,-0.2412,0.4156,0.0,0.1,0.035,0.334,0.123,0.368
22,19,1790610783.179,0.305,0.2194,0.3771,0.2738,-0.2659,0.3539,0.23,0.21,0.4766,0.2397,-0.2429,0.4172,0.0,0.1,0.04,0.274,0.123,0.368
22,20,1790610783.212,0.3085,0.2206,0.3707,0.2751,-0.2673,0.3506,0.2299,0.2102,0.4789,0.2417,-0.2457,0.4176,0.1,0.1,0.063,0.223,0.0,0.368
22,21,1790610783.246,0.3111,0.2212,0.3655,0.2762,-0.2677,0.348,0.2299,0.2102,0.4789,0.2417,-0.2457,0.4176,0.1,0.1,0.046,0.167,0.0,0.368
22,22,1790610783.279,0.3131,0.2216,0.3614,0.277,-0.2677,0.3461,0.2322,0.2112,0.4793,0.2448,-0.2494,0.4166,0.1,0.1,0.078,0.123,0.0,0.368
22,23,1790610783.313,0.3153,0.2223,0.3573,0.2775,-0.267,0.3449,0.2371,0.2129,0.4776,0.2488,-0.2538,0.414,0.1,0.1,0.054,0.098,0.0,0.245
22,24,1790610783.346,0.3165,0.2226,0.3544,0.2778,-0.2668,0.3442,0.2371,0.2129,0.4776,0.2488,-0.2538,0.414,0.0,0.0,0.058,0.066,0.0,0.245
22,25,1790610783.380,0.3177,0.2227,0.3521,0.2784,-0.266,0.3435,0.2444,0.2152,0.4736,0.2533,-0.2588,0.4101,0.1,0.1,0.077,0.059,0.0,0.123
22,26,1790610783.413,0.3181,0.2227,0.3511,0.2784,-0.2656,0.3435,0.2444,0.2152,0.4736,0.2533,-0.2588,0.4101,0.0,0.0,0.034,0.057,0.0,0.123
22,27,1790610783.447,0.3184,0.2226,0.3508,0.2786,-0.2647,0.3435,0.2537,0.2182,0.4672,0.2582,-0.2635,0.4047,0.1,0.0,0.068,0.047,0.0,0.123
22,28,1790610783.480,0.3186,0.2224,0.3504,0.2784,-0.2645,0.3435,0.2647,0.2217,0.4581,0.2632,-0.268,0.398,0.1,0.0,0.075,0.074,0.0,0.123
22,29,1790610783.514,0.3185,0.2219,0.3502,0.2783,-0.2646,0.3437,0.2766,0.2254,0.4465,0.268,-0.2718,0.39,0.0,0.0,0.085,0.09,0.0,0.123
23,0,1790610784.281,0.3128,0.2343,0.396,0.2915,-0.2684,0.3583,0.3352,0.2248,0.21,0.2946,-0.28,0.2736,24.1,3.3,0.013,0.007,0.123,0.123
23,1,1790610784.314,0.3208,0.2341,0.3807,0.2989,-0.2673,0.3468,0.3345,0.2241,0.2073,0.2946,-0.2798,0.273,0.0,0.0,0.029,-0.003,0.123,0.123
23,2,1790610784.348,0.3262,0.2344,0.37,0.3039,-0.2665,0.3385,0.3345,0.2241,0.2073,0.2946,-0.2798,0.273,0.1,0.0,0.026,-0.001,0.123,0.123
23,3,1790610784.382,0.3302,0.2337,0.3606,0.3081,-0.2663,0.331,0.3341,0.2236,0.2044,0.2958,-0.2805,0.2718,0.1,0.1,0.015,-0.007,0.123,0.0
23,4,1790610784.415,0.3329,0.2333,0.3536,0.3113,-0.2659,0.3254,0.3348,0.2237,0.2026,0.2986,-0.2817,0.2697,0.1,0.0,0.036,0.004,0.123,0.0
23,5,1790610784.448,0.3348,0.233,0.3487,0.3135,-0.2658,0.3211,0.3361,0.2245,0.2026,0.3023,-0.2831,0.2673,0.0,0.0,0.025,-0.001,0.123,0.0
23,6,1790610784.481,0.3359,0.2321,0.3446,0.3154,-0.2657,0.3181,0.3361,0.2245,0.2026,0.3023,-0.2831,0.2673,0.0,0.1,0.003,0.0,0.123,0.0
23,7,1790610784.515,0.3365,0.2314,0.3424,0.3163,-0.2655,0.3162,0.3379,0.2256,0.2045,0.3063,-0.2843,0.2653,0.0,0.0,0.025,0.009,0.0,0.0
23,8,1790610784.548,0.3371,0.231,0.3408,0.3166,-0.2655,0.3155,0.34,0.227,0.2084,0.3105,-0.2852,0.2637,0.0,0.0,0.005,0.004,0.0,0.0
23,9,1790610784.582,0.3375,0.2308,0.3398,0.3169,-0.2653,0.3149,0.34,0.227,0.2084,0.3105,-0.2852,0.2637,0.0,0.0,0.022,0.007,0.0,0.0
23,10,1790610784.616,0.3376,0.2307,0.3394,0.3172,-0.2652,0.315,0.3421,0.2285,0.2144,0.3146,-0.2856,0.2627,0.0,0.0,0.027,0.008,0.0,0.0
23,11,1790610784.648,0.3379,0.2308,0.339,0.3172,-0.2652,0.315,0.3442,0.2299,0.2227,0.3185,-0.2853,0.2626,0.0,0.1,0.017,0.009,0.0,0.0
23,12,1790610784.683,0.338,0.2308,0.3387,0.3173,-0.2651,0.3147,0.3461,0.2312,0.233,0.3219,-0.2842,0.2636,0.0,0.0,0.037,0.011,0.0,0.0
23,13,1790610784.717,0.338,0.2308,0.3387,0.3176,-0.2651,0.3147,0.3461,0.2312,0.233,0.3219,-0.2842,0.2636,0.0,0.0,0.039,0.021,0.0,0.0
23,14,1790610784.749,0.338,0.2307,0.3385,0.3176,-0.265,0.3146,0.3475,0.2324,0.2452,0.3248,-0.2824,0.2659,0.0,0.0,0.026,0.015,0.0,0.0
23,15,1790610784.783,0.3382,0.2306,0.3385,0.3176,-0.2652,0.3147,0.3482,0.2334,0.2589,0.3272,-0.28,0.2693,0.0,0.0,0.053,0.02,0.0,0.0
23,16,1790610784.817,0.3384,0.2307,0.3382,0.3176,-0.2652,0.3147,0.3482,0.2342,0.2736,0.329,-0.277,0.2737,0.0,0.0,0.066,0.018,0.0,0.0
23,17,1790610784.850,0.3386,0.2308,0.3378,0.3175,-0.2649,0.3141,0.3473,0.2348,0.2889,0.3303,-0.2738,0.2789,0.0,0.0,0.028,0.004,0.0,0.0
23,18,1790610784.883,0.3386,0.2308,0.3378,0.3176,-0.2651,0.314,0.3457,0.2353,0.3043,0.3311,-0.2704,0.2847,0.0,0.0,0.027,0.015,0.0,0.0
23,19,1790610784.917,0.3387,0.2307,0.3372,0.3174,-0.265,0.3139,0.3457,0.2353,0.3043,0.3311,-0.2704,0.2847,0.0,0.0,0.024,0.019,0.0,0.0
23,20,1790610784.951,0.339,0.2308,0.3372,0.3174,-0.2653,0.3141,0.3433,0.2358,0.3196,0.3314,-0.2668,0.2911,0.0,0.0,0.026,0.007,0.0,0.0
23,21,1790610784.985,0.3391,0.2307,0.3368,0.3174,-0.2652,0.3138,0.3402,0.2362,0.3343,0.3313,-0.2633,0.2977,0.0,0.0,0.02,0.025,0.0,0.0
23,22,1790610785.019,0.3393,0.2306,0.3366,0.3174,-0.2652,0.3136,0.3367,0.2365,0.3483,0.3307,-0.2599,0.3045,0.0,0.0,0.045,0.012,0.0,0.0
23,23,1790610785.052,0.3392,0.2306,0.3363,0.3176,-0.2651,0.313,0.3367,0.2365,0.3483,0.3307,-0.2599,0.3045,0.0,0.0,0.03,0.013,0.0,0.0
23,24,1790610785.085,0.3397,0.2306,0.3353,0.3178,-0.2653,0.3123,0.3328,0.2368,0.3614,0.3297,-0.2567,0.3114,0.0,0.0,0.012,0.011,0.0,0.0
23,25,1790610785.119,0.3401,0.2305,0.335,0.318,-0.2653,0.3119,0.3287,0.237,0.3733,0.3282,-0.2537,0.3182,0.0,0.0,0.014,0.012,0.0,0.0
23,26,1790610785.152,0.3403,0.2302,0.3349,0.3184,-0.2652,0.3116,0.3246,0.2372,0.3839,0.3265,-0.251,0.3247,0.0,0.0,0.021,0.01,0.0,0.0
23,27,1790610785.186,0.3407,0.2302,0.3338,0.3184,-0.2652,0.3109,0.3208,0.2375,0.3931,0.3248,-0.2488,0.3307,0.0,0.0,0.017,0.025,0.0,0.0
23,28,1790610785.219,0.3409,0.23,0.3336,0.3187,-0.2653,0.3102,0.3208,0.2375,0.3931,0.3248,-0.2488,0.3307,0.0,0.0,0.011,0.031,0.0,0.0
23,29,1790610785.253,0.3413,0.2298,0.3331,0.3189,-0.2651,0.3096,0.3175,0.2377,0.4008,0.323,-0.2471,0.3361,0.0,0.0,0.027,0.032,0.0,0.0
24,0,1790610786.020,0.3072,0.2377,0.417,0.3165,-0.2445,0.35,0.3256,0.2415,0.3834,0.3156,-0.2556,0.3426,26.0,7.4,0.022,-0.002,0.0,0.123
24,1,1790610786.053,0.3074,0.2375,0.4171,0.3167,-0.2446,0.3495,0.3265,0.2413,0.3808,0.3158,-0.256,0.3416,0.0,0.0,0.039,-0.009,0.0,0.123
24,2,1790610786.086,0.3076,0.2373,0.4169,0.3166,-0.2444,0.3494,0.3265,0.2413,0.3808,0.3158,-0.256,0.3416,0.0,0.0,0.024,0.013,0.0,0.123
24,3,1790610786.119,0.3077,0.2375,0.4167,0.3167,-0.2444,0.3489,0.3265,0.2413,0.3808,0.3158,-0.256,0.3416,0.0,0.0,0.015,0.014,0.0,0.123
24,4,1790610786.155,0.308,0.2369,0.4161,0.317,-0.2441,0.3484,0.3264,0.2409,0.3796,0.3158,-0.2557,0.3412,0.1,0.1,0.022,0.009,0.0,0.123
24,5,1790610786.189,0.3086,0.2371,0.4154,0.3174,-0.244,0.3479,0.3251,0.2404,0.3806,0.3156,-0.2545,0.3418,0.1,0.1,0.029,0.009,0.0,0.123
24,6,1790610786.222,0.3098,0.2369,0.4138,0.3179,-0.2437,0.3466,0.3229,0.2398,0.3833,0.3153,-0.2527,0.3431,0.1,0.1,0.024,0.01,0.0,0.123
24,7,1790610786.256,0.312,0.2367,0.4102,0.3193,-0.2425,0.3435,0.3201,0.2392,0.3875,0.3149,-0.2506,0.345,0.1,0.1,0.012,-0.003,0.0,0.123
24,8,1790610786.289,0.315,0.2371,0.4052,0.3211,-0.2414,0.3388,0.3169,0.2387,0.3928,0.3147,-0.2483,0.3473,0.0,0.1,0.033,-0.002,0.0,0.123
24,9,1790610786.323,0.3182,0.2378,0.3996,0.323,-0.2403,0.3335,0.3134,0.2383,0.3989,0.3144,-0.2459,0.3498,0.0,0.1,0.034,-0.006,0.0,0.0
24,10,1790610786.356,0.3217,0.2385,0.3932,0.3253,-0.2392,0.3266,0.3134,0.2383,0.3989,0.3144,-0.2459,0.3498,0.0,0.0,0.04,-0.011,0.0,0.0
24,11,1790610786.389,0.325,0.2395,0.3864,0.3277,-0.2385,0.3194,0.3099,0.2381,0.4056,0.3145,-0.2434,0.3522,0.0,0.0,0.037,-0.002,0.0,0.0
24,12,1790610786.423,0.3288,0.2403,0.3784,0.33,-0.2378,0.3107,0.3067,0.2383,0.4123,0.3149,-0.2409,0.3543,0.0,0.0,0.026,-0.004,0.0,0.0
24,13,1790610786.456,0.3335,0.2418,0.3675,0.3328,-0.2372,0.299,0.3039,0.2389,0.4188,0.3157,-0.2386,0.3557,0.0,0.0,0.037,-0.0,0.0,0.0
24,14,1790610786.491,0.3391,0.2427,0.3533,0.3356,-0.2366,0.2858,0.3039,0.2389,0.4188,0.3157,-0.2386,0.3557,0.0,0.0,0.018,-0.003,0.0,0.0
24,15,1790610786.524,0.3445,0.243,0.3374,0.3378,-0.2357,0.2716,0.3015,0.2399,0.4247,0.3171,-0.2365,0.3563,0.1,0.0,0.031,-0.006,0.0,0.0
24,16,1790610786.557,0.3483,0.2431,0.323,0.3389,-0.2347,0.2597,0.3001,0.2413,0.43,0.3192,-0.2347,0.3558,0.1,0.1,0.047,-0.001,0.0,0.0
24,17,1790610786.591,0.3511,0.242,0.311,0.3393,-0.2336,0.2506,0.3,0.2433,0.4338,0.3223,-0.2333,0.3535,0.1,0.1,0.047,0.012,0.0,0.0
24,18,1790610786.625,0.3524,0.2406,0.3027,0.3391,-0.2327,0.2451,0.3,0.2433,0.4338,0.3223,-0.2333,0.3535,0.0,0.0,0.005,-0.01,0.0,0.0
24,19,1790610786.658,0.353,0.239,0.2979,0.339,-0.2322,0.2421,0.3016,0.2459,0.4357,0.3264,-0.2322,0.3491,0.2,0.1,0.01,0.004,0.0,0.0
24,20,1790610786.693,0.3533,0.2386,0.2943,0.3388,-0.2317,0.2398,0.3049,0.2489,0.4348,0.3311,-0.2315,0.3424,0.1,0.1,0.028,0.013,0.0,0.0
24,21,1790610786.726,0.3531,0.2373,0.2922,0.3382,-0.232,0.2394,0.3049,0.2489,0.4348,0.3311,-0.2315,0.3424,0.0,0.0,0.035,-0.002,0.0,0.0
24,22,1790610786.759,0.353,0.2366,0.2908,0.3378,-0.2323,0.2395,0.3097,0.2519,0.4312,0.336,-0.2307,0.3336,0.1,0.1,0.009,-0.008,0.0,0.0
24,23,1790610786.796,0.3524,0.236,0.2903,0.337,-0.2333,0.2397,0.3157,0.2545,0.4247,0.3406,-0.2299,0.3227,0.1,0.1,0.032,0.003,0.0,0.0
24,24,1790610786.829,0.3525,0.2356,0.2897,0.3371,-0.2336,0.2401,0.3157,0.2545,0.4247,0.3406,-0.2299,0.3227,0.0,0.0,0.027,-0.004,0.0,0.0
24,25,1790610786.862,0.352,0.2352,0.2895,0.3367,-0.2338,0.2406,0.3223,0.2563,0.4153,0.3446,-0.2288,0.3102,0.1,0.1,0.006,0.004,0.0,0.0
24,26,1790610786.897,0.3523,0.2356,0.2893,0.3368,-0.234,0.2406,0.3293,0.2576,0.4033,0.3477,-0.2276,0.2965,0.1,0.1,0.029,0.01,0.0,0.0
24,27,1790610786.930,0.352,0.2351,0.2891,0.3366,-0.234,0.2409,0.3293,0.2576,0.4033,0.3477,-0.2276,0.2965,0.0,0.0,0.016,-0.003,0.0,0.0
24,28,1790610786.963,0.3522,0.2354,0.2889,0.3364,-0.2341,0.2403,0.3363,0.2579,0.3889,0.3497,-0.2261,0.2817,0.1,0.1,0.037,0.019,0.0,0.0
24,29,1790610786.997,0.3519,0.235,0.289,0.3365,-0.2344,0.2405,0.3429,0.2573,0.3723,0.3506,-0.2244,0.2665,0.1,0.1,0.046,-0.003,0.0,0.0
