chunk,passo,t,alvo_E_x,alvo_E_y,alvo_E_z,alvo_D_x,alvo_D_y,alvo_D_z,med_E_x,med_E_y,med_E_z,med_D_x,med_D_y,med_D_z,erro_ik_E_mm,erro_ik_D_mm,garra_cmd_E,garra_cmd_D,garra_med_E,garra_med_D
0,0,1790611437.052,0.3518,0.1865,0.2485,0.2897,-0.2225,0.2204,0.3588,0.1866,0.203,0.2929,-0.2078,0.2076,13.7,0.7,4.525,4.472,4.541,4.541
0,1,1790611437.086,0.3481,0.1892,0.2478,0.2913,-0.2205,0.2206,0.3588,0.1865,0.2032,0.2928,-0.2079,0.2075,0.5,0.1,4.504,4.483,4.541,4.541
0,2,1790611437.122,0.3454,0.1918,0.2472,0.2928,-0.2185,0.2206,0.3588,0.1865,0.2032,0.2928,-0.2079,0.2075,0.0,0.0,4.507,4.488,4.541,4.541
0,3,1790611437.155,0.3428,0.1938,0.2474,0.2943,-0.2163,0.2206,0.3584,0.1865,0.2043,0.2925,-0.2076,0.2078,0.1,0.0,4.497,4.479,4.541,4.541
0,4,1790611437.188,0.3407,0.1952,0.2472,0.2957,-0.214,0.2207,0.3571,0.1858,0.2074,0.292,-0.207,0.2086,0.1,0.1,4.515,4.484,4.418,4.541
0,5,1790611437.222,0.3391,0.1964,0.2472,0.297,-0.2122,0.2208,0.3547,0.1845,0.2125,0.2917,-0.2066,0.2096,0.1,0.1,4.492,4.476,4.418,4.541
0,6,1790611437.255,0.3376,0.1977,0.2475,0.298,-0.2107,0.2212,0.3547,0.1845,0.2125,0.2917,-0.2066,0.2096,0.0,0.0,4.509,4.481,4.418,4.541
0,7,1790611437.289,0.3361,0.1984,0.2474,0.2987,-0.2094,0.2216,0.3513,0.1829,0.2194,0.2917,-0.2065,0.2109,0.1,0.1,4.496,4.488,4.418,4.418
0,8,1790611437.324,0.3355,0.199,0.2474,0.2992,-0.2086,0.2216,0.3513,0.1829,0.2194,0.2917,-0.2065,0.2109,0.1,0.1,4.51,4.469,4.418,4.418
0,9,1790611437.356,0.3353,0.1995,0.2473,0.2993,-0.2079,0.2216,0.3474,0.1811,0.2274,0.2921,-0.2067,0.2123,0.1,0.1,4.496,4.478,4.418,4.418
0,10,1790611437.390,0.335,0.1997,0.2471,0.2993,-0.2079,0.2217,0.3432,0.1797,0.2362,0.293,-0.2073,0.2137,0.1,0.0,4.506,4.477,4.418,4.418
0,11,1790611437.423,0.3348,0.2,0.2469,0.2994,-0.2078,0.2217,0.3387,0.1786,0.2452,0.294,-0.2079,0.2153,0.1,0.0,4.507,4.474,4.541,4.418
0,12,1790611437.456,0.3346,0.1999,0.2469,0.2993,-0.2075,0.2217,0.3344,0.1779,0.2543,0.2953,-0.2086,0.217,0.0,0.0,4.487,4.471,4.541,4.418
0,13,1790611437.490,0.3346,0.1997,0.2469,0.2993,-0.2079,0.2215,0.3344,0.1779,0.2543,0.2953,-0.2086,0.217,0.0,0.0,4.482,4.474,4.541,4.418
0,14,1790611437.523,0.3347,0.1996,0.2469,0.2992,-0.2078,0.2214,0.3305,0.178,0.263,0.2965,-0.2091,0.2188,0.0,0.0,4.494,4.463,4.541,4.418
0,15,1790611437.557,0.3346,0.1996,0.2469,0.2992,-0.2078,0.2215,0.3305,0.178,0.263,0.2965,-0.2091,0.2188,0.0,0.1,4.482,4.48,4.541,4.418
0,16,1790611437.593,0.3347,0.1997,0.2467,0.2991,-0.2078,0.2215,0.3271,0.179,0.2712,0.2978,-0.2095,0.2206,0.0,0.1,4.504,4.487,4.541,4.418
0,17,1790611437.626,0.3349,0.1996,0.247,0.2992,-0.2076,0.2215,0.3245,0.1807,0.2786,0.2989,-0.2096,0.2225,0.0,0.0,4.486,4.462,4.541,4.418
0,18,1790611437.660,0.3345,0.1997,0.2468,0.2994,-0.2076,0.2216,0.3224,0.1831,0.2852,0.3,-0.2095,0.2243,0.0,0.0,4.503,4.482,4.541,4.418
0,19,1790611437.693,0.3346,0.1997,0.2469,0.2993,-0.2078,0.2216,0.3224,0.1831,0.2852,0.3,-0.2095,0.2243,0.0,0.0,4.479,4.467,4.541,4.418
0,20,1790611437.727,0.3347,0.1998,0.2469,0.2993,-0.2077,0.2215,0.321,0.186,0.291,0.301,-0.2092,0.226,0.0,0.0,4.485,4.484,4.541,4.418
0,21,1790611437.761,0.3346,0.1997,0.2468,0.2995,-0.2076,0.2214,0.3203,0.1897,0.2959,0.3018,-0.2087,0.2276,0.0,0.0,4.499,4.468,4.541,4.418
0,22,1790611437.794,0.3344,0.1996,0.2466,0.2995,-0.2077,0.2213,0.3203,0.1897,0.2959,0.3018,-0.2087,0.2276,0.0,0.0,4.478,4.472,4.541,4.418
0,23,1790611437.827,0.3344,0.1996,0.2467,0.2995,-0.2077,0.2214,0.3202,0.1939,0.2996,0.3025,-0.208,0.229,0.1,0.0,4.477,4.477,4.541,4.418
0,24,1790611437.861,0.3347,0.1997,0.2467,0.2993,-0.2077,0.2211,0.3207,0.1985,0.3023,0.3031,-0.2072,0.2303,0.0,0.0,4.49,4.477,4.541,4.418
0,25,1790611437.894,0.3346,0.1997,0.2466,0.2992,-0.2078,0.2214,0.3216,0.2033,0.304,0.3036,-0.2063,0.2313,0.0,0.0,4.478,4.477,4.541,4.418
0,26,1790611437.927,0.3344,0.1998,0.2466,0.2994,-0.2079,0.2215,0.3227,0.2081,0.3046,0.3039,-0.2052,0.2321,0.0,0.0,4.488,4.469,4.541,4.418
0,27,1790611437.961,0.3346,0.1996,0.2467,0.2993,-0.2079,0.2214,0.3227,0.2081,0.3046,0.3039,-0.2052,0.2321,0.0,0.0,4.482,4.469,4.541,4.418
0,28,1790611437.994,0.3347,0.1998,0.2464,0.2992,-0.208,0.2215,0.324,0.2128,0.3043,0.3042,-0.2042,0.2327,0.0,0.0,4.489,4.478,4.541,4.418
0,29,1790611438.029,0.3346,0.1996,0.2466,0.2992,-0.2079,0.2216,0.324,0.2128,0.3043,0.3042,-0.2042,0.2327,0.0,0.0,4.481,4.469,4.541,4.418
1,0,1790611438.801,0.3234,0.2134,0.3037,0.3022,-0.2074,0.2411,0.3318,0.2272,0.2392,0.3025,-0.1975,0.2265,7.1,0.4,4.53,4.495,4.541,4.418
1,1,1790611438.834,0.3242,0.2123,0.3015,0.3025,-0.2078,0.2407,0.3318,0.2272,0.2392,0.3025,-0.1975,0.2265,0.0,0.1,4.515,4.483,4.541,4.418
1,2,1790611438.868,0.3248,0.2107,0.2999,0.3026,-0.2079,0.2395,0.3316,0.2263,0.2368,0.3024,-0.1977,0.2262,0.0,0.1,4.512,4.488,4.541,4.418
1,3,1790611438.901,0.3256,0.2092,0.2985,0.3024,-0.2085,0.2389,0.3308,0.2253,0.2357,0.3023,-0.1979,0.2264,0.0,0.1,4.516,4.499,4.541,4.418
1,4,1790611438.935,0.3262,0.2078,0.2977,0.3026,-0.2086,0.2382,0.3294,0.2239,0.2369,0.3021,-0.198,0.2272,0.0,0.0,4.517,4.486,4.541,4.418
1,5,1790611438.969,0.3268,0.2071,0.2969,0.3027,-0.2089,0.2379,0.3279,0.2222,0.2397,0.3021,-0.1982,0.2283,0.1,0.1,4.511,4.491,4.541,4.418
1,6,1790611439.003,0.3274,0.2058,0.2964,0.3028,-0.2089,0.2381,0.3279,0.2222,0.2397,0.3021,-0.1982,0.2283,0.0,0.1,4.501,4.487,4.541,4.418
1,7,1790611439.037,0.328,0.2052,0.2957,0.3029,-0.2091,0.2378,0.3265,0.2206,0.2437,0.3021,-0.1986,0.2297,0.1,0.1,4.503,4.484,4.541,4.418
1,8,1790611439.070,0.3285,0.2043,0.2958,0.303,-0.2087,0.2379,0.3253,0.2191,0.2488,0.3023,-0.1991,0.2313,0.1,0.1,4.516,4.496,4.541,4.418
1,9,1790611439.104,0.329,0.2041,0.2952,0.303,-0.2088,0.2381,0.3253,0.2191,0.2488,0.3023,-0.1991,0.2313,0.1,0.0,4.516,4.506,4.541,4.418
1,10,1790611439.137,0.3292,0.2036,0.2953,0.3032,-0.2089,0.2381,0.3244,0.2177,0.2547,0.3026,-0.1999,0.2331,0.1,0.1,4.495,4.489,4.541,4.418
1,11,1790611439.171,0.3295,0.2032,0.295,0.3031,-0.209,0.2384,0.3237,0.2163,0.2614,0.303,-0.2008,0.235,0.1,0.1,4.478,4.492,4.541,4.418
1,12,1790611439.205,0.3299,0.2035,0.2945,0.3032,-0.2091,0.2381,0.3233,0.215,0.2688,0.3034,-0.2018,0.237,0.1,0.1,4.49,4.488,4.541,4.541
1,13,1790611439.238,0.3302,0.2034,0.2944,0.3033,-0.2089,0.2381,0.323,0.2137,0.2765,0.3037,-0.2029,0.239,0.1,0.0,4.499,4.487,4.541,4.541
1,14,1790611439.271,0.3303,0.2032,0.2945,0.3032,-0.2091,0.238,0.323,0.2137,0.2765,0.3037,-0.2029,0.239,0.0,0.0,4.493,4.491,4.541,4.541
1,15,1790611439.304,0.3304,0.2032,0.2946,0.3031,-0.2089,0.2379,0.3228,0.2124,0.2845,0.3041,-0.204,0.2411,0.0,0.0,4.505,4.485,4.541,4.541
1,16,1790611439.338,0.3303,0.2032,0.2945,0.3034,-0.2091,0.2379,0.3227,0.2111,0.2926,0.3044,-0.2052,0.243,0.1,0.0,4.491,4.485,4.541,4.541
1,17,1790611439.371,0.3304,0.2031,0.2944,0.303,-0.2089,0.2379,0.3226,0.21,0.3006,0.3047,-0.2064,0.2448,0.0,0.1,4.486,4.492,4.541,4.541
1,18,1790611439.405,0.3304,0.2032,0.2943,0.3031,-0.2092,0.238,0.3225,0.2089,0.3084,0.3049,-0.2076,0.2465,0.0,0.0,4.477,4.492,4.541,4.541
1,19,1790611439.439,0.3305,0.203,0.2943,0.303,-0.2088,0.2382,0.3225,0.2089,0.3084,0.3049,-0.2076,0.2465,0.0,0.0,4.479,4.486,4.541,4.541
1,20,1790611439.473,0.3306,0.2033,0.2943,0.3031,-0.209,0.2379,0.3224,0.2078,0.3158,0.3051,-0.2089,0.2479,0.0,0.0,4.49,4.496,4.541,4.541
1,21,1790611439.506,0.3306,0.2033,0.2941,0.3032,-0.209,0.238,0.3223,0.2067,0.3228,0.3052,-0.21,0.2491,0.0,0.0,4.498,4.493,4.541,4.541
1,22,1790611439.540,0.3306,0.2032,0.2943,0.3028,-0.209,0.2382,0.3222,0.2058,0.3292,0.3052,-0.2111,0.2501,0.0,0.0,4.488,4.498,4.418,4.541
1,23,1790611439.573,0.3307,0.2033,0.2944,0.3031,-0.2089,0.238,0.3222,0.2058,0.3292,0.3052,-0.2111,0.2501,0.0,0.0,4.491,4.508,4.418,4.541
1,24,1790611439.607,0.3308,0.2032,0.2941,0.3029,-0.2092,0.2379,0.3221,0.2049,0.3349,0.3052,-0.2122,0.2508,0.0,0.0,4.498,4.498,4.418,4.541
1,25,1790611439.640,0.3306,0.2031,0.2943,0.3031,-0.2088,0.2381,0.322,0.2042,0.3399,0.3052,-0.2132,0.2513,0.0,0.1,4.49,4.501,4.418,4.541
1,26,1790611439.673,0.3307,0.2033,0.2943,0.3031,-0.2089,0.2379,0.322,0.2036,0.344,0.305,-0.2141,0.2514,0.0,0.1,4.501,4.497,4.418,4.541
1,27,1790611439.708,0.3306,0.2034,0.2945,0.3032,-0.2088,0.238,0.322,0.2036,0.344,0.305,-0.2141,0.2514,0.0,0.0,4.493,4.5,4.418,4.541
1,28,1790611439.741,0.3304,0.2033,0.2941,0.3032,-0.209,0.2381,0.3222,0.2031,0.3472,0.3049,-0.215,0.2513,0.1,0.0,4.472,4.495,4.418,4.541
1,29,1790611439.774,0.3304,0.2032,0.2944,0.3031,-0.2089,0.2382,0.3224,0.2026,0.3496,0.3047,-0.2157,0.251,0.0,0.0,4.496,4.486,4.418,4.541
2,0,1790611440.542,0.3207,0.1967,0.3471,0.3033,-0.2159,0.2514,0.3328,0.2003,0.3116,0.301,-0.2165,0.2365,8.6,0.3,4.515,4.449,4.418,4.541
2,1,1790611440.575,0.3205,0.1943,0.3423,0.3028,-0.2156,0.2479,0.3328,0.2003,0.3116,0.301,-0.2165,0.2365,0.0,0.0,4.495,4.432,4.418,4.541
2,2,1790611440.609,0.3195,0.1921,0.3373,0.3018,-0.2156,0.2444,0.3329,0.2001,0.3099,0.301,-0.2163,0.2364,0.0,0.0,4.51,4.446,4.418,4.541
2,3,1790611440.642,0.3184,0.1897,0.3321,0.3004,-0.216,0.2409,0.3327,0.1998,0.3094,0.301,-0.2161,0.2365,0.1,0.1,4.492,4.435,4.418,4.541
2,4,1790611440.678,0.3174,0.1877,0.3262,0.2989,-0.2163,0.2376,0.3327,0.1998,0.3094,0.301,-0.2161,0.2365,0.0,0.1,4.504,4.432,4.418,4.541
2,5,1790611440.713,0.3164,0.186,0.32,0.2972,-0.2168,0.2349,0.3296,0.1971,0.3128,0.3007,-0.2157,0.2373,0.1,0.1,4.488,4.445,4.418,4.541
2,6,1790611440.746,0.3152,0.1846,0.3146,0.2954,-0.2175,0.2329,0.3296,0.1971,0.3128,0.3007,-0.2157,0.2373,0.0,0.1,4.49,4.441,4.418,4.541
2,7,1790611440.779,0.3142,0.183,0.31,0.2937,-0.2179,0.2315,0.327,0.1947,0.316,0.3005,-0.2156,0.2378,0.0,0.0,4.51,4.434,4.418,4.541
2,8,1790611440.813,0.3132,0.1821,0.3059,0.2923,-0.2182,0.2307,0.327,0.1947,0.316,0.3005,-0.2156,0.2378,0.0,0.1,4.491,4.46,4.418,4.541
2,9,1790611440.846,0.3127,0.1812,0.3034,0.2915,-0.2187,0.2304,0.3237,0.1917,0.3197,0.3001,-0.2155,0.2386,0.1,0.1,4.498,4.445,4.418,4.541
2,10,1790611440.880,0.3124,0.1809,0.3023,0.291,-0.2184,0.2304,0.3197,0.1881,0.3236,0.2994,-0.2151,0.2395,0.1,0.1,4.482,4.457,4.418,4.541
2,11,1790611440.913,0.3122,0.1807,0.3017,0.2908,-0.2181,0.2303,0.3152,0.1838,0.3274,0.2983,-0.2146,0.2403,0.1,0.1,4.493,4.457,4.418,4.541
2,12,1790611440.947,0.3125,0.1807,0.3018,0.2911,-0.2177,0.2307,0.3106,0.1795,0.3309,0.2971,-0.214,0.2407,0.0,0.0,4.497,4.453,4.418,4.541
2,13,1790611440.980,0.3126,0.1808,0.3021,0.2912,-0.2176,0.2309,0.3064,0.1753,0.3337,0.2958,-0.2137,0.241,0.0,0.0,4.48,4.461,4.418,4.541
2,14,1790611441.013,0.313,0.1808,0.3025,0.2915,-0.2175,0.2312,0.3064,0.1753,0.3337,0.2958,-0.2137,0.241,0.0,0.0,4.485,4.459,4.418,4.541
2,15,1790611441.047,0.3132,0.1809,0.3026,0.2916,-0.2173,0.2317,0.3027,0.1717,0.336,0.2945,-0.2136,0.241,0.0,0.0,4.484,4.457,4.541,4.541
2,16,1790611441.080,0.3133,0.1808,0.3026,0.2916,-0.217,0.2317,0.3027,0.1717,0.336,0.2945,-0.2136,0.241,0.0,0.0,4.457,4.455,4.541,4.541
2,17,1790611441.114,0.3134,0.1807,0.3027,0.2917,-0.217,0.2318,0.2998,0.1687,0.3374,0.2933,-0.2137,0.2407,0.0,0.0,4.492,4.459,4.541,4.541
2,18,1790611441.147,0.3137,0.1808,0.3028,0.2915,-0.2169,0.2321,0.2979,0.1664,0.3381,0.2923,-0.2141,0.2401,0.0,0.0,4.483,4.457,4.541,4.541
2,19,1790611441.181,0.3136,0.1809,0.3027,0.2915,-0.2167,0.2322,0.2979,0.1664,0.3381,0.2923,-0.2141,0.2401,0.0,0.0,4.482,4.464,4.541,4.541
2,20,1790611441.214,0.3136,0.1808,0.3028,0.2917,-0.2168,0.232,0.2968,0.1649,0.3381,0.2913,-0.2148,0.2393,0.0,0.0,4.476,4.467,4.541,4.541
2,21,1790611441.247,0.3136,0.1808,0.303,0.2916,-0.2169,0.2319,0.2967,0.1643,0.3372,0.2904,-0.2157,0.2383,0.0,0.0,4.473,4.46,4.541,4.541
2,22,1790611441.281,0.3136,0.181,0.3029,0.2917,-0.2167,0.2322,0.2967,0.1643,0.3372,0.2904,-0.2157,0.2383,0.0,0.0,4.479,4.462,4.541,4.541
2,23,1790611441.314,0.3137,0.181,0.3032,0.2918,-0.2169,0.2323,0.2973,0.1644,0.3356,0.2896,-0.2167,0.2371,0.0,0.0,4.467,4.452,4.541,4.541
2,24,1790611441.348,0.3138,0.1811,0.303,0.2919,-0.2168,0.2323,0.2987,0.1652,0.3332,0.2889,-0.2179,0.2357,0.0,0.0,4.479,4.454,4.541,4.541
2,25,1790611441.381,0.3141,0.1814,0.3031,0.292,-0.2168,0.232,0.3007,0.1667,0.3301,0.2883,-0.2192,0.2342,0.1,0.1,4.49,4.458,4.418,4.541
2,26,1790611441.415,0.3139,0.1814,0.3029,0.2919,-0.2166,0.2321,0.3031,0.1687,0.3264,0.2878,-0.2205,0.2327,0.0,0.1,4.479,4.453,4.418,4.541
2,27,1790611441.448,0.314,0.1816,0.3029,0.2921,-0.2167,0.232,0.3055,0.171,0.3222,0.2873,-0.2218,0.2312,0.0,0.0,4.466,4.46,4.418,4.541
2,28,1790611441.481,0.3141,0.1816,0.303,0.292,-0.2166,0.232,0.3055,0.171,0.3222,0.2873,-0.2218,0.2312,0.0,0.0,4.481,4.446,4.418,4.541
2,29,1790611441.515,0.3139,0.1815,0.3028,0.2921,-0.2165,0.2321,0.3079,0.1734,0.3177,0.2869,-0.2232,0.2297,0.0,0.0,4.489,4.459,4.418,4.541
3,0,1790611442.279,0.3046,0.1808,0.3156,0.2856,-0.2283,0.2368,0.3177,0.19,0.2654,0.2866,-0.2251,0.2213,0.0,0.1,4.526,4.447,4.418,4.541
3,1,1790611442.312,0.304,0.182,0.3143,0.2857,-0.2279,0.2361,0.3177,0.19,0.2654,0.2866,-0.2251,0.2213,0.0,0.0,4.519,4.456,4.418,4.541
3,2,1790611442.346,0.304,0.1836,0.3126,0.2857,-0.2276,0.2357,0.3176,0.1899,0.2653,0.2868,-0.2247,0.2216,0.1,0.0,4.497,4.467,4.418,4.541
3,3,1790611442.379,0.3042,0.1847,0.3111,0.2856,-0.2274,0.2353,0.317,0.1898,0.2659,0.2867,-0.2241,0.2221,0.1,0.1,4.513,4.471,4.418,4.541
3,4,1790611442.413,0.3043,0.1858,0.3098,0.2857,-0.2274,0.235,0.317,0.1898,0.2659,0.2867,-0.2241,0.2221,0.0,0.0,4.515,4.454,4.418,4.541
3,5,1790611442.446,0.3046,0.1862,0.3092,0.2855,-0.2275,0.2351,0.3156,0.1893,0.2677,0.2862,-0.2233,0.2229,0.0,0.0,4.503,4.451,4.418,4.541
3,6,1790611442.480,0.3045,0.1865,0.3086,0.2855,-0.2276,0.2348,0.3136,0.1884,0.2705,0.2856,-0.2226,0.2238,0.0,0.0,4.497,4.456,4.541,4.541
3,7,1790611442.513,0.3045,0.1865,0.3088,0.2854,-0.2276,0.2348,0.3136,0.1884,0.2705,0.2856,-0.2226,0.2238,0.0,0.0,4.487,4.455,4.541,4.541
3,8,1790611442.546,0.3047,0.1867,0.3083,0.2852,-0.2275,0.2347,0.309,0.1864,0.2778,0.2844,-0.222,0.2259,0.1,0.1,4.515,4.453,4.541,4.541
3,9,1790611442.580,0.3048,0.1867,0.3081,0.2852,-0.2275,0.2346,0.309,0.1864,0.2778,0.2844,-0.222,0.2259,0.0,0.1,4.506,4.46,4.541,4.541
3,10,1790611442.613,0.3047,0.1865,0.3081,0.2852,-0.2275,0.2345,0.309,0.1864,0.2778,0.2844,-0.222,0.2259,0.0,0.0,4.494,4.443,4.541,4.541
3,11,1790611442.647,0.3049,0.1866,0.3079,0.2852,-0.2276,0.2346,0.3068,0.1854,0.282,0.2839,-0.2222,0.2271,0.1,0.1,4.501,4.446,4.418,4.541
3,12,1790611442.680,0.3048,0.1865,0.308,0.2852,-0.2275,0.2345,0.3047,0.1846,0.2864,0.2834,-0.2228,0.2283,0.0,0.1,4.485,4.455,4.418,4.541
3,13,1790611442.714,0.3048,0.1865,0.3078,0.2851,-0.2272,0.2345,0.3047,0.1846,0.2864,0.2834,-0.2228,0.2283,0.0,0.0,4.503,4.457,4.418,4.541
3,14,1790611442.748,0.3049,0.1865,0.3075,0.2851,-0.2274,0.2346,0.3029,0.184,0.2908,0.2831,-0.2236,0.2295,0.0,0.0,4.494,4.454,4.418,4.541
3,15,1790611442.781,0.3049,0.1865,0.3076,0.285,-0.2274,0.2345,0.3014,0.1836,0.2953,0.2828,-0.2247,0.2307,0.0,0.1,4.479,4.452,4.418,4.541
3,16,1790611442.815,0.3049,0.1865,0.3076,0.2852,-0.2273,0.2346,0.3001,0.1834,0.2998,0.2826,-0.226,0.2319,0.1,0.0,4.497,4.452,4.418,4.541
3,17,1790611442.848,0.3049,0.1865,0.3075,0.2853,-0.2273,0.2344,0.2991,0.1835,0.3041,0.2824,-0.2275,0.2332,0.0,0.0,4.474,4.459,4.418,4.541
3,18,1790611442.882,0.305,0.1864,0.3074,0.285,-0.2271,0.2345,0.2991,0.1835,0.3041,0.2824,-0.2275,0.2332,0.0,0.0,4.499,4.45,4.418,4.541
3,19,1790611442.915,0.3048,0.1865,0.3073,0.2849,-0.2271,0.2346,0.2983,0.1838,0.3082,0.2823,-0.2291,0.2343,0.0,0.0,4.496,4.457,4.418,4.541
3,20,1790611442.948,0.3049,0.1864,0.3073,0.285,-0.2271,0.2343,0.2978,0.1843,0.3121,0.2822,-0.2308,0.2354,0.0,0.0,4.504,4.455,4.418,4.541
3,21,1790611442.982,0.3049,0.1867,0.3075,0.285,-0.2271,0.2344,0.2975,0.1849,0.3157,0.2821,-0.2325,0.2363,0.0,0.0,4.483,4.461,4.418,4.541
3,22,1790611443.015,0.3048,0.1867,0.3075,0.2851,-0.2272,0.2343,0.2974,0.1857,0.319,0.282,-0.2342,0.2372,0.1,0.0,4.468,4.454,4.418,4.541
3,23,1790611443.049,0.3047,0.1868,0.3072,0.2851,-0.2273,0.2342,0.2974,0.1857,0.319,0.282,-0.2342,0.2372,0.0,0.0,4.481,4.462,4.418,4.541
3,24,1790611443.082,0.3048,0.1868,0.3073,0.285,-0.2272,0.2343,0.2975,0.1866,0.3219,0.2819,-0.2357,0.2379,0.1,0.0,4.496,4.456,4.418,4.541
3,25,1790611443.116,0.305,0.187,0.307,0.285,-0.2272,0.2342,0.2977,0.1875,0.3244,0.2818,-0.2372,0.2385,0.0,0.1,4.494,4.454,4.418,4.541
3,26,1790611443.149,0.3047,0.1867,0.3074,0.2851,-0.2273,0.2343,0.2977,0.1875,0.3244,0.2818,-0.2372,0.2385,0.0,0.0,4.477,4.444,4.418,4.541
3,27,1790611443.182,0.3047,0.1867,0.3074,0.285,-0.2272,0.2343,0.2981,0.1884,0.3264,0.2818,-0.2386,0.2389,0.1,0.0,4.478,4.45,4.418,4.541
3,28,1790611443.216,0.3048,0.1869,0.3072,0.2849,-0.2272,0.2342,0.2987,0.1894,0.328,0.2817,-0.2397,0.239,0.0,0.1,4.491,4.448,4.418,4.541
3,29,1790611443.249,0.3047,0.1869,0.3071,0.2849,-0.2273,0.2345,0.2993,0.1903,0.3292,0.2817,-0.2406,0.2391,0.0,0.0,4.473,4.451,4.418,4.541
4,0,1790611444.024,0.301,0.1904,0.3245,0.2766,-0.2383,0.2454,0.3041,0.1931,0.3201,0.2825,-0.235,0.235,0.1,0.1,4.498,4.479,4.418,4.541
4,1,1790611444.058,0.3031,0.1907,0.3195,0.2755,-0.2371,0.2438,0.3042,0.193,0.3196,0.2827,-0.2346,0.2351,0.0,0.1,4.521,4.483,4.418,4.541
4,2,1790611444.091,0.3048,0.1907,0.3145,0.2744,-0.2355,0.2423,0.3041,0.1931,0.3196,0.2825,-0.234,0.2358,0.1,0.1,4.516,4.477,4.418,4.541
4,3,1790611444.125,0.3069,0.1906,0.3093,0.2729,-0.2342,0.2409,0.3041,0.1931,0.3196,0.2825,-0.234,0.2358,0.1,0.0,4.51,4.484,4.418,4.541
4,4,1790611444.161,0.3086,0.1906,0.3052,0.2716,-0.2329,0.2397,0.3038,0.1933,0.3201,0.2816,-0.2329,0.237,0.1,0.1,4.487,4.484,4.418,4.541
4,5,1790611444.194,0.3099,0.1905,0.3018,0.2708,-0.232,0.2384,0.3036,0.1937,0.3207,0.2805,-0.2316,0.2385,0.1,0.1,4.5,4.483,4.541,4.541
4,6,1790611444.228,0.3109,0.1902,0.2993,0.2701,-0.2312,0.2378,0.3037,0.1941,0.3212,0.2791,-0.2303,0.24,0.1,0.1,4.494,4.486,4.541,4.541
4,7,1790611444.261,0.3115,0.19,0.2978,0.2697,-0.2309,0.2374,0.3042,0.1947,0.3213,0.2776,-0.229,0.2416,0.1,0.1,4.492,4.478,4.541,4.541
4,8,1790611444.294,0.3122,0.1899,0.2972,0.2693,-0.2307,0.2374,0.305,0.1953,0.3208,0.2758,-0.2277,0.243,0.1,0.1,4.502,4.472,4.541,4.541
4,9,1790611444.331,0.3124,0.1895,0.2968,0.2692,-0.2306,0.2374,0.3062,0.1959,0.3198,0.2739,-0.2265,0.2441,0.0,0.0,4.488,4.482,4.541,4.541
4,10,1790611444.367,0.3127,0.1893,0.2963,0.2692,-0.2306,0.2371,0.3062,0.1959,0.3198,0.2739,-0.2265,0.2441,0.0,0.0,4.492,4.479,4.541,4.541
4,11,1790611444.400,0.3129,0.1894,0.2962,0.269,-0.2307,0.237,0.3075,0.1965,0.3184,0.2721,-0.2257,0.2449,0.1,0.0,4.484,4.486,4.541,4.541
4,12,1790611444.433,0.3131,0.1896,0.2958,0.2689,-0.2306,0.2371,0.3088,0.197,0.3166,0.2704,-0.2252,0.2454,0.0,0.0,4.497,4.475,4.541,4.541
4,13,1790611444.467,0.313,0.1894,0.2958,0.2689,-0.2306,0.2369,0.3102,0.1973,0.3146,0.2689,-0.2252,0.2457,0.0,0.0,4.473,4.477,4.541,4.541
4,14,1790611444.500,0.3131,0.1892,0.2959,0.2688,-0.2304,0.2368,0.3115,0.1974,0.3122,0.2675,-0.2256,0.2457,0.0,0.0,4.475,4.485,4.541,4.541
4,15,1790611444.536,0.3135,0.1895,0.2956,0.2687,-0.2301,0.2367,0.3128,0.1974,0.3096,0.2663,-0.2263,0.2454,0.0,0.0,4.489,4.482,4.541,4.541
4,16,1790611444.569,0.3134,0.1895,0.2955,0.2687,-0.23,0.2366,0.3128,0.1974,0.3096,0.2663,-0.2263,0.2454,0.0,0.0,4.483,4.485,4.541,4.541
4,17,1790611444.602,0.3134,0.1895,0.2954,0.2687,-0.23,0.2365,0.314,0.1971,0.3068,0.2653,-0.2275,0.2448,0.0,0.1,4.489,4.478,4.541,4.541
4,18,1790611444.636,0.3135,0.1896,0.2951,0.2685,-0.2299,0.2365,0.315,0.1966,0.3038,0.2645,-0.2289,0.244,0.0,0.0,4.483,4.484,4.541,4.541
4,19,1790611444.670,0.3135,0.1896,0.2951,0.2686,-0.23,0.2364,0.315,0.1966,0.3038,0.2645,-0.2289,0.244,0.0,0.0,4.475,4.484,4.541,4.541
4,20,1790611444.703,0.3136,0.1895,0.295,0.2686,-0.2301,0.2364,0.3158,0.1959,0.3008,0.2638,-0.2306,0.2431,0.0,0.0,4.477,4.47,4.541,4.541
4,21,1790611444.736,0.3136,0.1898,0.2949,0.2687,-0.23,0.2364,0.3165,0.1951,0.2978,0.2632,-0.2324,0.2419,0.0,0.0,4.478,4.48,4.541,4.541
4,22,1790611444.770,0.3137,0.1899,0.295,0.2687,-0.2301,0.2362,0.317,0.1941,0.2949,0.2627,-0.2342,0.2407,0.0,0.0,4.491,4.477,4.541,4.541
4,23,1790611444.803,0.3136,0.1898,0.2949,0.2688,-0.23,0.2363,0.3173,0.193,0.292,0.2623,-0.2361,0.2393,0.0,0.0,4.486,4.487,4.541,4.541
4,24,1790611444.837,0.3136,0.1897,0.2947,0.2688,-0.2298,0.2364,0.3173,0.193,0.292,0.2623,-0.2361,0.2393,0.0,0.0,4.474,4.488,4.541,4.541
4,25,1790611444.870,0.3137,0.1898,0.2947,0.2689,-0.2297,0.2363,0.3175,0.1918,0.2893,0.262,-0.2379,0.238,0.0,0.0,4.488,4.485,4.541,4.541
4,26,1790611444.904,0.3137,0.19,0.2947,0.2689,-0.2301,0.2361,0.3175,0.1906,0.2868,0.2618,-0.2397,0.2365,0.0,0.1,4.482,4.486,4.541,4.541
4,27,1790611444.937,0.3136,0.1898,0.2947,0.269,-0.23,0.2362,0.3174,0.1894,0.2846,0.2617,-0.2412,0.235,0.0,0.0,4.475,4.478,4.541,4.541
4,28,1790611444.970,0.3135,0.1899,0.2947,0.269,-0.2298,0.2363,0.3173,0.1882,0.2825,0.2616,-0.2426,0.2337,0.0,0.0,4.471,4.483,4.541,4.541
4,29,1790611445.004,0.3137,0.1899,0.2947,0.269,-0.2299,0.2364,0.3173,0.1882,0.2825,0.2616,-0.2426,0.2337,0.0,0.0,4.486,4.48,4.541,4.541
5,0,1790611445.779,0.3115,0.1839,0.2864,0.2568,-0.2388,0.2439,0.3149,0.1826,0.2782,0.2659,-0.2349,0.2291,0.0,2.5,4.486,4.527,4.541,4.541
5,1,1790611445.812,0.311,0.1836,0.2853,0.2566,-0.2378,0.2436,0.3149,0.1826,0.2782,0.2659,-0.2349,0.2291,0.0,0.1,4.498,4.526,4.541,4.541
5,2,1790611445.846,0.3109,0.1831,0.2844,0.2564,-0.2366,0.2432,0.3149,0.1827,0.2785,0.2662,-0.2343,0.2294,0.0,0.0,4.504,4.54,4.541,4.541
5,3,1790611445.879,0.3107,0.1823,0.2836,0.2563,-0.2356,0.2432,0.3146,0.1825,0.2789,0.2658,-0.233,0.2303,0.1,0.1,4.493,4.514,4.541,4.541
5,4,1790611445.913,0.3108,0.1817,0.2828,0.2561,-0.2348,0.2432,0.314,0.182,0.2792,0.2645,-0.2308,0.2317,0.1,0.1,4.49,4.532,4.541,4.541
5,5,1790611445.946,0.3108,0.1812,0.2823,0.256,-0.2342,0.2432,0.3133,0.1812,0.2793,0.263,-0.2286,0.2333,0.1,0.1,4.49,4.53,4.541,4.541
5,6,1790611445.980,0.3109,0.1809,0.2815,0.2559,-0.2337,0.2432,0.3133,0.1812,0.2793,0.263,-0.2286,0.2333,0.0,0.0,4.481,4.514,4.541,4.541
5,7,1790611446.013,0.311,0.1803,0.2814,0.2559,-0.2333,0.2431,0.3125,0.1802,0.2793,0.2612,-0.2266,0.235,0.1,0.0,4.466,4.516,4.541,4.541
5,8,1790611446.046,0.3107,0.1802,0.2813,0.2558,-0.233,0.2431,0.3118,0.1792,0.279,0.2595,-0.225,0.2367,0.0,0.0,4.474,4.52,4.541,4.541
5,9,1790611446.080,0.311,0.1799,0.2811,0.2559,-0.2325,0.243,0.3118,0.1792,0.279,0.2595,-0.225,0.2367,0.0,0.0,4.498,4.523,4.541,4.541
5,10,1790611446.113,0.3108,0.1798,0.2805,0.2558,-0.2329,0.2431,0.3111,0.1782,0.2787,0.2578,-0.2239,0.2384,0.0,0.1,4.487,4.516,4.541,4.541
5,11,1790611446.148,0.3108,0.1796,0.2805,0.2557,-0.2326,0.2429,0.3105,0.1772,0.2782,0.2562,-0.2233,0.2401,0.0,0.0,4.484,4.525,4.541,4.541
5,12,1790611446.181,0.3107,0.1795,0.2802,0.2557,-0.2326,0.2429,0.3105,0.1772,0.2782,0.2562,-0.2233,0.2401,0.0,0.0,4.492,4.525,4.541,4.541
5,13,1790611446.214,0.3108,0.1794,0.28,0.2555,-0.2325,0.2428,0.3101,0.1763,0.2777,0.2549,-0.2235,0.2417,0.0,0.0,4.487,4.518,4.541,4.541
5,14,1790611446.248,0.3105,0.1793,0.2801,0.2556,-0.2324,0.2428,0.3097,0.1756,0.2771,0.2538,-0.2242,0.2431,0.0,0.0,4.476,4.523,4.541,4.541
5,15,1790611446.281,0.3106,0.1793,0.2799,0.2555,-0.2324,0.2428,0.3094,0.175,0.2765,0.2529,-0.2255,0.2445,0.0,0.0,4.482,4.528,4.541,4.541
5,16,1790611446.314,0.3106,0.1792,0.2799,0.2554,-0.2321,0.2429,0.3094,0.175,0.2765,0.2529,-0.2255,0.2445,0.1,0.0,4.471,4.529,4.541,4.541
5,17,1790611446.348,0.3107,0.1792,0.28,0.2556,-0.2319,0.2429,0.3092,0.1745,0.2758,0.2521,-0.2271,0.2457,0.0,0.0,4.473,4.525,4.541,4.541
5,18,1790611446.381,0.3107,0.1792,0.28,0.2555,-0.2322,0.2431,0.3091,0.1742,0.2753,0.2515,-0.2292,0.2467,0.1,0.0,4.453,4.52,4.541,4.541
5,19,1790611446.415,0.3107,0.1792,0.28,0.2557,-0.232,0.2429,0.3091,0.1742,0.2753,0.2515,-0.2292,0.2467,0.0,0.0,4.47,4.519,4.541,4.541
5,20,1790611446.448,0.3108,0.1792,0.2799,0.2556,-0.2321,0.243,0.3091,0.174,0.2747,0.2511,-0.2314,0.2476,0.0,0.0,4.474,4.512,4.541,4.541
5,21,1790611446.482,0.3106,0.1792,0.2799,0.2557,-0.232,0.2428,0.3091,0.174,0.2743,0.2507,-0.2338,0.2484,0.0,0.1,4.48,4.528,4.541,4.541
5,22,1790611446.517,0.3107,0.1791,0.2799,0.2556,-0.2321,0.2428,0.3091,0.174,0.2743,0.2507,-0.2338,0.2484,0.0,0.1,4.471,4.528,4.541,4.541
5,23,1790611446.550,0.3108,0.1792,0.2799,0.2555,-0.2319,0.2428,0.3092,0.1741,0.2739,0.2505,-0.2363,0.2489,0.1,0.0,4.477,4.522,4.541,4.541
5,24,1790611446.584,0.3106,0.1791,0.2797,0.2554,-0.2321,0.2429,0.3093,0.1743,0.2735,0.2503,-0.2387,0.2494,0.0,0.0,4.48,4.524,4.541,4.541
5,25,1790611446.617,0.3107,0.1791,0.2797,0.2556,-0.2321,0.2427,0.3095,0.1747,0.2733,0.2501,-0.241,0.2497,0.1,0.1,4.458,4.52,4.541,4.541
5,26,1790611446.651,0.3107,0.179,0.28,0.2556,-0.2318,0.2428,0.3096,0.1751,0.2732,0.2501,-0.2431,0.2499,0.0,0.1,4.475,4.514,4.541,4.541
5,27,1790611446.684,0.3106,0.1791,0.28,0.2557,-0.232,0.243,0.3098,0.1755,0.2732,0.25,-0.245,0.25,0.0,0.1,4.461,4.531,4.541,4.541
5,28,1790611446.717,0.3106,0.1791,0.2799,0.2557,-0.2319,0.2428,0.3098,0.1755,0.2732,0.25,-0.245,0.25,0.0,0.0,4.469,4.516,4.541,4.541
5,29,1790611446.751,0.3107,0.1792,0.2796,0.2556,-0.2317,0.2428,0.31,0.176,0.2733,0.25,-0.2465,0.25,0.0,0.0,4.476,4.528,4.541,4.541
6,0,1790611447.517,0.3066,0.1796,0.2809,0.2473,-0.2495,0.2504,0.3107,0.1801,0.2797,0.2534,-0.2403,0.2463,0.2,0.2,4.5,4.535,4.541,4.541
6,1,1790611447.552,0.3066,0.18,0.2807,0.2474,-0.2493,0.25,0.3107,0.1801,0.2797,0.2534,-0.2403,0.2463,0.0,0.1,4.511,4.537,4.541,4.541
6,2,1790611447.585,0.3067,0.1803,0.2804,0.2473,-0.2494,0.2497,0.3107,0.1801,0.2799,0.2535,-0.2398,0.2462,0.0,0.0,4.514,4.518,4.541,4.541
6,3,1790611447.618,0.3068,0.1804,0.2805,0.2475,-0.249,0.2496,0.3105,0.1801,0.2802,0.2534,-0.2394,0.2468,0.1,0.0,4.5,4.522,4.541,4.541
6,4,1790611447.652,0.3069,0.1805,0.2802,0.2474,-0.2493,0.2495,0.3098,0.1799,0.2807,0.2529,-0.2392,0.2479,0.1,0.1,4.515,4.526,4.541,4.541
6,5,1790611447.685,0.3069,0.1803,0.2805,0.2473,-0.249,0.2495,0.309,0.1796,0.2814,0.2523,-0.2394,0.2491,0.0,0.0,4.502,4.535,4.541,4.541
6,6,1790611447.719,0.3071,0.1805,0.2802,0.2473,-0.2492,0.2491,0.3082,0.1793,0.282,0.2517,-0.24,0.2503,0.0,0.1,4.508,4.523,4.541,4.541
6,7,1790611447.752,0.3068,0.1804,0.2803,0.2473,-0.249,0.2492,0.3074,0.1791,0.2825,0.251,-0.2411,0.2516,0.0,0.0,4.5,4.531,4.541,4.541
6,8,1790611447.785,0.307,0.1804,0.2803,0.2472,-0.2492,0.249,0.3074,0.1791,0.2825,0.251,-0.2411,0.2516,0.0,0.0,4.49,4.52,4.541,4.541
6,9,1790611447.819,0.307,0.1803,0.2802,0.2472,-0.2491,0.249,0.3067,0.179,0.2828,0.2503,-0.2424,0.2527,0.0,0.0,4.492,4.513,4.541,4.541
6,10,1790611447.852,0.307,0.1803,0.2803,0.2473,-0.2492,0.2491,0.3062,0.1789,0.2831,0.2496,-0.2441,0.2538,0.0,0.0,4.482,4.513,4.541,4.541
6,11,1790611447.888,0.307,0.1803,0.2801,0.2472,-0.249,0.2492,0.3062,0.1789,0.2831,0.2496,-0.2441,0.2538,0.0,0.0,4.503,4.532,4.541,4.541
6,12,1790611447.921,0.3071,0.1805,0.2802,0.2472,-0.2492,0.249,0.3057,0.179,0.2832,0.2489,-0.2459,0.2546,0.0,0.0,4.501,4.528,4.541,4.541
6,13,1790611447.954,0.307,0.1804,0.2802,0.2472,-0.2491,0.249,0.3054,0.1791,0.2832,0.2481,-0.2479,0.2554,0.0,0.0,4.493,4.526,4.541,4.541
6,14,1790611447.988,0.3071,0.1805,0.2799,0.2471,-0.2492,0.249,0.3052,0.1794,0.2832,0.2474,-0.25,0.2559,0.0,0.0,4.505,4.523,4.541,4.541
6,15,1790611448.023,0.3072,0.1805,0.2797,0.2471,-0.2491,0.249,0.3052,0.1794,0.2832,0.2474,-0.25,0.2559,0.0,0.0,4.493,4.518,4.541,4.541
6,16,1790611448.056,0.3071,0.1803,0.2799,0.247,-0.2491,0.2491,0.3051,0.1797,0.283,0.2466,-0.252,0.2563,0.0,0.0,4.487,4.529,4.541,4.541
6,17,1790611448.089,0.307,0.1802,0.2798,0.247,-0.2492,0.2491,0.3051,0.18,0.2827,0.2458,-0.254,0.2566,0.0,0.0,4.481,4.517,4.541,4.541
6,18,1790611448.123,0.307,0.1803,0.28,0.2472,-0.249,0.2491,0.3051,0.18,0.2827,0.2458,-0.254,0.2566,0.0,0.0,4.491,4.519,4.541,4.541
6,19,1790611448.159,0.3072,0.1805,0.2798,0.2472,-0.2491,0.2488,0.3053,0.1808,0.2819,0.2444,-0.2577,0.2566,0.1,0.1,4.491,4.521,4.541,4.541
6,20,1790611448.193,0.3071,0.1804,0.2798,0.2472,-0.2492,0.2489,0.3053,0.1808,0.2819,0.2444,-0.2577,0.2566,0.0,0.0,4.504,4.519,4.541,4.541
6,21,1790611448.226,0.3071,0.1804,0.2798,0.2472,-0.2491,0.2489,0.3055,0.1812,0.2814,0.2437,-0.2593,0.2564,0.0,0.1,4.5,4.522,4.541,4.541
6,22,1790611448.260,0.307,0.1803,0.2801,0.2472,-0.2489,0.249,0.3057,0.1816,0.2808,0.2431,-0.2607,0.2561,0.0,0.1,4.479,4.518,4.418,4.541
6,23,1790611448.293,0.3072,0.1806,0.2796,0.2472,-0.2491,0.2488,0.3057,0.1816,0.2808,0.2431,-0.2607,0.2561,0.0,0.1,4.49,4.519,4.418,4.541
6,24,1790611448.327,0.3071,0.1806,0.2797,0.2471,-0.249,0.2486,0.3059,0.1819,0.2803,0.2426,-0.2619,0.2556,0.0,0.0,4.484,4.527,4.418,4.541
6,25,1790611448.360,0.307,0.1806,0.2796,0.2472,-0.249,0.2486,0.3062,0.1823,0.2797,0.2422,-0.2628,0.255,0.0,0.0,4.487,4.517,4.418,4.541
6,26,1790611448.394,0.307,0.1805,0.2797,0.2472,-0.2488,0.2487,0.3064,0.1825,0.2791,0.2419,-0.2634,0.2544,0.1,0.1,4.494,4.519,4.418,4.541
6,27,1790611448.427,0.3071,0.1806,0.2797,0.2472,-0.2492,0.2487,0.3066,0.1828,0.2786,0.2416,-0.2637,0.2537,0.1,0.1,4.488,4.519,4.418,4.541
6,28,1790611448.460,0.3071,0.1807,0.2796,0.2472,-0.2491,0.2487,0.3066,0.1828,0.2786,0.2416,-0.2637,0.2537,0.0,0.1,4.5,4.518,4.418,4.541
6,29,1790611448.494,0.307,0.1805,0.2798,0.2471,-0.2492,0.2491,0.3068,0.1829,0.2781,0.2415,-0.2638,0.2529,0.0,0.1,4.488,4.512,4.418,4.541
7,0,1790611449.266,0.3043,0.1815,0.285,0.2419,-0.2633,0.262,0.3073,0.1812,0.2765,0.2458,-0.2498,0.2468,0.1,0.1,4.516,4.509,4.418,4.541
7,1,1790611449.299,0.3048,0.1816,0.2847,0.242,-0.2635,0.2623,0.3073,0.1812,0.2766,0.2459,-0.2494,0.2467,0.0,0.0,4.486,4.502,4.418,4.541
7,2,1790611449.332,0.3049,0.1815,0.285,0.2426,-0.2632,0.2623,0.3072,0.1811,0.277,0.2459,-0.2491,0.2469,0.1,0.0,4.486,4.5,4.418,4.541
7,3,1790611449.366,0.3051,0.1814,0.2847,0.2423,-0.2633,0.2625,0.3072,0.1811,0.277,0.2459,-0.2491,0.2469,0.0,0.0,4.5,4.495,4.418,4.541
7,4,1790611449.399,0.3051,0.1814,0.2847,0.2425,-0.2632,0.2623,0.3068,0.1811,0.2778,0.2457,-0.2491,0.2478,0.1,0.1,4.486,4.505,4.418,4.541
7,5,1790611449.433,0.3051,0.1812,0.2843,0.2423,-0.2632,0.2623,0.3064,0.181,0.2787,0.2455,-0.2496,0.249,0.1,0.1,4.491,4.505,4.418,4.541
7,6,1790611449.466,0.3049,0.1812,0.2843,0.2426,-0.2631,0.2624,0.306,0.181,0.2796,0.2452,-0.2504,0.2505,0.0,0.0,4.482,4.505,4.418,4.418
7,7,1790611449.503,0.3052,0.1813,0.2839,0.2424,-0.2631,0.2623,0.306,0.181,0.2796,0.2452,-0.2504,0.2505,0.0,0.0,4.482,4.501,4.418,4.418
7,8,1790611449.536,0.3052,0.1813,0.2841,0.2425,-0.2631,0.2623,0.3056,0.1809,0.2805,0.245,-0.2516,0.2523,0.0,0.0,4.496,4.516,4.418,4.418
7,9,1790611449.569,0.305,0.1812,0.2843,0.2427,-0.2631,0.2623,0.3052,0.1809,0.2814,0.2447,-0.2532,0.2543,0.0,0.0,4.494,4.507,4.418,4.418
7,10,1790611449.603,0.3051,0.1811,0.2843,0.2426,-0.263,0.2623,0.3049,0.1809,0.2823,0.2443,-0.255,0.2564,0.0,0.0,4.486,4.503,4.418,4.418
7,11,1790611449.636,0.3051,0.181,0.2841,0.2425,-0.263,0.2623,0.3046,0.181,0.2831,0.244,-0.257,0.2586,0.0,0.0,4.492,4.509,4.418,4.541
7,12,1790611449.670,0.3052,0.1812,0.2839,0.2425,-0.2631,0.2622,0.3044,0.181,0.2838,0.2436,-0.2592,0.2608,0.0,0.1,4.488,4.511,4.418,4.541
7,13,1790611449.704,0.3051,0.1811,0.2841,0.2425,-0.2629,0.2623,0.3044,0.181,0.2838,0.2436,-0.2592,0.2608,0.0,0.1,4.491,4.506,4.418,4.541
7,14,1790611449.736,0.3051,0.1812,0.2839,0.2425,-0.2628,0.2623,0.3042,0.1811,0.2845,0.2431,-0.2613,0.2629,0.0,0.0,4.498,4.503,4.418,4.541
7,15,1790611449.772,0.3052,0.1812,0.284,0.2426,-0.2629,0.2623,0.3041,0.1812,0.2851,0.2426,-0.2635,0.265,0.0,0.1,4.498,4.5,4.418,4.541
7,16,1790611449.804,0.3052,0.1811,0.2838,0.2425,-0.263,0.2623,0.3041,0.1812,0.2851,0.2426,-0.2635,0.265,0.0,0.0,4.482,4.492,4.418,4.541
7,17,1790611449.837,0.3053,0.181,0.2837,0.2425,-0.263,0.2624,0.304,0.1813,0.2857,0.242,-0.2656,0.2669,0.0,0.1,4.476,4.499,4.418,4.541
7,18,1790611449.871,0.3052,0.1811,0.2839,0.2424,-0.2629,0.2622,0.304,0.1815,0.2861,0.2414,-0.2676,0.2687,0.0,0.0,4.483,4.508,4.418,4.541
7,19,1790611449.904,0.3053,0.1812,0.2835,0.2424,-0.263,0.2625,0.304,0.1815,0.2861,0.2414,-0.2676,0.2687,0.0,0.0,4.508,4.506,4.418,4.541
7,20,1790611449.938,0.3053,0.1812,0.2836,0.2426,-0.263,0.2621,0.3041,0.1816,0.2864,0.2408,-0.2694,0.2703,0.0,0.1,4.499,4.505,4.418,4.541
7,21,1790611449.971,0.3053,0.181,0.2838,0.2426,-0.2629,0.2622,0.3041,0.1816,0.2864,0.2408,-0.2694,0.2703,0.0,0.0,4.484,4.504,4.418,4.541
7,22,1790611450.004,0.3054,0.1812,0.2836,0.2427,-0.263,0.2622,0.3042,0.1817,0.2866,0.2402,-0.2711,0.2716,0.0,0.0,4.502,4.498,4.418,4.541
7,23,1790611450.038,0.3054,0.1812,0.2837,0.2426,-0.2629,0.2621,0.3043,0.1819,0.2868,0.2397,-0.2726,0.2728,0.1,0.1,4.491,4.5,4.418,4.541
7,24,1790611450.071,0.3054,0.1812,0.2835,0.2426,-0.263,0.2621,0.3043,0.1819,0.2868,0.2397,-0.2726,0.2728,0.0,0.0,4.483,4.507,4.418,4.541
7,25,1790611450.105,0.3052,0.1811,0.2835,0.2426,-0.263,0.2622,0.3045,0.182,0.2868,0.2392,-0.2739,0.2736,0.0,0.0,4.488,4.503,4.418,4.541
7,26,1790611450.138,0.305,0.1811,0.2837,0.2428,-0.2629,0.2623,0.3045,0.182,0.2868,0.2392,-0.2739,0.2736,0.0,0.0,4.481,4.499,4.418,4.541
7,27,1790611450.172,0.3052,0.181,0.2837,0.2428,-0.2627,0.2622,0.3047,0.1822,0.2868,0.2387,-0.275,0.2742,0.0,0.1,4.498,4.5,4.418,4.541
7,28,1790611450.205,0.3054,0.181,0.2837,0.2429,-0.2626,0.2621,0.3049,0.1823,0.2867,0.2384,-0.2758,0.2745,0.0,0.1,4.485,4.5,4.418,4.541
7,29,1790611450.238,0.3051,0.1811,0.2838,0.2428,-0.2628,0.2623,0.3049,0.1823,0.2867,0.2384,-0.2758,0.2745,0.0,0.1,4.498,4.501,4.418,4.541
8,0,1790611451.007,0.3004,0.1818,0.2934,0.24,-0.2721,0.2811,0.3057,0.1813,0.2836,0.2408,-0.2679,0.2683,0.3,0.3,4.529,4.509,4.418,4.541
8,1,1790611451.040,0.3,0.1822,0.2931,0.2407,-0.2712,0.2814,0.3057,0.1812,0.2835,0.2409,-0.2676,0.2682,0.0,0.0,4.511,4.526,4.418,4.541
8,2,1790611451.073,0.2998,0.1822,0.2932,0.2413,-0.271,0.2813,0.3054,0.1812,0.284,0.2409,-0.2672,0.2686,0.0,0.0,4.501,4.517,4.418,4.541
8,3,1790611451.108,0.2997,0.1827,0.2932,0.2416,-0.2704,0.2814,0.3054,0.1812,0.284,0.2409,-0.2672,0.2686,0.0,0.0,4.506,4.514,4.418,4.541
8,4,1790611451.141,0.2996,0.1826,0.2932,0.2418,-0.2702,0.2815,0.3047,0.181,0.2849,0.2409,-0.2672,0.2697,0.0,0.0,4.487,4.514,4.418,4.541
8,5,1790611451.174,0.2996,0.1829,0.293,0.242,-0.27,0.2814,0.3037,0.1807,0.2862,0.2409,-0.2675,0.2713,0.0,0.0,4.507,4.51,4.418,4.541
8,6,1790611451.208,0.2996,0.1829,0.293,0.2421,-0.2696,0.2813,0.3037,0.1807,0.2862,0.2409,-0.2675,0.2713,0.1,0.0,4.511,4.521,4.418,4.541
8,7,1790611451.241,0.2998,0.1828,0.2928,0.242,-0.2697,0.2813,0.3026,0.1804,0.2876,0.2409,-0.2681,0.2732,0.0,0.1,4.498,4.518,4.418,4.541
8,8,1790611451.275,0.2996,0.1829,0.2927,0.2421,-0.2698,0.2813,0.3015,0.1802,0.2892,0.2409,-0.2689,0.2753,0.0,0.0,4.489,4.523,4.418,4.541
8,9,1790611451.308,0.2998,0.1828,0.2927,0.2421,-0.2697,0.2811,0.3004,0.18,0.2908,0.2409,-0.2698,0.2775,0.0,0.0,4.497,4.512,4.418,4.541
8,10,1790611451.342,0.2997,0.183,0.2927,0.2424,-0.2694,0.2813,0.3004,0.18,0.2908,0.2409,-0.2698,0.2775,0.0,0.0,4.511,4.53,4.418,4.541
8,11,1790611451.378,0.2997,0.1826,0.2925,0.2421,-0.2696,0.2813,0.2994,0.1799,0.2923,0.241,-0.2708,0.2798,0.0,0.0,4.485,4.518,4.418,4.541
8,12,1790611451.411,0.2997,0.1828,0.2926,0.2422,-0.2695,0.2811,0.2985,0.1799,0.2937,0.2409,-0.2718,0.2821,0.0,0.0,4.492,4.509,4.418,4.541
8,13,1790611451.444,0.2998,0.1828,0.2924,0.2421,-0.2696,0.2812,0.2978,0.1801,0.2951,0.2409,-0.2727,0.2842,0.0,0.1,4.496,4.521,4.541,4.541
8,14,1790611451.478,0.2997,0.1828,0.2927,0.2421,-0.2695,0.2812,0.2972,0.1803,0.2962,0.2409,-0.2735,0.2862,0.0,0.0,4.492,4.511,4.541,4.541
8,15,1790611451.511,0.2994,0.1828,0.2926,0.2422,-0.2696,0.2812,0.2972,0.1803,0.2962,0.2409,-0.2735,0.2862,0.0,0.0,4.485,4.517,4.541,4.541
8,16,1790611451.545,0.2996,0.1828,0.2926,0.2422,-0.2696,0.2812,0.2968,0.1806,0.2972,0.2408,-0.2743,0.288,0.0,0.0,4.48,4.508,4.541,4.541
8,17,1790611451.578,0.2997,0.1828,0.2925,0.2421,-0.2695,0.2814,0.2965,0.1811,0.298,0.2407,-0.2749,0.2895,0.0,0.0,4.496,4.507,4.541,4.541
8,18,1790611451.612,0.2996,0.1828,0.2924,0.2422,-0.2696,0.2812,0.2964,0.1816,0.2987,0.2406,-0.2753,0.2909,0.0,0.0,4.481,4.517,4.541,4.541
8,19,1790611451.645,0.2993,0.1829,0.2924,0.2423,-0.2695,0.2814,0.2964,0.1816,0.2987,0.2406,-0.2753,0.2909,0.0,0.0,4.48,4.514,4.541,4.541
8,20,1790611451.679,0.2995,0.1828,0.2924,0.2422,-0.2694,0.2812,0.2964,0.1822,0.2992,0.2405,-0.2756,0.2919,0.0,0.0,4.497,4.525,4.541,4.541
8,21,1790611451.712,0.2995,0.1828,0.2925,0.2421,-0.2693,0.2811,0.2964,0.1828,0.2995,0.2405,-0.2757,0.2928,0.1,0.0,4.509,4.514,4.541,4.541
8,22,1790611451.746,0.2993,0.1828,0.2924,0.2422,-0.2694,0.2812,0.2966,0.1834,0.2997,0.2404,-0.2758,0.2933,0.0,0.0,4.48,4.516,4.541,4.541
8,23,1790611451.779,0.2993,0.1828,0.2923,0.2423,-0.2693,0.2812,0.2967,0.184,0.2997,0.2404,-0.2757,0.2937,0.0,0.0,4.493,4.518,4.541,4.541
8,24,1790611451.813,0.2992,0.1828,0.2923,0.2423,-0.2692,0.2812,0.297,0.1846,0.2996,0.2404,-0.2755,0.2938,0.1,0.0,4.472,4.512,4.541,4.541
8,25,1790611451.846,0.2994,0.1827,0.2925,0.2424,-0.2692,0.281,0.2972,0.1851,0.2994,0.2404,-0.2753,0.2936,0.0,0.0,4.481,4.51,4.541,4.541
8,26,1790611451.879,0.2994,0.1826,0.2924,0.2423,-0.2691,0.2811,0.2975,0.1856,0.2991,0.2405,-0.2749,0.2932,0.0,0.0,4.489,4.521,4.541,4.541
8,27,1790611451.913,0.2996,0.1828,0.2919,0.2424,-0.2692,0.2809,0.2975,0.1856,0.2991,0.2405,-0.2749,0.2932,0.0,0.1,4.498,4.519,4.541,4.541
8,28,1790611451.947,0.2994,0.1828,0.2923,0.2425,-0.269,0.2811,0.2978,0.186,0.2986,0.2406,-0.2745,0.2927,0.0,0.0,4.494,4.508,4.541,4.541
8,29,1790611451.980,0.2994,0.1827,0.292,0.2424,-0.2689,0.2813,0.2981,0.1863,0.2981,0.2407,-0.274,0.292,0.0,0.1,4.486,4.504,4.541,4.541
9,0,1790611452.759,0.2968,0.1847,0.3006,0.2402,-0.2691,0.3046,0.2997,0.1851,0.2898,0.2432,-0.2662,0.2803,0.1,0.1,4.517,4.577,4.541,4.541
9,1,1790611452.792,0.2974,0.1842,0.2998,0.2407,-0.2682,0.3047,0.2997,0.185,0.2897,0.2432,-0.266,0.28,0.1,0.0,4.51,4.563,4.541,4.541
9,2,1790611452.826,0.2976,0.1839,0.2993,0.2412,-0.2672,0.3053,0.2998,0.1849,0.2896,0.2433,-0.2659,0.2798,0.1,0.1,4.514,4.554,4.541,4.541
9,3,1790611452.859,0.298,0.1837,0.2989,0.2418,-0.2669,0.3057,0.2997,0.185,0.2902,0.2432,-0.2656,0.2801,0.1,0.0,4.509,4.56,4.541,4.541
9,4,1790611452.893,0.2981,0.1833,0.2986,0.2421,-0.266,0.3062,0.2994,0.185,0.2911,0.243,-0.265,0.2814,0.0,0.0,4.504,4.571,4.541,4.541
9,5,1790611452.926,0.2983,0.1833,0.2984,0.2423,-0.2658,0.3062,0.2991,0.1851,0.2923,0.2428,-0.2645,0.2834,0.0,0.0,4.507,4.57,4.541,4.541
9,6,1790611452.959,0.2983,0.1829,0.2983,0.2425,-0.2652,0.3065,0.2988,0.1852,0.2935,0.2427,-0.264,0.2859,0.0,0.0,4.506,4.543,4.541,4.541
9,7,1790611452.993,0.2983,0.1829,0.298,0.2427,-0.265,0.3065,0.2988,0.1852,0.2935,0.2427,-0.264,0.2859,0.0,0.0,4.493,4.553,4.541,4.541
9,8,1790611453.027,0.2984,0.1828,0.298,0.243,-0.2647,0.3064,0.2984,0.1852,0.2948,0.2425,-0.2637,0.2888,0.0,0.0,4.503,4.549,4.541,4.541
9,9,1790611453.060,0.2985,0.1827,0.2975,0.2428,-0.2646,0.3065,0.2982,0.1852,0.296,0.2424,-0.2635,0.2919,0.0,0.0,4.49,4.558,4.541,4.541
9,10,1790611453.094,0.2985,0.1828,0.2973,0.2429,-0.2647,0.3063,0.2979,0.1852,0.2972,0.2424,-0.2634,0.2953,0.0,0.0,4.504,4.561,4.541,4.541
9,11,1790611453.127,0.2984,0.1828,0.2975,0.243,-0.2643,0.3062,0.2978,0.1852,0.2982,0.2423,-0.2633,0.2988,0.0,0.0,4.481,4.555,4.418,4.541
9,12,1790611453.161,0.2984,0.1828,0.2972,0.243,-0.2644,0.3062,0.2976,0.1851,0.2992,0.2423,-0.2633,0.3023,0.0,0.0,4.5,4.576,4.418,4.541
9,13,1790611453.194,0.2983,0.1829,0.2971,0.243,-0.2643,0.3061,0.2976,0.1851,0.2992,0.2423,-0.2633,0.3023,0.0,0.1,4.493,4.562,4.418,4.541
9,14,1790611453.227,0.2984,0.1827,0.2972,0.2429,-0.2643,0.306,0.2975,0.1849,0.3,0.2422,-0.2634,0.3058,0.0,0.0,4.48,4.559,4.418,4.541
9,15,1790611453.261,0.2984,0.1827,0.2971,0.2432,-0.2644,0.306,0.2974,0.1847,0.3007,0.2421,-0.2634,0.3091,0.1,0.0,4.504,4.561,4.418,4.541
9,16,1790611453.294,0.2984,0.1826,0.2971,0.2432,-0.264,0.3061,0.2974,0.1847,0.3007,0.2421,-0.2634,0.3091,0.0,0.0,4.501,4.557,4.418,4.541
9,17,1790611453.328,0.2984,0.1826,0.2969,0.2431,-0.2642,0.3061,0.2973,0.1845,0.3012,0.2419,-0.2636,0.3122,0.0,0.0,4.487,4.561,4.418,4.664
9,18,1790611453.362,0.2984,0.1826,0.2968,0.2432,-0.2642,0.3059,0.2973,0.1842,0.3016,0.2418,-0.2637,0.315,0.0,0.0,4.494,4.558,4.418,4.664
9,19,1790611453.397,0.2986,0.1826,0.297,0.2432,-0.2643,0.3059,0.2973,0.1842,0.3016,0.2418,-0.2637,0.315,0.0,0.0,4.501,4.557,4.418,4.664
9,20,1790611453.429,0.2986,0.1825,0.2969,0.243,-0.2643,0.3058,0.2973,0.1839,0.3018,0.2417,-0.2639,0.3175,0.0,0.0,4.5,4.56,4.418,4.664
9,21,1790611453.462,0.2986,0.1826,0.297,0.2432,-0.2643,0.3057,0.2974,0.1836,0.3019,0.2416,-0.2641,0.3197,0.0,0.0,4.474,4.566,4.418,4.664
9,22,1790611453.496,0.2987,0.1826,0.2969,0.2432,-0.2643,0.3057,0.2974,0.1836,0.3019,0.2416,-0.2641,0.3197,0.0,0.0,4.48,4.556,4.418,4.664
9,23,1790611453.529,0.2986,0.1827,0.2968,0.2433,-0.2641,0.3056,0.2975,0.1833,0.3019,0.2415,-0.2643,0.3215,0.0,0.0,4.501,4.563,4.418,4.664
9,24,1790611453.563,0.2986,0.1826,0.2969,0.2432,-0.2639,0.3056,0.2976,0.183,0.3017,0.2415,-0.2646,0.3229,0.0,0.0,4.507,4.555,4.418,4.664
9,25,1790611453.596,0.2984,0.1826,0.297,0.2434,-0.264,0.3055,0.2976,0.183,0.3017,0.2415,-0.2646,0.3229,0.0,0.0,4.484,4.562,4.418,4.664
9,26,1790611453.629,0.2986,0.1826,0.2967,0.2434,-0.264,0.3056,0.2978,0.1827,0.3014,0.2414,-0.2649,0.3238,0.0,0.0,4.491,4.551,4.418,4.664
9,27,1790611453.663,0.2986,0.1826,0.297,0.2435,-0.264,0.3055,0.298,0.1825,0.3009,0.2415,-0.2651,0.3242,0.0,0.0,4.484,4.555,4.418,4.664
9,28,1790611453.696,0.2986,0.1826,0.2966,0.2432,-0.2638,0.3055,0.298,0.1825,0.3009,0.2415,-0.2651,0.3242,0.0,0.0,4.484,4.554,4.418,4.664
9,29,1790611453.730,0.2986,0.1826,0.2965,0.2432,-0.2637,0.3055,0.2984,0.182,0.2999,0.2416,-0.2656,0.3239,0.0,0.0,4.509,4.558,4.418,4.664
10,0,1790611454.513,0.2984,0.1833,0.302,0.2402,-0.2642,0.3322,0.2994,0.181,0.2936,0.2426,-0.2654,0.3105,0.1,0.1,4.476,4.545,4.418,4.664
10,1,1790611454.549,0.2995,0.1838,0.3015,0.2405,-0.2641,0.3323,0.2994,0.181,0.2936,0.2427,-0.2653,0.3103,0.0,0.0,4.502,4.561,4.418,4.664
10,2,1790611454.582,0.3001,0.1838,0.3009,0.241,-0.264,0.3323,0.2994,0.181,0.2936,0.2427,-0.2653,0.3103,0.0,0.0,4.478,4.561,4.418,4.664
10,3,1790611454.615,0.3011,0.1839,0.3002,0.2411,-0.264,0.3326,0.2994,0.181,0.2936,0.2427,-0.2653,0.3103,0.1,0.0,4.483,4.562,4.418,4.664
10,4,1790611454.649,0.3016,0.1842,0.3,0.2417,-0.264,0.3327,0.2995,0.181,0.2936,0.2426,-0.2654,0.3109,0.0,0.0,4.487,4.557,4.418,4.541
10,5,1790611454.683,0.3025,0.1841,0.2991,0.2417,-0.2641,0.3327,0.2997,0.1812,0.2937,0.2424,-0.2652,0.3124,0.1,0.0,4.484,4.567,4.418,4.541
10,6,1790611454.716,0.3028,0.1844,0.299,0.2418,-0.2642,0.3326,0.2997,0.1812,0.2937,0.2424,-0.2652,0.3124,0.0,0.0,4.48,4.559,4.418,4.541
10,7,1790611454.749,0.3032,0.1841,0.2988,0.2419,-0.2642,0.3326,0.3001,0.1815,0.2938,0.2422,-0.2651,0.3147,0.0,0.0,4.475,4.565,4.418,4.541
10,8,1790611454.783,0.3034,0.1843,0.2984,0.2421,-0.2643,0.3326,0.3007,0.1819,0.2939,0.2421,-0.2652,0.3177,0.0,0.0,4.483,4.561,4.418,4.541
10,9,1790611454.816,0.3033,0.1842,0.2985,0.2422,-0.2642,0.3326,0.3016,0.1826,0.2939,0.2419,-0.2653,0.3211,0.0,0.0,4.467,4.556,4.418,4.541
10,10,1790611454.849,0.3038,0.1843,0.2986,0.2423,-0.264,0.3328,0.3024,0.1832,0.294,0.2417,-0.2655,0.3247,0.0,0.0,4.465,4.554,4.418,4.541
10,11,1790611454.883,0.3037,0.1844,0.2985,0.2422,-0.2641,0.3325,0.3024,0.1832,0.294,0.2417,-0.2655,0.3247,0.0,0.0,4.462,4.556,4.418,4.541
10,12,1790611454.916,0.304,0.1846,0.2985,0.2422,-0.2642,0.3324,0.3033,0.1839,0.2942,0.2415,-0.2656,0.3285,0.0,0.0,4.469,4.571,4.418,4.664
10,13,1790611454.950,0.304,0.1844,0.2984,0.2421,-0.2642,0.3326,0.3041,0.1846,0.2945,0.2412,-0.2658,0.3322,0.0,0.0,4.464,4.559,4.418,4.664
10,14,1790611454.983,0.3038,0.1844,0.2985,0.2423,-0.2639,0.3325,0.3048,0.1852,0.2948,0.2409,-0.2658,0.3358,0.0,0.0,4.461,4.553,4.418,4.664
10,15,1790611455.017,0.304,0.1845,0.2985,0.2424,-0.2638,0.3325,0.3048,0.1852,0.2948,0.2409,-0.2658,0.3358,0.0,0.0,4.473,4.555,4.418,4.664
10,16,1790611455.050,0.3041,0.1844,0.2983,0.2422,-0.2637,0.3323,0.3054,0.1857,0.2953,0.2406,-0.2658,0.3392,0.0,0.0,4.462,4.554,4.418,4.664
10,17,1790611455.083,0.3043,0.1845,0.2982,0.2423,-0.2639,0.3324,0.3058,0.1861,0.2959,0.2403,-0.2658,0.3423,0.0,0.0,4.456,4.551,4.418,4.664
10,18,1790611455.117,0.3044,0.1845,0.2983,0.2424,-0.2638,0.3321,0.3061,0.1864,0.2966,0.2399,-0.2657,0.345,0.0,0.0,4.461,4.555,4.418,4.664
10,19,1790611455.151,0.3045,0.1845,0.2984,0.2423,-0.2638,0.3323,0.3061,0.1864,0.2966,0.2399,-0.2657,0.345,0.0,0.0,4.457,4.563,4.418,4.664
10,20,1790611455.184,0.3045,0.1846,0.2983,0.2424,-0.2636,0.3321,0.3063,0.1866,0.2974,0.2396,-0.2655,0.3474,0.0,0.0,4.478,4.549,4.418,4.664
10,21,1790611455.217,0.3043,0.1845,0.2984,0.2423,-0.2635,0.3321,0.3064,0.1866,0.2981,0.2394,-0.2653,0.3493,0.0,0.0,4.472,4.554,4.418,4.664
10,22,1790611455.251,0.3045,0.1847,0.2982,0.2424,-0.2636,0.3321,0.3064,0.1866,0.2989,0.2392,-0.265,0.3508,0.0,0.0,4.469,4.558,4.418,4.664
10,23,1790611455.284,0.3047,0.1847,0.2982,0.2422,-0.2636,0.3322,0.3063,0.1864,0.2997,0.239,-0.2648,0.3519,0.0,0.0,4.458,4.562,4.418,4.664
10,24,1790611455.317,0.3047,0.1847,0.298,0.2424,-0.2637,0.332,0.3063,0.1864,0.2997,0.239,-0.2648,0.3519,0.0,0.0,4.462,4.565,4.418,4.664
10,25,1790611455.351,0.3048,0.1848,0.2982,0.2425,-0.2635,0.3321,0.3062,0.1862,0.3005,0.239,-0.2645,0.3525,0.0,0.0,4.463,4.555,4.418,4.664
10,26,1790611455.384,0.3046,0.1847,0.2981,0.2424,-0.2635,0.3321,0.3061,0.186,0.3013,0.239,-0.2642,0.3528,0.0,0.0,4.454,4.554,4.418,4.664
10,27,1790611455.417,0.3047,0.1846,0.298,0.2424,-0.2636,0.3321,0.3059,0.1857,0.3019,0.239,-0.264,0.3526,0.0,0.0,4.429,4.554,4.418,4.664
10,28,1790611455.451,0.3047,0.1848,0.298,0.2426,-0.2633,0.3321,0.3057,0.1854,0.3025,0.2392,-0.2638,0.3521,0.0,0.0,4.467,4.565,4.418,4.664
10,29,1790611455.484,0.3048,0.1846,0.2978,0.2425,-0.2635,0.3322,0.3056,0.1851,0.3031,0.2394,-0.2636,0.3513,0.0,0.0,4.465,4.548,4.418,4.664
11,0,1790611456.252,0.3019,0.1802,0.3104,0.2386,-0.2631,0.3575,0.3051,0.1832,0.3015,0.2426,-0.2623,0.3344,0.0,0.1,4.518,4.509,4.418,4.664
11,1,1790611456.285,0.302,0.1796,0.3101,0.2392,-0.2629,0.3577,0.3051,0.1832,0.3013,0.2427,-0.2623,0.3341,0.0,0.0,4.524,4.487,4.418,4.664
11,2,1790611456.319,0.3024,0.1794,0.3103,0.2395,-0.2627,0.3575,0.305,0.1832,0.3015,0.2426,-0.2623,0.3346,0.0,0.0,4.521,4.503,4.418,4.541
11,3,1790611456.352,0.3024,0.1787,0.3102,0.2399,-0.2626,0.3577,0.305,0.1832,0.3015,0.2426,-0.2623,0.3346,0.0,0.0,4.497,4.484,4.418,4.541
11,4,1790611456.386,0.3026,0.1784,0.3103,0.2402,-0.2625,0.3577,0.3046,0.1829,0.3021,0.2425,-0.2625,0.3359,0.0,0.0,4.513,4.484,4.418,4.418
11,5,1790611456.419,0.3027,0.1782,0.3102,0.2401,-0.2626,0.3578,0.3042,0.1824,0.3029,0.2422,-0.2626,0.3379,0.0,0.0,4.485,4.498,4.418,4.418
11,6,1790611456.453,0.3029,0.178,0.3102,0.2406,-0.2625,0.3577,0.3037,0.1819,0.3041,0.2421,-0.2628,0.3405,0.0,0.0,4.514,4.5,4.418,4.418
11,7,1790611456.486,0.3029,0.1781,0.3104,0.2406,-0.2625,0.3577,0.3032,0.1812,0.3054,0.2419,-0.2632,0.3434,0.0,0.0,4.508,4.504,4.418,4.418
11,8,1790611456.523,0.3029,0.1778,0.3103,0.2408,-0.2624,0.3578,0.3027,0.1805,0.3069,0.2416,-0.2635,0.3465,0.0,0.0,4.498,4.495,4.418,4.418
11,9,1790611456.557,0.303,0.1778,0.3101,0.241,-0.2625,0.3576,0.3027,0.1805,0.3069,0.2416,-0.2635,0.3465,0.0,0.0,4.503,4.479,4.418,4.418
11,10,1790611456.590,0.3029,0.1776,0.3103,0.2408,-0.2623,0.3578,0.3023,0.1797,0.3083,0.2413,-0.2638,0.3498,0.0,0.0,4.486,4.485,4.418,4.418
11,11,1790611456.625,0.3028,0.1777,0.3103,0.2411,-0.2623,0.3577,0.3019,0.1789,0.3098,0.241,-0.264,0.3532,0.0,0.0,4.502,4.494,4.418,4.418
11,12,1790611456.658,0.303,0.1779,0.3103,0.2409,-0.2622,0.3579,0.3019,0.1789,0.3098,0.241,-0.264,0.3532,0.0,0.0,4.496,4.49,4.418,4.418
11,13,1790611456.691,0.3028,0.1777,0.3102,0.2411,-0.2621,0.3578,0.3016,0.1781,0.3113,0.2407,-0.2642,0.3564,0.0,0.0,4.493,4.49,4.418,4.418
11,14,1790611456.725,0.3029,0.1777,0.3101,0.2411,-0.2622,0.3578,0.3014,0.1774,0.3127,0.2403,-0.2642,0.3595,0.0,0.1,4.487,4.501,4.418,4.418
11,15,1790611456.758,0.3027,0.1776,0.3102,0.2413,-0.2619,0.3578,0.3013,0.1767,0.314,0.2399,-0.2641,0.3625,0.0,0.0,4.498,4.484,4.418,4.418
11,16,1790611456.791,0.3028,0.1775,0.3101,0.2413,-0.2618,0.3577,0.3013,0.1767,0.314,0.2399,-0.2641,0.3625,0.0,0.0,4.507,4.49,4.418,4.418
11,17,1790611456.825,0.3028,0.1778,0.31,0.2414,-0.2618,0.3578,0.3011,0.1761,0.3152,0.2394,-0.2639,0.3652,0.0,0.1,4.487,4.497,4.418,4.418
11,18,1790611456.858,0.3029,0.1778,0.3099,0.2416,-0.2617,0.3575,0.3011,0.1755,0.3162,0.239,-0.2636,0.3676,0.0,0.0,4.486,4.496,4.418,4.418
11,19,1790611456.894,0.3028,0.1778,0.3101,0.2415,-0.2615,0.3575,0.3011,0.1755,0.3162,0.239,-0.2636,0.3676,0.0,0.0,4.494,4.494,4.418,4.418
11,20,1790611456.927,0.3029,0.178,0.3097,0.2416,-0.2616,0.3575,0.301,0.175,0.3171,0.2386,-0.2633,0.3696,0.0,0.0,4.488,4.499,4.418,4.418
11,21,1790611456.960,0.3031,0.1779,0.3098,0.2417,-0.2615,0.3574,0.3011,0.1746,0.3178,0.2383,-0.2629,0.3713,0.0,0.0,4.481,4.51,4.418,4.418
11,22,1790611456.994,0.303,0.1782,0.3097,0.2418,-0.2613,0.3573,0.3011,0.1743,0.3183,0.238,-0.2625,0.3727,0.0,0.0,4.496,4.494,4.418,4.418
11,23,1790611457.027,0.3032,0.1784,0.3095,0.2419,-0.2613,0.3572,0.3013,0.1741,0.3187,0.2379,-0.2621,0.3736,0.0,0.0,4.479,4.51,4.418,4.418
11,24,1790611457.060,0.303,0.1782,0.3096,0.2419,-0.261,0.3573,0.3015,0.174,0.3188,0.2378,-0.2617,0.3742,0.0,0.0,4.489,4.501,4.418,4.418
11,25,1790611457.094,0.3031,0.1783,0.3095,0.2418,-0.2613,0.3572,0.3015,0.174,0.3188,0.2378,-0.2617,0.3742,0.0,0.0,4.483,4.504,4.418,4.418
11,26,1790611457.127,0.3031,0.1783,0.3094,0.242,-0.2612,0.3572,0.3017,0.174,0.3187,0.2378,-0.2613,0.3745,0.0,0.0,4.496,4.504,4.418,4.418
11,27,1790611457.161,0.3032,0.1783,0.3094,0.2421,-0.2612,0.3571,0.302,0.1741,0.3185,0.2379,-0.2608,0.3743,0.1,0.0,4.485,4.496,4.418,4.541
11,28,1790611457.194,0.3029,0.1782,0.3094,0.242,-0.261,0.3572,0.302,0.1741,0.3185,0.2379,-0.2608,0.3743,0.0,0.0,4.482,4.499,4.418,4.541
11,29,1790611457.228,0.303,0.1782,0.3097,0.2419,-0.2609,0.3573,0.3022,0.1743,0.3181,0.2381,-0.2605,0.3739,0.0,0.0,4.486,4.497,4.418,4.541
12,0,1790611458.000,0.2974,0.1707,0.3232,0.2353,-0.2611,0.3796,0.3043,0.1792,0.3075,0.2425,-0.2586,0.3584,0.0,0.1,4.522,4.516,4.418,4.541
12,1,1790611458.036,0.2972,0.1704,0.3231,0.2357,-0.2612,0.3796,0.3043,0.1792,0.3075,0.2425,-0.2586,0.3584,0.0,0.1,4.526,4.527,4.418,4.541
12,2,1790611458.069,0.2972,0.1698,0.3226,0.2359,-0.2615,0.3796,0.3043,0.1793,0.3073,0.2426,-0.2586,0.3581,0.0,0.0,4.485,4.529,4.418,4.541
12,3,1790611458.103,0.2974,0.1694,0.3225,0.2363,-0.2619,0.3793,0.304,0.1791,0.3075,0.2424,-0.2587,0.3586,0.0,0.1,4.501,4.524,4.418,4.541
12,4,1790611458.138,0.2973,0.1689,0.3225,0.2365,-0.2619,0.3791,0.304,0.1791,0.3075,0.2424,-0.2587,0.3586,0.0,0.0,4.497,4.521,4.418,4.541
12,5,1790611458.172,0.2976,0.1687,0.3226,0.2368,-0.2621,0.3787,0.3032,0.1785,0.3083,0.242,-0.2588,0.3599,0.0,0.1,4.494,4.528,4.418,4.541
12,6,1790611458.205,0.2976,0.1682,0.3225,0.2373,-0.2623,0.3784,0.3021,0.1775,0.3096,0.2415,-0.2591,0.3619,0.0,0.0,4.493,4.523,4.418,4.541
12,7,1790611458.239,0.2978,0.168,0.3227,0.2376,-0.2621,0.3778,0.3008,0.1762,0.3113,0.2409,-0.2596,0.3645,0.0,0.0,4.505,4.528,4.418,4.541
12,8,1790611458.272,0.2979,0.1678,0.3224,0.2378,-0.2621,0.3773,0.2996,0.1746,0.3132,0.2403,-0.2601,0.3673,0.0,0.0,4.494,4.527,4.418,4.541
12,9,1790611458.306,0.2981,0.1676,0.3223,0.2379,-0.2622,0.3769,0.2983,0.1729,0.3153,0.2396,-0.2607,0.3704,0.0,0.1,4.486,4.532,4.418,4.541
12,10,1790611458.340,0.2981,0.1672,0.3222,0.2383,-0.2619,0.3766,0.2972,0.1712,0.3174,0.2388,-0.2613,0.3734,0.0,0.0,4.495,4.529,4.418,4.541
12,11,1790611458.373,0.298,0.1671,0.3221,0.2381,-0.2617,0.3767,0.2972,0.1712,0.3174,0.2388,-0.2613,0.3734,0.0,0.0,4.482,4.52,4.418,4.541
12,12,1790611458.407,0.2982,0.1669,0.3217,0.2383,-0.2618,0.3762,0.2962,0.1695,0.3196,0.238,-0.2618,0.3765,0.0,0.0,4.491,4.539,4.418,4.541
12,13,1790611458.440,0.2982,0.1667,0.3217,0.2384,-0.2618,0.3762,0.2962,0.1695,0.3196,0.238,-0.2618,0.3765,0.0,0.0,4.494,4.531,4.418,4.541
12,14,1790611458.474,0.2983,0.1667,0.3212,0.2386,-0.2619,0.3759,0.2954,0.1679,0.3217,0.2372,-0.2623,0.3794,0.0,0.0,4.493,4.531,4.418,4.541
12,15,1790611458.507,0.2982,0.1665,0.321,0.2387,-0.2617,0.3759,0.2954,0.1679,0.3217,0.2372,-0.2623,0.3794,0.0,0.0,4.472,4.526,4.418,4.541
12,16,1790611458.541,0.2984,0.1664,0.3207,0.2389,-0.2617,0.3756,0.2948,0.1664,0.3237,0.2364,-0.2627,0.382,0.0,0.0,4.483,4.532,4.418,4.541
12,17,1790611458.574,0.2984,0.1664,0.3207,0.2389,-0.2618,0.3754,0.2943,0.165,0.3256,0.2357,-0.263,0.3844,0.0,0.0,4.489,4.521,4.418,4.541
12,18,1790611458.608,0.2984,0.1664,0.3207,0.239,-0.2616,0.3754,0.294,0.1638,0.3273,0.235,-0.2633,0.3864,0.0,0.0,4.489,4.53,4.418,4.541
12,19,1790611458.641,0.2986,0.1664,0.3205,0.239,-0.2617,0.3751,0.2939,0.1627,0.3288,0.2345,-0.2634,0.388,0.0,0.0,4.502,4.533,4.418,4.541
12,20,1790611458.674,0.2985,0.166,0.3205,0.239,-0.2617,0.3751,0.2939,0.1627,0.3288,0.2345,-0.2634,0.388,0.0,0.0,4.482,4.534,4.418,4.541
12,21,1790611458.708,0.2985,0.166,0.3206,0.2392,-0.2617,0.3749,0.294,0.1618,0.33,0.234,-0.2635,0.3893,0.0,0.0,4.471,4.53,4.541,4.541
12,22,1790611458.742,0.2985,0.1657,0.3203,0.2392,-0.2614,0.3749,0.2941,0.1611,0.3311,0.2337,-0.2636,0.3902,0.0,0.0,4.48,4.526,4.541,4.541
12,23,1790611458.775,0.2985,0.1657,0.3203,0.2392,-0.2614,0.3745,0.2941,0.1611,0.3311,0.2337,-0.2636,0.3902,0.0,0.0,4.481,4.53,4.541,4.541
12,24,1790611458.809,0.2986,0.1657,0.3198,0.2393,-0.2613,0.3743,0.2944,0.1605,0.3318,0.2336,-0.2635,0.3907,0.0,0.0,4.491,4.538,4.541,4.541
12,25,1790611458.842,0.2985,0.1656,0.32,0.2394,-0.2611,0.3745,0.2947,0.16,0.3323,0.2335,-0.2635,0.3909,0.0,0.0,4.467,4.531,4.541,4.541
12,26,1790611458.876,0.2987,0.1655,0.3198,0.2395,-0.261,0.3739,0.2947,0.16,0.3323,0.2335,-0.2635,0.3909,0.0,0.0,4.478,4.532,4.541,4.541
12,27,1790611458.909,0.2988,0.1654,0.3197,0.2395,-0.2608,0.3736,0.2951,0.1597,0.3326,0.2336,-0.2633,0.3906,0.0,0.0,4.461,4.528,4.541,4.541
12,28,1790611458.945,0.2986,0.1652,0.3198,0.2397,-0.2605,0.3736,0.2955,0.1595,0.3327,0.2338,-0.2631,0.3901,0.0,0.0,4.481,4.525,4.541,4.541
12,29,1790611458.978,0.2987,0.1652,0.3196,0.2396,-0.2604,0.3733,0.2955,0.1595,0.3327,0.2338,-0.2631,0.3901,0.0,0.0,4.48,4.522,4.541,4.541
13,0,1790611459.751,0.2919,0.1612,0.3379,0.2317,-0.2593,0.3913,0.3007,0.1626,0.3186,0.2407,-0.2593,0.371,0.1,0.1,4.484,4.501,4.541,4.541
13,1,1790611459.785,0.2919,0.1616,0.3379,0.2326,-0.2585,0.3906,0.3007,0.1626,0.3182,0.2408,-0.2592,0.3706,0.1,0.0,4.498,4.511,4.541,4.541
13,2,1790611459.818,0.2921,0.1617,0.3371,0.2333,-0.258,0.3896,0.3007,0.1626,0.3182,0.2408,-0.2592,0.3706,0.0,0.0,4.492,4.503,4.541,4.541
13,3,1790611459.851,0.2921,0.1617,0.3368,0.2338,-0.2572,0.3888,0.3005,0.1627,0.3182,0.2405,-0.2592,0.3711,0.0,0.1,4.48,4.497,4.541,4.541
13,4,1790611459.885,0.2926,0.1615,0.3361,0.2341,-0.2569,0.3878,0.2996,0.1625,0.3191,0.2399,-0.2588,0.3721,0.0,0.0,4.5,4.508,4.541,4.541
13,5,1790611459.918,0.2928,0.161,0.3358,0.2343,-0.2565,0.387,0.2985,0.162,0.3205,0.2393,-0.2585,0.3735,0.0,0.1,4.497,4.49,4.541,4.541
13,6,1790611459.952,0.2931,0.1604,0.3351,0.2347,-0.2564,0.3861,0.2985,0.162,0.3205,0.2393,-0.2585,0.3735,0.0,0.0,4.489,4.503,4.541,4.541
13,7,1790611459.985,0.2935,0.1597,0.3349,0.235,-0.2565,0.3851,0.2972,0.1615,0.3224,0.2386,-0.258,0.3752,0.0,0.0,4.499,4.501,4.541,4.541
13,8,1790611460.018,0.2939,0.1589,0.3346,0.235,-0.2566,0.3844,0.2959,0.1608,0.3246,0.2379,-0.2575,0.377,0.1,0.0,4.486,4.505,4.541,4.541
13,9,1790611460.052,0.294,0.1583,0.3346,0.2353,-0.2567,0.384,0.2959,0.1608,0.3246,0.2379,-0.2575,0.377,0.0,0.0,4.506,4.497,4.541,4.541
13,10,1790611460.085,0.2943,0.1577,0.3343,0.235,-0.2569,0.3839,0.2947,0.1601,0.3269,0.2372,-0.2569,0.3788,0.0,0.0,4.49,4.497,4.418,4.541
13,11,1790611460.119,0.2944,0.1575,0.3344,0.2349,-0.2569,0.3838,0.2935,0.1594,0.3293,0.2365,-0.2562,0.3806,0.0,0.0,4.492,4.481,4.418,4.541
13,12,1790611460.152,0.2944,0.1576,0.3342,0.2348,-0.2573,0.3837,0.2935,0.1594,0.3293,0.2365,-0.2562,0.3806,0.0,0.0,4.482,4.475,4.418,4.541
13,13,1790611460.185,0.2947,0.1573,0.3339,0.2349,-0.2573,0.3836,0.2926,0.1586,0.3318,0.2358,-0.2556,0.3823,0.0,0.0,4.495,4.491,4.418,4.541
13,14,1790611460.219,0.2945,0.1572,0.3343,0.2349,-0.2572,0.3838,0.2926,0.1586,0.3318,0.2358,-0.2556,0.3823,0.0,0.0,4.485,4.494,4.418,4.541
13,15,1790611460.252,0.2947,0.157,0.3341,0.235,-0.2576,0.3837,0.2918,0.1579,0.3342,0.2352,-0.255,0.384,0.0,0.0,4.482,4.483,4.418,4.541
13,16,1790611460.286,0.2947,0.1572,0.3343,0.2349,-0.2575,0.3835,0.2912,0.1571,0.3366,0.2345,-0.2544,0.3856,0.0,0.0,4.479,4.493,4.418,4.541
13,17,1790611460.319,0.2947,0.1571,0.3341,0.2349,-0.2574,0.3835,0.2912,0.1571,0.3366,0.2345,-0.2544,0.3856,0.0,0.1,4.476,4.496,4.418,4.541
13,18,1790611460.352,0.2948,0.1569,0.3342,0.2349,-0.2574,0.3835,0.2904,0.1559,0.3408,0.2334,-0.2538,0.3884,0.0,0.1,4.477,4.493,4.418,4.541
13,19,1790611460.386,0.2946,0.1568,0.3341,0.2347,-0.2574,0.3834,0.2904,0.1559,0.3408,0.2334,-0.2538,0.3884,0.0,0.0,4.474,4.494,4.418,4.541
13,20,1790611460.419,0.2947,0.157,0.334,0.2348,-0.2575,0.3832,0.2903,0.1553,0.3426,0.2329,-0.2536,0.3897,0.0,0.0,4.479,4.508,4.418,4.541
13,21,1790611460.453,0.2948,0.1569,0.3342,0.2348,-0.2575,0.3833,0.2903,0.1553,0.3426,0.2329,-0.2536,0.3897,0.0,0.0,4.476,4.499,4.418,4.541
13,22,1790611460.486,0.295,0.1571,0.3341,0.2349,-0.2576,0.3831,0.2902,0.1549,0.3442,0.2324,-0.2536,0.3908,0.0,0.0,4.493,4.498,4.418,4.541
13,23,1790611460.520,0.2948,0.1572,0.3342,0.2348,-0.2577,0.3831,0.2903,0.1545,0.3456,0.232,-0.2537,0.3917,0.0,0.0,4.472,4.499,4.418,4.541
13,24,1790611460.553,0.295,0.1571,0.3339,0.2346,-0.2578,0.3834,0.2904,0.1541,0.3468,0.2316,-0.254,0.3925,0.0,0.1,4.468,4.492,4.418,4.541
13,25,1790611460.587,0.295,0.1571,0.3339,0.2347,-0.2577,0.3832,0.2907,0.1539,0.3476,0.2313,-0.2543,0.393,0.0,0.0,4.493,4.492,4.418,4.541
13,26,1790611460.620,0.295,0.1573,0.3339,0.2348,-0.2579,0.3831,0.291,0.1538,0.3483,0.2311,-0.2548,0.3934,0.0,0.0,4.479,4.499,4.418,4.541
13,27,1790611460.653,0.2951,0.1572,0.3338,0.2348,-0.258,0.3833,0.291,0.1538,0.3483,0.2311,-0.2548,0.3934,0.0,0.0,4.462,4.493,4.418,4.541
13,28,1790611460.687,0.2953,0.1572,0.3337,0.2347,-0.2581,0.383,0.2913,0.1537,0.3486,0.2309,-0.2553,0.3936,0.0,0.0,4.474,4.494,4.418,4.541
13,29,1790611460.720,0.295,0.1572,0.3339,0.2345,-0.258,0.383,0.2917,0.1537,0.3487,0.2308,-0.2559,0.3937,0.0,0.0,4.47,4.477,4.418,4.541
14,0,1790611461.495,0.2869,0.1561,0.3562,0.2256,-0.2571,0.3978,0.2965,0.1562,0.3363,0.2309,-0.2624,0.388,0.1,0.1,4.5,4.512,4.418,4.541
14,1,1790611461.529,0.2868,0.1564,0.3563,0.226,-0.257,0.3977,0.2965,0.1562,0.3363,0.2309,-0.2624,0.388,0.0,0.0,4.496,4.504,4.418,4.541
14,2,1790611461.562,0.2867,0.1564,0.3564,0.2261,-0.2568,0.3978,0.2966,0.1562,0.336,0.2309,-0.2624,0.3879,0.0,0.0,4.479,4.502,4.418,4.541
14,3,1790611461.596,0.2864,0.1567,0.3565,0.2261,-0.2567,0.3978,0.2964,0.1564,0.3363,0.2306,-0.2621,0.3883,0.0,0.1,4.501,4.5,4.541,4.541
14,4,1790611461.630,0.2864,0.1566,0.3564,0.2261,-0.2567,0.3976,0.2955,0.1565,0.3375,0.2299,-0.2615,0.3891,0.0,0.0,4.498,4.498,4.541,4.541
14,5,1790611461.663,0.2864,0.1568,0.3566,0.2261,-0.2568,0.3976,0.2955,0.1565,0.3375,0.2299,-0.2615,0.3891,0.0,0.0,4.483,4.5,4.541,4.541
14,6,1790611461.697,0.2865,0.1567,0.3565,0.2262,-0.2566,0.3975,0.2943,0.1564,0.3394,0.229,-0.2608,0.3903,0.0,0.0,4.505,4.506,4.541,4.541
14,7,1790611461.730,0.2865,0.1567,0.3565,0.2262,-0.2568,0.3973,0.2928,0.1563,0.3418,0.228,-0.26,0.3917,0.0,0.0,4.497,4.496,4.541,4.541
14,8,1790611461.764,0.2865,0.1564,0.3564,0.226,-0.2567,0.3973,0.2911,0.156,0.3446,0.227,-0.2593,0.3934,0.0,0.0,4.485,4.494,4.541,4.541
14,9,1790611461.798,0.2863,0.1564,0.3563,0.2258,-0.2566,0.3973,0.2894,0.1557,0.3476,0.226,-0.2586,0.3952,0.0,0.0,4.498,4.502,4.541,4.541
14,10,1790611461.831,0.2862,0.1562,0.356,0.2259,-0.2567,0.3972,0.2894,0.1557,0.3476,0.226,-0.2586,0.3952,0.0,0.0,4.488,4.492,4.541,4.541
14,11,1790611461.864,0.286,0.1558,0.356,0.2259,-0.2567,0.3972,0.2877,0.1554,0.3507,0.225,-0.258,0.397,0.0,0.1,4.473,4.495,4.541,4.541
14,12,1790611461.898,0.2859,0.1556,0.3562,0.226,-0.2565,0.397,0.286,0.155,0.3539,0.2241,-0.2574,0.3987,0.0,0.0,4.491,4.492,4.541,4.541
14,13,1790611461.931,0.2857,0.1555,0.356,0.2258,-0.2565,0.3971,0.286,0.155,0.3539,0.2241,-0.2574,0.3987,0.0,0.0,4.468,4.494,4.541,4.541
14,14,1790611461.967,0.2857,0.1554,0.3559,0.226,-0.2565,0.3969,0.2828,0.1544,0.36,0.2224,-0.2565,0.4019,0.1,0.0,4.482,4.505,4.541,4.541
14,15,1790611462.003,0.2857,0.1554,0.3558,0.2259,-0.2565,0.3968,0.2828,0.1544,0.36,0.2224,-0.2565,0.4019,0.0,0.0,4.471,4.494,4.541,4.541
14,16,1790611462.037,0.2856,0.1555,0.3558,0.2259,-0.2563,0.3972,0.2803,0.1539,0.3654,0.2211,-0.256,0.4046,0.0,0.0,4.483,4.489,4.541,4.541
14,17,1790611462.070,0.2855,0.1552,0.3559,0.226,-0.2563,0.3971,0.2803,0.1539,0.3654,0.2211,-0.256,0.4046,0.0,0.0,4.481,4.502,4.418,4.541
14,18,1790611462.103,0.2855,0.1552,0.3559,0.2258,-0.2563,0.397,0.2803,0.1539,0.3654,0.2211,-0.256,0.4046,0.0,0.0,4.462,4.505,4.418,4.541
14,19,1790611462.136,0.2856,0.1555,0.3559,0.2259,-0.2562,0.397,0.2793,0.1537,0.3678,0.2206,-0.2558,0.4056,0.0,0.0,4.473,4.496,4.418,4.541
14,20,1790611462.170,0.2855,0.1554,0.356,0.2261,-0.256,0.3969,0.2785,0.1536,0.3698,0.2202,-0.2557,0.4065,0.0,0.0,4.466,4.502,4.418,4.541
14,21,1790611462.203,0.2855,0.1556,0.356,0.2261,-0.256,0.397,0.2779,0.1535,0.3714,0.22,-0.2557,0.4071,0.0,0.1,4.487,4.499,4.418,4.541
14,22,1790611462.237,0.2857,0.1558,0.3559,0.2258,-0.256,0.3968,0.2775,0.1536,0.3727,0.2199,-0.2557,0.4075,0.0,0.0,4.478,4.5,4.418,4.541
14,23,1790611462.270,0.2858,0.156,0.3559,0.226,-0.2561,0.3969,0.2774,0.1537,0.3737,0.2199,-0.2558,0.4077,0.0,0.0,4.446,4.5,4.418,4.541
14,24,1790611462.303,0.2861,0.1561,0.3557,0.226,-0.2562,0.3967,0.2774,0.1537,0.3737,0.2199,-0.2558,0.4077,0.0,0.0,4.477,4.499,4.418,4.541
14,25,1790611462.337,0.2858,0.1562,0.3558,0.2263,-0.2558,0.3967,0.2774,0.1539,0.3744,0.2199,-0.2559,0.4078,0.0,0.0,4.483,4.503,4.418,4.541
14,26,1790611462.370,0.286,0.1562,0.3555,0.226,-0.2561,0.3967,0.2774,0.1539,0.3744,0.2199,-0.2559,0.4078,0.0,0.0,4.486,4.494,4.418,4.541
14,27,1790611462.403,0.2859,0.1565,0.3555,0.2261,-0.2559,0.3967,0.2777,0.1542,0.3746,0.2201,-0.2559,0.4076,0.0,0.0,4.477,4.489,4.418,4.541
14,28,1790611462.437,0.286,0.1567,0.3554,0.2262,-0.256,0.3967,0.2781,0.1546,0.3745,0.2204,-0.2561,0.4072,0.0,0.1,4.459,4.484,4.418,4.541
14,29,1790611462.470,0.2862,0.1568,0.3553,0.2264,-0.2558,0.3965,0.2781,0.1546,0.3745,0.2204,-0.2561,0.4072,0.0,0.0,4.486,4.483,4.418,4.541
15,0,1790611463.234,0.2747,0.1557,0.3819,0.2164,-0.254,0.411,0.288,0.1601,0.3543,0.2274,-0.255,0.3952,0.0,0.1,4.512,4.5,4.418,4.541
15,1,1790611463.267,0.2747,0.156,0.3822,0.2166,-0.2539,0.4109,0.2881,0.1601,0.3538,0.2275,-0.2548,0.3949,0.0,0.0,4.48,4.496,4.418,4.541
15,2,1790611463.301,0.2747,0.156,0.3822,0.2168,-0.2539,0.4107,0.2881,0.1601,0.3538,0.2275,-0.2548,0.3949,0.0,0.0,4.485,4.5,4.418,4.541
15,3,1790611463.334,0.2746,0.1559,0.3819,0.217,-0.2536,0.4108,0.2879,0.1602,0.354,0.2275,-0.2544,0.3948,0.0,0.1,4.475,4.501,4.541,4.541
15,4,1790611463.368,0.2747,0.1561,0.3819,0.2174,-0.2535,0.4105,0.2871,0.1601,0.3551,0.2269,-0.2535,0.3953,0.0,0.0,4.488,4.497,4.541,4.541
15,5,1790611463.401,0.2748,0.1561,0.382,0.2174,-0.2532,0.4102,0.2858,0.1598,0.3571,0.2261,-0.2525,0.3962,0.0,0.0,4.473,4.496,4.541,4.541
15,6,1790611463.435,0.2747,0.1563,0.3821,0.2176,-0.2531,0.41,0.2843,0.1594,0.3596,0.2251,-0.2516,0.3976,0.0,0.0,4.493,4.502,4.541,4.541
15,7,1790611463.468,0.2748,0.1564,0.382,0.2177,-0.253,0.41,0.2843,0.1594,0.3596,0.2251,-0.2516,0.3976,0.0,0.0,4.498,4.498,4.541,4.541
15,8,1790611463.501,0.2748,0.1565,0.3821,0.2176,-0.2528,0.4099,0.2826,0.159,0.3626,0.224,-0.2508,0.3992,0.0,0.0,4.489,4.497,4.541,4.541
15,9,1790611463.535,0.2746,0.1566,0.3822,0.2177,-0.2526,0.4099,0.2807,0.1584,0.3659,0.2227,-0.2502,0.4012,0.0,0.0,4.491,4.501,4.541,4.541
15,10,1790611463.569,0.2747,0.1568,0.3821,0.2178,-0.2526,0.4097,0.2807,0.1584,0.3659,0.2227,-0.2502,0.4012,0.0,0.0,4.497,4.491,4.541,4.541
15,11,1790611463.602,0.2745,0.1568,0.3821,0.2179,-0.2525,0.4096,0.2788,0.1579,0.3696,0.2215,-0.2497,0.4032,0.0,0.0,4.477,4.487,4.541,4.541
15,12,1790611463.636,0.2747,0.1569,0.3822,0.218,-0.2524,0.4095,0.2768,0.1573,0.3734,0.2201,-0.2494,0.4054,0.0,0.0,4.49,4.486,4.541,4.541
15,13,1790611463.669,0.2747,0.1571,0.3821,0.2179,-0.2524,0.4095,0.2768,0.1573,0.3734,0.2201,-0.2494,0.4054,0.0,0.0,4.492,4.479,4.541,4.541
15,14,1790611463.702,0.2747,0.1573,0.3822,0.2181,-0.2524,0.4094,0.2748,0.1568,0.3774,0.2188,-0.2493,0.4077,0.0,0.0,4.49,4.485,4.541,4.418
15,15,1790611463.736,0.2747,0.1573,0.3822,0.2181,-0.2521,0.4094,0.2729,0.1563,0.3813,0.2175,-0.2493,0.4098,0.0,0.0,4.481,4.494,4.541,4.418
15,16,1790611463.769,0.2748,0.1573,0.3821,0.2181,-0.2521,0.4094,0.2711,0.1558,0.3851,0.2162,-0.2495,0.4119,0.1,0.0,4.478,4.487,4.541,4.418
15,17,1790611463.803,0.2749,0.1574,0.382,0.2183,-0.2521,0.409,0.2711,0.1558,0.3851,0.2162,-0.2495,0.4119,0.0,0.0,4.49,4.491,4.541,4.418
15,18,1790611463.836,0.2748,0.1576,0.3822,0.2185,-0.252,0.4089,0.2693,0.1555,0.3888,0.215,-0.2498,0.4139,0.0,0.0,4.464,4.485,4.541,4.418
15,19,1790611463.870,0.275,0.1576,0.3819,0.2183,-0.2519,0.4088,0.2693,0.1555,0.3888,0.215,-0.2498,0.4139,0.0,0.0,4.495,4.493,4.541,4.418
15,20,1790611463.903,0.2746,0.1576,0.3823,0.2185,-0.2519,0.4088,0.2678,0.1552,0.3923,0.2139,-0.2502,0.4157,0.0,0.0,4.471,4.469,4.541,4.418
15,21,1790611463.936,0.2748,0.1577,0.382,0.2186,-0.2517,0.4086,0.2664,0.1551,0.3954,0.2129,-0.2507,0.4173,0.0,0.0,4.483,4.452,4.418,4.418
15,22,1790611463.970,0.2748,0.1579,0.3822,0.2187,-0.2516,0.4086,0.2664,0.1551,0.3954,0.2129,-0.2507,0.4173,0.0,0.0,4.477,4.439,4.418,4.418
15,23,1790611464.003,0.2749,0.1581,0.382,0.2188,-0.2515,0.4082,0.2652,0.155,0.3982,0.212,-0.2513,0.4187,0.0,0.0,4.473,4.407,4.418,4.541
15,24,1790611464.037,0.2747,0.1582,0.3817,0.219,-0.2513,0.4079,0.2643,0.155,0.4006,0.2113,-0.2519,0.4198,0.0,0.0,4.467,4.306,4.418,4.541
15,25,1790611464.070,0.275,0.1582,0.3813,0.219,-0.2513,0.4078,0.2637,0.1551,0.4026,0.2108,-0.2525,0.4205,0.0,0.0,4.49,4.121,4.418,4.418
15,26,1790611464.104,0.2751,0.1583,0.3811,0.2193,-0.251,0.4075,0.2633,0.1554,0.4042,0.2104,-0.2532,0.421,0.0,0.0,4.474,3.998,4.418,4.295
15,27,1790611464.137,0.275,0.1585,0.381,0.2196,-0.2509,0.4072,0.2633,0.1554,0.4042,0.2104,-0.2532,0.421,0.0,0.0,4.457,3.833,4.418,4.295
15,28,1790611464.170,0.2751,0.1588,0.3809,0.2198,-0.251,0.4069,0.2631,0.1557,0.4053,0.2103,-0.2538,0.4212,0.0,0.1,4.453,3.677,4.418,4.05
15,29,1790611464.204,0.2752,0.1589,0.3805,0.2198,-0.251,0.4066,0.2632,0.1561,0.4059,0.2103,-0.2543,0.4211,0.0,0.0,4.443,3.472,4.418,3.805
16,0,1790611464.974,0.3065,0.1826,0.3322,0.2419,-0.2688,0.3376,0.2734,0.1613,0.3889,0.2167,-0.2537,0.4105,24.0,43.1,4.537,4.51,4.418,3.436
16,1,1790611465.007,0.3072,0.182,0.3306,0.2434,-0.2682,0.3355,0.2734,0.1613,0.3889,0.2167,-0.2537,0.4105,0.1,18.4,4.526,4.521,4.418,3.436
16,2,1790611465.041,0.3074,0.1814,0.3299,0.2441,-0.268,0.3345,0.2734,0.1613,0.3889,0.2167,-0.2537,0.4105,0.1,10.3,4.516,4.516,4.418,3.436
16,3,1790611465.074,0.3076,0.1807,0.3294,0.2446,-0.2679,0.334,0.2747,0.1625,0.3888,0.2164,-0.2545,0.4108,0.1,1.8,4.506,4.517,4.664,4.05
16,4,1790611465.108,0.3082,0.1804,0.3283,0.2449,-0.2681,0.3329,0.2776,0.1649,0.3882,0.2166,-0.2565,0.4103,0.2,0.2,4.515,4.514,4.664,4.786
16,5,1790611465.141,0.3083,0.1799,0.3281,0.2453,-0.2682,0.3323,0.2776,0.1649,0.3882,0.2166,-0.2565,0.4103,0.0,0.1,4.506,4.51,4.664,4.786
16,6,1790611465.174,0.3089,0.1798,0.3274,0.2457,-0.2681,0.3318,0.2821,0.1687,0.3863,0.2179,-0.2613,0.4087,0.1,0.2,4.511,4.513,4.664,4.786
16,7,1790611465.208,0.3092,0.1796,0.3269,0.246,-0.2681,0.3309,0.2877,0.1732,0.3829,0.2205,-0.2673,0.4047,0.1,0.2,4.509,4.522,4.541,4.541
16,8,1790611465.241,0.3096,0.1797,0.326,0.2464,-0.2682,0.3302,0.2938,0.1781,0.3778,0.2242,-0.2731,0.3982,0.1,0.1,4.5,4.528,4.418,4.418
16,9,1790611465.274,0.3103,0.1798,0.3254,0.247,-0.2684,0.329,0.2999,0.1828,0.3713,0.2284,-0.2779,0.3896,0.1,0.1,4.498,4.519,4.418,4.541
16,10,1790611465.308,0.3107,0.1798,0.3249,0.2476,-0.2686,0.3279,0.2999,0.1828,0.3713,0.2284,-0.2779,0.3896,0.0,0.1,4.501,4.534,4.418,4.541
16,11,1790611465.341,0.3114,0.1796,0.3243,0.2482,-0.2688,0.3272,0.3056,0.187,0.3635,0.2326,-0.2814,0.3794,0.0,0.1,4.502,4.516,4.541,4.664
16,12,1790611465.375,0.3116,0.1795,0.3236,0.2485,-0.2689,0.3263,0.3107,0.1904,0.3547,0.2366,-0.2832,0.3679,0.0,0.1,4.496,4.513,4.418,4.664
16,13,1790611465.408,0.3122,0.1794,0.323,0.2488,-0.269,0.3255,0.3153,0.1932,0.3452,0.2403,-0.2839,0.3553,0.0,0.1,4.505,4.513,4.541,4.664
16,14,1790611465.442,0.3127,0.1796,0.3222,0.2492,-0.269,0.3248,0.3191,0.1951,0.335,0.2437,-0.2835,0.342,0.0,0.0,4.486,4.522,4.541,4.664
16,15,1790611465.475,0.3132,0.1797,0.3212,0.2496,-0.269,0.3241,0.3191,0.1951,0.335,0.2437,-0.2835,0.342,0.0,0.1,4.5,4.529,4.541,4.664
16,16,1790611465.508,0.3134,0.1798,0.3206,0.25,-0.2688,0.3236,0.3222,0.1961,0.3246,0.2465,-0.2821,0.3281,0.0,0.0,4.52,4.535,4.541,4.664
16,17,1790611465.543,0.3133,0.1797,0.3202,0.2501,-0.2684,0.3236,0.3244,0.1964,0.314,0.2487,-0.2799,0.3141,0.0,0.0,4.502,4.526,4.541,4.664
16,18,1790611465.576,0.3131,0.1797,0.3201,0.2502,-0.2683,0.3237,0.3244,0.1964,0.314,0.2487,-0.2799,0.3141,0.0,0.0,4.493,4.51,4.541,4.664
16,19,1790611465.610,0.3133,0.1801,0.3194,0.2503,-0.2679,0.3234,0.3259,0.196,0.3037,0.2503,-0.2768,0.3002,0.0,0.1,4.5,4.529,4.541,4.541
16,20,1790611465.643,0.3131,0.1801,0.3193,0.2504,-0.2675,0.3237,0.3266,0.1949,0.2938,0.2511,-0.2731,0.2867,0.1,0.1,4.498,4.517,4.541,4.541
16,21,1790611465.677,0.3133,0.1809,0.3189,0.2504,-0.2672,0.3235,0.3267,0.1934,0.2845,0.2513,-0.2691,0.2743,0.0,0.0,4.489,4.529,4.541,4.541
16,22,1790611465.713,0.3134,0.1811,0.3184,0.2508,-0.2668,0.3233,0.3267,0.1934,0.2845,0.2513,-0.2691,0.2743,0.1,0.1,4.494,4.521,4.541,4.541
16,23,1790611465.743,0.3133,0.1818,0.3182,0.251,-0.2665,0.3233,0.3262,0.1916,0.2761,0.251,-0.265,0.2629,0.1,0.1,4.494,4.516,4.541,4.541
16,24,1790611465.776,0.313,0.1822,0.3179,0.2511,-0.2659,0.3238,0.3262,0.1916,0.2761,0.251,-0.265,0.2629,0.0,0.0,4.488,4.534,4.541,4.541
16,25,1790611465.810,0.3129,0.1825,0.3176,0.2516,-0.2651,0.3242,0.3253,0.1895,0.2687,0.2503,-0.2606,0.2529,0.1,0.1,4.485,4.526,4.541,4.541
16,26,1790611465.843,0.3128,0.1831,0.3175,0.2515,-0.2647,0.3247,0.3239,0.1872,0.2623,0.2495,-0.2565,0.2446,0.1,0.1,4.489,4.528,4.541,4.541
16,27,1790611465.877,0.3127,0.1836,0.3174,0.2518,-0.264,0.3253,0.3239,0.1872,0.2623,0.2495,-0.2565,0.2446,0.0,0.0,4.498,4.525,4.541,4.541
16,28,1790611465.910,0.3125,0.184,0.3173,0.2518,-0.2638,0.3256,0.3224,0.1849,0.2572,0.2488,-0.2527,0.238,0.1,0.1,4.483,4.527,4.541,4.541
16,29,1790611465.944,0.3126,0.1846,0.3166,0.2523,-0.2634,0.326,0.3205,0.1826,0.2535,0.2482,-0.2489,0.2333,0.1,0.1,4.477,4.511,4.541,4.418
17,0,1790611466.717,0.3142,0.1778,0.2598,0.2469,-0.2426,0.2382,0.3095,0.1737,0.2886,0.2603,-0.2408,0.281,21.3,48.9,4.528,4.513,4.418,4.541
17,1,1790611466.751,0.314,0.1774,0.2597,0.247,-0.2424,0.238,0.3094,0.1737,0.2906,0.2603,-0.2411,0.2825,0.0,5.4,4.504,4.514,4.418,4.541
17,2,1790611466.784,0.3138,0.1769,0.2598,0.2472,-0.2421,0.238,0.3093,0.1737,0.2922,0.2603,-0.2414,0.2836,0.0,0.0,4.496,4.512,4.418,4.541
17,3,1790611466.818,0.3139,0.1768,0.2595,0.2473,-0.2417,0.238,0.3093,0.1738,0.2934,0.2594,-0.2414,0.284,0.1,0.1,4.493,4.505,4.418,4.541
17,4,1790611466.851,0.3137,0.1762,0.2597,0.2476,-0.2415,0.2377,0.3093,0.1738,0.2934,0.2594,-0.2414,0.284,0.0,0.0,4.503,4.499,4.418,4.541
17,5,1790611466.884,0.314,0.1759,0.2595,0.2474,-0.2413,0.2376,0.3095,0.1737,0.2932,0.2586,-0.2411,0.2818,0.1,0.1,4.499,4.504,4.418,4.541
17,6,1790611466.918,0.3141,0.1759,0.2596,0.2474,-0.2413,0.2378,0.3098,0.1736,0.2915,0.2577,-0.2402,0.2773,0.1,0.1,4.513,4.514,4.418,4.541
17,7,1790611466.951,0.3139,0.1755,0.2596,0.2476,-0.2411,0.2376,0.3104,0.1733,0.2885,0.2566,-0.2387,0.2708,0.0,0.0,4.515,4.497,4.418,4.541
17,8,1790611466.987,0.3139,0.175,0.2596,0.2477,-0.241,0.2377,0.3111,0.173,0.2843,0.2553,-0.237,0.2631,0.0,0.0,4.498,4.501,4.418,4.541
17,9,1790611467.020,0.3138,0.1748,0.2596,0.2478,-0.241,0.2374,0.3111,0.173,0.2843,0.2553,-0.237,0.2631,0.0,0.0,4.502,4.513,4.418,4.541
17,10,1790611467.053,0.3138,0.1746,0.2596,0.2477,-0.2409,0.2375,0.3118,0.1727,0.2792,0.2536,-0.235,0.2544,0.0,0.1,4.482,4.51,4.418,4.541
17,11,1790611467.088,0.3138,0.1746,0.2594,0.2478,-0.2408,0.2375,0.3118,0.1727,0.2792,0.2536,-0.235,0.2544,0.0,0.0,4.497,4.503,4.418,4.541
17,12,1790611467.121,0.3138,0.1744,0.2594,0.2478,-0.2409,0.2375,0.3126,0.1723,0.2733,0.2516,-0.2328,0.2452,0.0,0.0,4.467,4.501,4.418,4.541
17,13,1790611467.154,0.314,0.1746,0.2592,0.2479,-0.2408,0.2373,0.3132,0.1719,0.2669,0.2493,-0.2307,0.236,0.0,0.0,4.495,4.503,4.418,4.541
17,14,1790611467.188,0.314,0.1747,0.2593,0.248,-0.2406,0.2375,0.3137,0.1715,0.2601,0.2468,-0.2288,0.227,0.0,0.0,4.488,4.503,4.418,4.541
17,15,1790611467.221,0.3138,0.1745,0.2591,0.248,-0.2406,0.2373,0.3137,0.1715,0.2601,0.2468,-0.2288,0.227,0.0,0.0,4.495,4.507,4.418,4.541
17,16,1790611467.255,0.3138,0.1745,0.2591,0.2481,-0.2405,0.2374,0.314,0.171,0.2532,0.2441,-0.227,0.2185,0.0,0.0,4.494,4.502,4.418,4.541
17,17,1790611467.288,0.3138,0.1743,0.2589,0.2481,-0.2407,0.2373,0.3141,0.1706,0.2463,0.2414,-0.2255,0.2106,0.0,0.0,4.498,4.506,4.418,4.541
17,18,1790611467.322,0.3139,0.1742,0.2589,0.2479,-0.2405,0.2372,0.3139,0.1702,0.2396,0.2387,-0.2243,0.2036,0.0,0.0,4.501,4.506,4.418,4.541
17,19,1790611467.355,0.3137,0.174,0.259,0.2482,-0.2404,0.2373,0.3136,0.1698,0.2332,0.2363,-0.2234,0.1975,0.0,0.0,4.498,4.501,4.418,4.541
17,20,1790611467.388,0.3136,0.1739,0.2587,0.2478,-0.2405,0.2373,0.3136,0.1698,0.2332,0.2363,-0.2234,0.1975,0.0,0.0,4.482,4.503,4.418,4.541
17,21,1790611467.422,0.3138,0.1739,0.2589,0.248,-0.2406,0.2371,0.3131,0.1694,0.2274,0.2341,-0.2231,0.1926,0.0,0.0,4.481,4.506,4.418,4.541
17,22,1790611467.455,0.3136,0.1737,0.2591,0.2479,-0.2405,0.2374,0.3124,0.1691,0.2223,0.2324,-0.223,0.1887,0.0,0.1,4.479,4.502,4.418,4.418
17,23,1790611467.489,0.3137,0.1737,0.2589,0.2481,-0.2405,0.237,0.3124,0.1691,0.2223,0.2324,-0.223,0.1887,0.0,0.1,4.491,4.509,4.418,4.418
17,24,1790611467.522,0.3137,0.1735,0.259,0.248,-0.2403,0.2372,0.3116,0.1688,0.218,0.2311,-0.2232,0.186,0.0,0.0,4.483,4.517,4.418,4.541
17,25,1790611467.555,0.314,0.1738,0.2587,0.2481,-0.2405,0.237,0.3107,0.1687,0.2146,0.2303,-0.2238,0.1845,0.0,0.0,4.495,4.507,4.418,4.541
17,26,1790611467.589,0.3137,0.1735,0.2587,0.2481,-0.2403,0.2371,0.3107,0.1687,0.2146,0.2303,-0.2238,0.1845,0.0,0.0,4.5,4.514,4.418,4.541
17,27,1790611467.622,0.3138,0.1735,0.2588,0.2481,-0.2404,0.2373,0.31,0.1686,0.2121,0.23,-0.2249,0.1842,0.0,0.0,4.483,4.497,4.418,4.541
17,28,1790611467.656,0.3138,0.1731,0.2587,0.2481,-0.2403,0.2369,0.3093,0.1687,0.2106,0.2303,-0.2263,0.1849,0.0,0.1,4.49,4.507,4.418,4.541
17,29,1790611467.689,0.3138,0.173,0.2587,0.248,-0.2402,0.2371,0.3093,0.1687,0.2106,0.2303,-0.2263,0.1849,0.0,0.0,4.467,4.499,4.418,4.541
18,0,1790611468.462,0.3022,0.1686,0.2189,0.2242,-0.2279,0.1861,0.3107,0.1718,0.2485,0.2449,-0.2465,0.2299,17.0,13.5,4.473,4.515,4.418,4.541
18,1,1790611468.495,0.3008,0.1695,0.218,0.223,-0.2274,0.1842,0.3108,0.1717,0.2503,0.245,-0.2467,0.2307,0.0,0.0,4.455,4.507,4.418,4.541
18,2,1790611468.529,0.3002,0.1706,0.2164,0.2215,-0.2272,0.1822,0.3106,0.1713,0.2519,0.2443,-0.2461,0.2308,0.1,0.1,4.455,4.501,4.418,4.541
18,3,1790611468.562,0.2998,0.1714,0.2154,0.2205,-0.2267,0.181,0.3106,0.1713,0.2519,0.2443,-0.2461,0.2308,0.0,0.1,4.474,4.487,4.418,4.541
18,4,1790611468.595,0.2991,0.1723,0.2139,0.2197,-0.2268,0.1797,0.3098,0.1705,0.2529,0.2431,-0.2447,0.2293,0.1,0.1,4.488,4.499,4.418,4.541
18,5,1790611468.630,0.2987,0.1728,0.213,0.2192,-0.2265,0.1792,0.3085,0.1695,0.253,0.2412,-0.2427,0.2261,0.1,0.1,4.484,4.51,4.418,4.541
18,6,1790611468.664,0.2987,0.1735,0.2121,0.2189,-0.2267,0.1788,0.3085,0.1695,0.253,0.2412,-0.2427,0.2261,0.0,0.0,4.471,4.506,4.418,4.541
18,7,1790611468.697,0.2984,0.174,0.2113,0.2189,-0.2268,0.1786,0.3069,0.1685,0.2521,0.2387,-0.24,0.2213,0.1,0.1,4.462,4.5,4.418,4.541
18,8,1790611468.731,0.2982,0.1747,0.2107,0.2188,-0.2267,0.1783,0.3054,0.1675,0.25,0.2358,-0.237,0.2152,0.1,0.1,4.476,4.496,4.418,4.541
18,9,1790611468.764,0.2982,0.1757,0.2095,0.2187,-0.2267,0.1782,0.3054,0.1675,0.25,0.2358,-0.237,0.2152,0.1,0.0,4.49,4.511,4.418,4.541
18,10,1790611468.798,0.298,0.1763,0.2089,0.2187,-0.2267,0.178,0.3039,0.1669,0.2467,0.2324,-0.2338,0.2082,0.1,0.1,4.488,4.504,4.418,4.541
18,11,1790611468.831,0.2978,0.1766,0.2083,0.2187,-0.2267,0.1778,0.3025,0.1666,0.2422,0.2287,-0.2308,0.2007,0.0,0.0,4.478,4.502,4.418,4.541
18,12,1790611468.865,0.2975,0.177,0.2079,0.2188,-0.2268,0.1777,0.3013,0.1666,0.2368,0.2248,-0.2278,0.193,0.0,0.0,4.487,4.497,4.418,4.541
18,13,1790611468.898,0.2973,0.1771,0.2075,0.2187,-0.2267,0.1776,0.3013,0.1666,0.2368,0.2248,-0.2278,0.193,0.0,0.0,4.451,4.498,4.418,4.541
18,14,1790611468.931,0.2973,0.177,0.2074,0.2188,-0.2267,0.1775,0.3001,0.1671,0.2305,0.2206,-0.2249,0.1853,0.0,0.0,4.461,4.5,4.418,4.541
18,15,1790611468.965,0.2973,0.1771,0.207,0.2187,-0.2267,0.1773,0.3001,0.1671,0.2305,0.2206,-0.2249,0.1853,0.0,0.0,4.462,4.505,4.418,4.541
18,16,1790611468.998,0.2972,0.1774,0.2063,0.2187,-0.2265,0.1772,0.2989,0.1679,0.2236,0.2165,-0.2225,0.1779,0.0,0.0,4.488,4.511,4.418,4.541
18,17,1790611469.032,0.2972,0.1774,0.2059,0.2186,-0.2264,0.1771,0.2976,0.169,0.2161,0.2124,-0.2204,0.1709,0.0,0.0,4.487,4.509,4.418,4.541
18,18,1790611469.065,0.2972,0.1775,0.206,0.2187,-0.2263,0.177,0.2976,0.169,0.2161,0.2124,-0.2204,0.1709,0.0,0.0,4.494,4.504,4.418,4.541
18,19,1790611469.100,0.2972,0.1775,0.2056,0.2188,-0.2263,0.1768,0.2963,0.1703,0.2083,0.2085,-0.2186,0.1645,0.0,0.0,4.48,4.509,4.418,4.541
18,20,1790611469.134,0.2973,0.1776,0.2057,0.2189,-0.2263,0.177,0.2947,0.1718,0.2004,0.205,-0.2171,0.1588,0.0,0.0,4.438,4.5,4.418,4.541
18,21,1790611469.167,0.2974,0.1773,0.206,0.2191,-0.2262,0.1771,0.2931,0.1735,0.1926,0.2018,-0.216,0.1538,0.0,0.1,4.475,4.506,4.418,4.541
18,22,1790611469.201,0.2974,0.1774,0.2059,0.219,-0.226,0.1771,0.2913,0.1752,0.1852,0.1991,-0.2152,0.1496,0.0,0.0,4.48,4.51,4.418,4.418
18,23,1790611469.234,0.2972,0.1772,0.2057,0.219,-0.226,0.1771,0.2894,0.1769,0.1781,0.1968,-0.2146,0.1461,0.0,0.1,4.457,4.51,4.418,4.418
18,24,1790611469.268,0.2973,0.1774,0.2056,0.219,-0.2261,0.177,0.2894,0.1769,0.1781,0.1968,-0.2146,0.1461,0.0,0.0,4.467,4.497,4.418,4.418
18,25,1790611469.301,0.2972,0.1774,0.2055,0.2189,-0.2259,0.1768,0.2874,0.1786,0.1717,0.1952,-0.2144,0.1434,0.0,0.0,4.475,4.506,4.418,4.418
18,26,1790611469.334,0.2973,0.1776,0.2052,0.2191,-0.226,0.1767,0.2855,0.1803,0.1661,0.1941,-0.2144,0.1415,0.0,0.0,4.461,4.523,4.418,4.418
18,27,1790611469.368,0.2971,0.1775,0.2055,0.219,-0.2259,0.1765,0.2855,0.1803,0.1661,0.1941,-0.2144,0.1415,0.0,0.0,4.444,4.506,4.418,4.418
18,28,1790611469.402,0.297,0.1774,0.2056,0.219,-0.2258,0.1767,0.2837,0.1818,0.1613,0.1937,-0.2146,0.1403,0.0,0.0,4.468,4.507,4.418,4.418
18,29,1790611469.438,0.2973,0.1774,0.2052,0.2191,-0.2258,0.1765,0.2821,0.1832,0.1576,0.1938,-0.2151,0.1399,0.1,0.0,4.48,4.501,4.418,4.541
19,0,1790611470.211,0.2731,0.1849,0.1615,0.1957,-0.2156,0.1485,0.2867,0.1856,0.1793,0.2139,-0.2215,0.1632,29.1,0.3,4.513,4.544,4.418,4.541
19,1,1790611470.244,0.2695,0.1857,0.1596,0.1962,-0.2149,0.1482,0.2872,0.1852,0.1808,0.214,-0.2215,0.1635,9.7,0.0,4.527,4.574,4.418,4.541
19,2,1790611470.278,0.2666,0.1864,0.1576,0.1968,-0.214,0.1481,0.2873,0.1847,0.1821,0.2133,-0.2205,0.1629,0.0,0.0,4.526,4.564,4.418,4.541
19,3,1790611470.311,0.264,0.1873,0.1559,0.1975,-0.213,0.148,0.2873,0.1847,0.1821,0.2133,-0.2205,0.1629,0.0,0.0,4.497,4.546,4.418,4.541
19,4,1790611470.345,0.2617,0.1883,0.1541,0.1981,-0.2118,0.1477,0.2865,0.184,0.1833,0.2118,-0.2189,0.1616,0.2,0.1,4.511,4.564,4.418,4.541
19,5,1790611470.379,0.2594,0.189,0.153,0.1991,-0.2102,0.1475,0.2865,0.184,0.1833,0.2118,-0.2189,0.1616,0.1,0.0,4.508,4.556,4.418,4.541
19,6,1790611470.412,0.2574,0.1899,0.152,0.1999,-0.2085,0.1473,0.2848,0.183,0.184,0.2096,-0.2168,0.1594,0.2,0.1,4.516,4.561,4.418,4.541
19,7,1790611470.445,0.2563,0.191,0.1522,0.201,-0.2062,0.1472,0.2822,0.182,0.1841,0.207,-0.2145,0.1566,0.2,0.1,4.501,4.555,4.418,4.541
19,8,1790611470.479,0.2553,0.1928,0.1521,0.2019,-0.2042,0.1471,0.2788,0.181,0.1834,0.2041,-0.2121,0.1534,0.1,0.1,4.516,4.557,4.418,4.541
19,9,1790611470.513,0.2549,0.1947,0.1527,0.2031,-0.2016,0.1472,0.2749,0.1802,0.1819,0.2011,-0.2098,0.1498,0.1,0.1,4.495,4.545,4.418,4.541
19,10,1790611470.546,0.254,0.1971,0.1534,0.2047,-0.199,0.1473,0.2749,0.1802,0.1819,0.2011,-0.2098,0.1498,0.0,0.0,4.514,4.566,4.418,4.541
19,11,1790611470.579,0.2538,0.1996,0.1539,0.2062,-0.1964,0.1472,0.2707,0.1798,0.1794,0.1982,-0.2076,0.1462,0.1,0.1,4.508,4.559,4.418,4.541
19,12,1790611470.613,0.2536,0.2025,0.1545,0.2079,-0.1938,0.1475,0.2663,0.1799,0.176,0.1955,-0.2056,0.1426,0.1,0.1,4.502,4.558,4.418,4.541
19,13,1790611470.646,0.2534,0.2048,0.1549,0.2093,-0.1911,0.1475,0.2663,0.1799,0.176,0.1955,-0.2056,0.1426,0.0,0.0,4.509,4.564,4.418,4.541
19,14,1790611470.680,0.253,0.2067,0.1558,0.2111,-0.1879,0.1477,0.2618,0.1809,0.1716,0.193,-0.2035,0.1391,0.1,0.2,4.516,4.567,4.541,4.541
19,15,1790611470.714,0.2525,0.2083,0.1561,0.2125,-0.1846,0.1481,0.2574,0.1824,0.1664,0.191,-0.2017,0.1359,0.1,0.4,4.519,4.572,4.541,4.541
19,16,1790611470.747,0.2522,0.2096,0.1571,0.2141,-0.1807,0.1482,0.253,0.1846,0.1606,0.1895,-0.1998,0.1328,0.1,0.6,4.506,4.559,4.541,4.541
19,17,1790611470.781,0.2515,0.2104,0.1576,0.2157,-0.1769,0.1484,0.2486,0.1875,0.1541,0.1886,-0.1979,0.13,0.1,0.8,4.521,4.565,4.541,4.541
19,18,1790611470.814,0.2511,0.2105,0.1582,0.2172,-0.1729,0.1487,0.2486,0.1875,0.1541,0.1886,-0.1979,0.13,0.0,0.9,4.523,4.563,4.541,4.541
19,19,1790611470.847,0.2503,0.2098,0.1585,0.2191,-0.1687,0.1492,0.2441,0.1909,0.1474,0.1883,-0.1954,0.1271,0.1,1.4,4.507,4.548,4.541,4.541
19,20,1790611470.882,0.2494,0.2086,0.1591,0.2207,-0.1646,0.1496,0.2396,0.1947,0.1406,0.1886,-0.1924,0.1247,0.0,1.8,4.508,4.561,4.541,4.541
19,21,1790611470.914,0.2486,0.2068,0.1592,0.2225,-0.1606,0.1501,0.2396,0.1947,0.1406,0.1886,-0.1924,0.1247,0.1,2.4,4.506,4.553,4.541,4.541
19,22,1790611470.948,0.2475,0.2048,0.1595,0.2241,-0.1563,0.1507,0.2351,0.1988,0.1339,0.1895,-0.189,0.1227,0.1,3.0,4.519,4.556,4.541,4.541
19,23,1790611470.981,0.2466,0.2028,0.1592,0.2259,-0.1525,0.1513,0.2304,0.2026,0.1278,0.1909,-0.1848,0.1207,0.1,3.9,4.51,4.558,4.541,4.541
19,24,1790611471.015,0.2457,0.2003,0.1592,0.2272,-0.1482,0.152,0.2304,0.2026,0.1278,0.1909,-0.1848,0.1207,0.1,5.0,4.506,4.557,4.541,4.541
19,25,1790611471.048,0.2448,0.198,0.1592,0.2284,-0.1444,0.1526,0.2258,0.2062,0.1223,0.1928,-0.18,0.1193,0.1,6.0,4.512,4.555,4.541,4.541
19,26,1790611471.082,0.244,0.1958,0.1591,0.2298,-0.1407,0.1531,0.2211,0.2092,0.1178,0.195,-0.1747,0.1185,0.1,7.7,4.518,4.554,4.541,4.541
19,27,1790611471.116,0.2435,0.1936,0.1593,0.2308,-0.137,0.1533,0.2167,0.2118,0.1142,0.1976,-0.1694,0.1189,0.1,9.6,4.517,4.564,4.541,4.541
19,28,1790611471.148,0.2431,0.1917,0.1597,0.2322,-0.1334,0.1538,0.2128,0.2139,0.1118,0.2002,-0.1644,0.1199,0.1,11.6,4.514,4.554,4.541,4.541
19,29,1790611471.182,0.2431,0.1895,0.1599,0.2332,-0.1302,0.1537,0.2128,0.2139,0.1118,0.2002,-0.1644,0.1199,0.1,14.1,4.519,4.561,4.541,4.541
20,0,1790611471.947,0.2121,0.2126,0.1223,0.2056,-0.1558,0.1324,0.2196,0.2077,0.1536,0.2206,-0.1413,0.1409,33.4,0.6,4.504,4.543,4.541,4.541
20,1,1790611471.980,0.2123,0.2122,0.1225,0.2061,-0.156,0.1325,0.2196,0.2077,0.1536,0.2206,-0.1413,0.1409,8.8,0.0,4.521,4.544,4.541,4.541
20,2,1790611472.014,0.2129,0.2118,0.123,0.2063,-0.1554,0.1323,0.2207,0.2069,0.1555,0.2206,-0.1415,0.141,0.0,0.1,4.499,4.53,4.541,4.541
20,3,1790611472.047,0.2129,0.2116,0.1228,0.2067,-0.1551,0.1324,0.2218,0.2071,0.1576,0.22,-0.1412,0.1412,0.1,0.1,4.518,4.527,4.541,4.541
20,4,1790611472.080,0.2131,0.211,0.1234,0.2068,-0.1548,0.1325,0.2224,0.2081,0.159,0.2186,-0.1404,0.141,0.1,0.1,4.484,4.528,4.541,4.541
20,5,1790611472.114,0.2133,0.2109,0.1233,0.207,-0.1548,0.1325,0.2225,0.2097,0.1593,0.2166,-0.1394,0.1404,0.1,0.1,4.507,4.523,4.541,4.541
20,6,1790611472.150,0.2136,0.2108,0.1236,0.2072,-0.1547,0.1325,0.2222,0.2117,0.1585,0.2141,-0.1384,0.1392,0.1,0.1,4.515,4.53,4.541,4.541
20,7,1790611472.180,0.2137,0.2107,0.1239,0.2071,-0.1546,0.1323,0.2214,0.2137,0.1566,0.2114,-0.1376,0.1377,0.0,0.1,4.514,4.55,4.541,4.541
20,8,1790611472.214,0.2138,0.2106,0.1238,0.2071,-0.1545,0.1323,0.2214,0.2137,0.1566,0.2114,-0.1376,0.1377,0.0,0.0,4.499,4.52,4.541,4.541
20,9,1790611472.248,0.2138,0.2106,0.1239,0.207,-0.1545,0.1324,0.2202,0.216,0.1536,0.2088,-0.1371,0.1359,0.0,0.0,4.503,4.535,4.541,4.541
20,10,1790611472.281,0.2138,0.2107,0.1236,0.2072,-0.1545,0.1323,0.2202,0.216,0.1536,0.2088,-0.1371,0.1359,0.0,0.0,4.507,4.513,4.541,4.541
20,11,1790611472.315,0.214,0.2106,0.1237,0.2071,-0.1545,0.1323,0.2188,0.2182,0.1498,0.206,-0.1369,0.1338,0.0,0.0,4.505,4.522,4.541,4.541
20,12,1790611472.348,0.214,0.2104,0.124,0.207,-0.1544,0.1322,0.217,0.2203,0.1451,0.2034,-0.1371,0.1316,0.0,0.0,4.509,4.519,4.541,4.541
20,13,1790611472.384,0.2139,0.2105,0.1238,0.207,-0.1544,0.1323,0.217,0.2203,0.1451,0.2034,-0.1371,0.1316,0.0,0.0,4.505,4.524,4.541,4.541
20,14,1790611472.417,0.2139,0.2104,0.1239,0.2069,-0.1544,0.1322,0.2148,0.2222,0.1398,0.2009,-0.1375,0.1292,0.0,0.0,4.502,4.522,4.541,4.541
20,15,1790611472.450,0.2139,0.2104,0.1238,0.207,-0.1546,0.1322,0.2124,0.2238,0.134,0.1986,-0.1382,0.1268,0.0,0.0,4.514,4.534,4.541,4.541
20,16,1790611472.485,0.214,0.2105,0.1239,0.2068,-0.1543,0.1321,0.2124,0.2238,0.134,0.1986,-0.1382,0.1268,0.0,0.0,4.515,4.523,4.541,4.541
20,17,1790611472.518,0.214,0.2106,0.1238,0.207,-0.1544,0.1321,0.2097,0.2249,0.128,0.1963,-0.1391,0.1244,0.0,0.0,4.502,4.521,4.541,4.541
20,18,1790611472.551,0.2141,0.2105,0.1238,0.2069,-0.1544,0.1322,0.2067,0.2256,0.1218,0.1942,-0.1401,0.122,0.0,0.0,4.496,4.536,4.541,4.541
20,19,1790611472.585,0.2142,0.2105,0.1241,0.2067,-0.1543,0.1322,0.2037,0.2258,0.1158,0.1923,-0.1412,0.1197,0.0,0.0,4.512,4.528,4.541,4.541
20,20,1790611472.618,0.214,0.2105,0.1236,0.2069,-0.1543,0.1322,0.2006,0.2256,0.1099,0.1906,-0.1424,0.1176,0.0,0.0,4.51,4.528,4.541,4.541
20,21,1790611472.652,0.2141,0.2106,0.1239,0.2069,-0.1543,0.1321,0.2006,0.2256,0.1099,0.1906,-0.1424,0.1176,0.0,0.1,4.495,4.53,4.541,4.541
20,22,1790611472.685,0.2141,0.2106,0.1238,0.2068,-0.1542,0.1321,0.1975,0.2249,0.1045,0.1891,-0.1435,0.1157,0.0,0.0,4.508,4.531,4.541,4.541
20,23,1790611472.718,0.2141,0.2105,0.1238,0.2069,-0.1544,0.1323,0.1947,0.2237,0.0996,0.1879,-0.1445,0.1141,0.0,0.0,4.511,4.531,4.541,4.541
20,24,1790611472.754,0.2142,0.2105,0.1239,0.2069,-0.1542,0.1322,0.192,0.2223,0.0953,0.187,-0.1454,0.1127,0.0,0.0,4.514,4.52,4.541,4.541
20,25,1790611472.788,0.214,0.2105,0.1239,0.2069,-0.1541,0.1322,0.192,0.2223,0.0953,0.187,-0.1454,0.1127,0.0,0.0,4.504,4.522,4.541,4.541
20,26,1790611472.821,0.214,0.2105,0.1238,0.207,-0.1542,0.1322,0.1898,0.2206,0.0917,0.1863,-0.1463,0.1117,0.0,0.0,4.508,4.517,4.541,4.541
20,27,1790611472.855,0.2142,0.2104,0.1236,0.2069,-0.1542,0.1324,0.188,0.2187,0.0889,0.1861,-0.1471,0.1111,0.0,0.0,4.487,4.533,4.541,4.541
20,28,1790611472.888,0.2142,0.2106,0.124,0.2068,-0.1539,0.1321,0.188,0.2187,0.0889,0.1861,-0.1471,0.1111,0.0,0.0,4.512,4.524,4.541,4.541
20,29,1790611472.921,0.2142,0.2105,0.1238,0.2068,-0.1539,0.1322,0.1867,0.2166,0.0869,0.1861,-0.1479,0.1108,0.0,0.0,4.501,4.52,4.541,4.541
21,0,1790611473.696,0.1879,0.2137,0.0953,0.1905,-0.1488,0.1227,0.2079,0.2019,0.1127,0.207,-0.1561,0.1319,15.6,0.1,4.512,4.561,4.541,4.541
21,1,1790611473.730,0.1882,0.2135,0.0953,0.1906,-0.1483,0.1228,0.2088,0.2019,0.1138,0.2074,-0.1562,0.1324,0.0,0.0,4.487,4.539,4.541,4.541
21,2,1790611473.763,0.1882,0.2134,0.0955,0.1908,-0.1481,0.1231,0.2095,0.2023,0.1148,0.2075,-0.156,0.1334,0.0,0.0,4.491,4.528,4.541,4.541
21,3,1790611473.796,0.1881,0.2132,0.0954,0.1912,-0.1475,0.1235,0.2095,0.2023,0.1148,0.2075,-0.156,0.1334,0.0,0.1,4.501,4.533,4.541,4.541
21,4,1790611473.830,0.1882,0.2133,0.0956,0.1917,-0.1472,0.1239,0.2097,0.2029,0.1155,0.2068,-0.1552,0.1341,0.1,0.1,4.494,4.52,4.541,4.541
21,5,1790611473.863,0.1881,0.2132,0.0955,0.1917,-0.147,0.1245,0.2092,0.2035,0.1155,0.2055,-0.154,0.1345,0.1,0.1,4.488,4.526,4.541,4.541
21,6,1790611473.897,0.1881,0.2131,0.0955,0.192,-0.1467,0.1248,0.2092,0.2035,0.1155,0.2055,-0.154,0.1345,0.0,0.0,4.488,4.538,4.541,4.541
21,7,1790611473.930,0.1881,0.213,0.0956,0.1923,-0.1465,0.1253,0.208,0.2041,0.1146,0.2037,-0.1527,0.1344,0.1,0.1,4.491,4.535,4.541,4.541
21,8,1790611473.963,0.1881,0.213,0.0957,0.1924,-0.1461,0.1257,0.2063,0.2047,0.113,0.2017,-0.1513,0.134,0.1,0.1,4.491,4.529,4.541,4.541
21,9,1790611473.997,0.188,0.213,0.0956,0.1927,-0.146,0.1261,0.2041,0.2054,0.1107,0.1995,-0.1499,0.1331,0.1,0.0,4.482,4.527,4.541,4.541
21,10,1790611474.031,0.1881,0.213,0.0957,0.1929,-0.1458,0.1262,0.2041,0.2054,0.1107,0.1995,-0.1499,0.1331,0.0,0.0,4.492,4.529,4.541,4.541
21,11,1790611474.064,0.1878,0.2128,0.0958,0.193,-0.1455,0.1268,0.2014,0.2061,0.1077,0.1972,-0.1485,0.132,0.0,0.1,4.49,4.543,4.541,4.541
21,12,1790611474.098,0.1879,0.2127,0.0958,0.1933,-0.1452,0.1273,0.2014,0.2061,0.1077,0.1972,-0.1485,0.132,0.0,0.0,4.475,4.53,4.541,4.541
21,13,1790611474.131,0.1881,0.2127,0.0955,0.1936,-0.1451,0.1273,0.1984,0.2068,0.1043,0.1948,-0.1471,0.1306,0.0,0.0,4.473,4.523,4.541,4.541
21,14,1790611474.164,0.1879,0.2126,0.0956,0.1935,-0.1449,0.1275,0.195,0.2076,0.1006,0.1924,-0.1458,0.1291,0.0,0.0,4.493,4.53,4.541,4.541
21,15,1790611474.197,0.1879,0.2127,0.0957,0.1938,-0.1444,0.1279,0.195,0.2076,0.1006,0.1924,-0.1458,0.1291,0.0,0.0,4.486,4.526,4.541,4.541
21,16,1790611474.231,0.1879,0.2126,0.0958,0.194,-0.1442,0.1282,0.1914,0.2084,0.0966,0.1901,-0.1446,0.1275,0.0,0.0,4.495,4.532,4.418,4.541
21,17,1790611474.264,0.1881,0.2127,0.0958,0.1939,-0.1442,0.1285,0.1876,0.2093,0.0926,0.188,-0.1435,0.1259,0.0,0.0,4.485,4.517,4.418,4.541
21,18,1790611474.298,0.188,0.2125,0.0958,0.1944,-0.1439,0.1289,0.1837,0.2102,0.0886,0.1861,-0.1426,0.1243,0.0,0.0,4.493,4.537,4.418,4.541
21,19,1790611474.331,0.1881,0.2125,0.0957,0.1945,-0.1439,0.1292,0.1798,0.2112,0.0849,0.1845,-0.1417,0.1228,0.0,0.0,4.483,4.532,4.418,4.541
21,20,1790611474.365,0.1879,0.2124,0.0957,0.1947,-0.1436,0.1296,0.1798,0.2112,0.0849,0.1845,-0.1417,0.1228,0.0,0.0,4.47,4.532,4.418,4.541
21,21,1790611474.398,0.1879,0.2124,0.0956,0.195,-0.1436,0.1296,0.176,0.2121,0.0814,0.1831,-0.141,0.1215,0.1,0.0,4.5,4.521,4.418,4.541
21,22,1790611474.432,0.188,0.2124,0.0956,0.1949,-0.1437,0.13,0.1724,0.2129,0.0784,0.182,-0.1403,0.1203,0.0,0.0,4.49,4.53,4.418,4.541
21,23,1790611474.465,0.1879,0.2125,0.0958,0.1951,-0.1434,0.1302,0.1724,0.2129,0.0784,0.182,-0.1403,0.1203,0.0,0.0,4.492,4.525,4.418,4.541
21,24,1790611474.498,0.1878,0.2127,0.0959,0.1954,-0.1433,0.1304,0.1691,0.2137,0.0757,0.1811,-0.1398,0.1194,0.0,0.0,4.468,4.537,4.418,4.541
21,25,1790611474.532,0.1878,0.2125,0.096,0.1954,-0.1434,0.1306,0.1663,0.2145,0.0737,0.1806,-0.1395,0.1186,0.0,0.0,4.467,4.532,4.418,4.541
21,26,1790611474.565,0.1879,0.2126,0.0961,0.1956,-0.1434,0.1308,0.1644,0.2149,0.0737,0.1805,-0.1392,0.1181,0.0,0.0,4.489,4.527,4.418,4.541
21,27,1790611474.599,0.1879,0.2126,0.0961,0.1959,-0.1433,0.1309,0.163,0.2153,0.0738,0.1807,-0.1391,0.1179,0.0,0.0,4.48,4.52,4.418,4.541
21,28,1790611474.632,0.1878,0.2126,0.0966,0.196,-0.1432,0.1313,0.163,0.2153,0.0738,0.1807,-0.1391,0.1179,0.0,0.0,4.468,4.538,4.418,4.541
21,29,1790611474.666,0.1876,0.2123,0.0969,0.1965,-0.143,0.1315,0.1621,0.2156,0.0739,0.1812,-0.139,0.118,0.0,0.0,4.488,4.519,4.418,4.541
22,0,1790611475.432,0.1642,0.2143,0.077,0.1872,-0.1381,0.1316,0.1787,0.2159,0.0926,0.1983,-0.1404,0.1331,6.2,0.1,4.521,4.567,4.418,4.541
22,1,1790611475.465,0.1642,0.214,0.0765,0.1877,-0.1378,0.1317,0.1793,0.2157,0.0931,0.1985,-0.1405,0.1334,0.1,0.0,4.533,4.539,4.418,4.541
22,2,1790611475.498,0.1645,0.2138,0.0764,0.1881,-0.1372,0.1323,0.1796,0.2157,0.0935,0.1985,-0.1402,0.1341,0.0,0.0,4.507,4.571,4.418,4.541
22,3,1790611475.532,0.1648,0.2135,0.0768,0.1887,-0.1366,0.1328,0.1796,0.2157,0.0935,0.1985,-0.1402,0.1341,0.0,0.1,4.527,4.545,4.418,4.541
22,4,1790611475.565,0.1653,0.2134,0.0766,0.1891,-0.136,0.1331,0.1795,0.2157,0.0935,0.1978,-0.1394,0.135,0.1,0.1,4.515,4.529,4.418,4.541
22,5,1790611475.599,0.1658,0.2131,0.0768,0.1896,-0.1352,0.1337,0.1788,0.2158,0.0929,0.1966,-0.1383,0.1359,0.0,0.1,4.521,4.539,4.418,4.541
22,6,1790611475.632,0.1661,0.2132,0.0771,0.1903,-0.1343,0.1344,0.1776,0.2159,0.0917,0.1953,-0.1371,0.1366,0.1,0.1,4.489,4.536,4.418,4.541
22,7,1790611475.666,0.1665,0.213,0.0772,0.1908,-0.1335,0.1349,0.1761,0.216,0.09,0.194,-0.1359,0.1372,0.0,0.1,4.52,4.536,4.418,4.541
22,8,1790611475.699,0.1667,0.2129,0.0774,0.1915,-0.1325,0.1357,0.1742,0.2161,0.0878,0.1927,-0.1348,0.1375,0.1,0.1,4.51,4.521,4.418,4.541
22,9,1790611475.732,0.1671,0.2127,0.0776,0.1919,-0.1316,0.1362,0.1742,0.2161,0.0878,0.1927,-0.1348,0.1375,0.0,0.0,4.498,4.527,4.418,4.541
22,10,1790611475.766,0.1672,0.2126,0.0778,0.1925,-0.1308,0.1366,0.1721,0.2162,0.0853,0.1915,-0.1338,0.1376,0.0,0.1,4.505,4.534,4.418,4.541
22,11,1790611475.802,0.1676,0.2126,0.0777,0.1931,-0.1297,0.1373,0.1698,0.2163,0.0826,0.1904,-0.133,0.1375,0.0,0.1,4.51,4.536,4.418,4.541
22,12,1790611475.836,0.1677,0.2126,0.0781,0.1933,-0.1293,0.1375,0.1698,0.2163,0.0826,0.1904,-0.133,0.1375,0.0,0.0,4.502,4.549,4.418,4.541
22,13,1790611475.869,0.1677,0.2123,0.0783,0.1937,-0.1286,0.138,0.1674,0.2163,0.0798,0.1896,-0.1321,0.1373,0.0,0.1,4.494,4.548,4.418,4.541
22,14,1790611475.903,0.1678,0.2123,0.0783,0.1942,-0.1281,0.1383,0.1649,0.2162,0.077,0.1889,-0.1314,0.137,0.0,0.0,4.498,4.551,4.418,4.541
22,15,1790611475.939,0.1682,0.2122,0.0787,0.1945,-0.1273,0.1386,0.1649,0.2162,0.077,0.1889,-0.1314,0.137,0.0,0.0,4.506,4.52,4.418,4.541
22,16,1790611475.972,0.1681,0.2123,0.0787,0.1947,-0.1269,0.1389,0.1624,0.216,0.0742,0.1884,-0.1307,0.1367,0.0,0.0,4.519,4.555,4.541,4.541
22,17,1790611476.005,0.1684,0.2121,0.0792,0.195,-0.1263,0.1396,0.1606,0.2157,0.0733,0.1882,-0.13,0.1363,0.0,0.0,4.502,4.538,4.541,4.541
22,18,1790611476.039,0.1683,0.2121,0.079,0.1954,-0.1256,0.1402,0.1606,0.2157,0.0733,0.1882,-0.13,0.1363,0.0,0.0,4.493,4.554,4.541,4.541
22,19,1790611476.072,0.1684,0.212,0.079,0.1958,-0.125,0.1406,0.1594,0.2154,0.0733,0.1881,-0.1292,0.136,0.0,0.0,4.497,4.548,4.541,4.541
22,20,1790611476.106,0.1683,0.2122,0.0792,0.1962,-0.1242,0.1412,0.1584,0.2149,0.0732,0.1883,-0.1285,0.1357,0.0,0.0,4.511,4.554,4.541,4.541
22,21,1790611476.139,0.1683,0.2121,0.0791,0.1967,-0.1237,0.1422,0.1584,0.2149,0.0732,0.1883,-0.1285,0.1357,0.0,0.0,4.5,4.534,4.541,4.541
22,22,1790611476.172,0.1682,0.2121,0.0792,0.1971,-0.1228,0.1429,0.1577,0.2145,0.0732,0.1886,-0.1277,0.1356,0.0,0.0,4.491,4.555,4.541,4.541
22,23,1790611476.206,0.1681,0.212,0.0795,0.1975,-0.1222,0.1434,0.1573,0.2142,0.0731,0.189,-0.1269,0.1356,0.0,0.0,4.493,4.539,4.541,4.541
22,24,1790611476.242,0.1679,0.2121,0.0797,0.1982,-0.1216,0.144,0.1573,0.2142,0.0731,0.189,-0.1269,0.1356,0.0,0.0,4.506,4.537,4.541,4.541
22,25,1790611476.276,0.1677,0.2116,0.08,0.1989,-0.121,0.145,0.1571,0.2139,0.0731,0.1897,-0.1259,0.1359,0.0,0.0,4.497,4.536,4.541,4.541
22,26,1790611476.309,0.1674,0.2115,0.0798,0.1996,-0.1204,0.1456,0.157,0.2138,0.0731,0.1904,-0.1248,0.1363,0.0,0.0,4.501,4.516,4.541,4.541
22,27,1790611476.343,0.1674,0.2113,0.0804,0.2005,-0.1195,0.1466,0.157,0.2136,0.0731,0.1913,-0.1237,0.1369,0.0,0.0,4.479,4.517,4.541,4.541
22,28,1790611476.376,0.1674,0.2111,0.0808,0.2014,-0.1186,0.1473,0.1572,0.2133,0.073,0.1923,-0.1225,0.1377,0.0,0.0,4.499,4.488,4.541,4.541
22,29,1790611476.410,0.1673,0.2111,0.0812,0.2026,-0.1178,0.1487,0.1574,0.213,0.073,0.1934,-0.1212,0.1387,0.0,0.1,4.487,4.497,4.541,4.541
23,0,1790611477.178,0.1596,0.2156,0.0802,0.1968,-0.1211,0.147,0.1622,0.207,0.0737,0.2099,-0.1144,0.1581,0.0,0.0,4.517,4.587,4.541,4.541
23,1,1790611477.211,0.1599,0.2155,0.0802,0.1973,-0.1214,0.1471,0.1623,0.2069,0.0737,0.2101,-0.1144,0.1583,0.0,0.0,4.519,4.586,4.541,4.541
23,2,1790611477.245,0.16,0.2154,0.0806,0.1984,-0.1213,0.1475,0.1623,0.2067,0.0737,0.2102,-0.1143,0.1585,0.0,0.0,4.48,4.564,4.541,4.541
23,3,1790611477.278,0.16,0.2151,0.0808,0.1993,-0.1216,0.1475,0.1623,0.2067,0.0737,0.2102,-0.1143,0.1585,0.0,0.1,4.506,4.575,4.541,4.541
23,4,1790611477.311,0.16,0.2148,0.0812,0.2003,-0.1219,0.1477,0.1625,0.2069,0.0742,0.2101,-0.1141,0.1589,0.0,0.0,4.501,4.591,4.541,4.541
23,5,1790611477.345,0.1601,0.2148,0.0816,0.2016,-0.1221,0.1482,0.1625,0.2074,0.0751,0.2097,-0.1138,0.1593,0.0,0.1,4.502,4.589,4.541,4.541
23,6,1790611477.378,0.1602,0.2145,0.082,0.203,-0.1223,0.1485,0.1624,0.2079,0.0762,0.2089,-0.1135,0.1594,0.0,0.1,4.488,4.585,4.541,4.541
23,7,1790611477.412,0.1603,0.2147,0.0823,0.2048,-0.1224,0.149,0.1624,0.2079,0.0762,0.2089,-0.1135,0.1594,0.0,0.1,4.492,4.583,4.541,4.541
23,8,1790611477.445,0.1602,0.2149,0.0821,0.2061,-0.1227,0.1491,0.1622,0.2084,0.0773,0.2082,-0.1134,0.1592,0.0,0.1,4.503,4.583,4.541,4.541
23,9,1790611477.479,0.1602,0.215,0.0824,0.2077,-0.1229,0.1495,0.1622,0.2084,0.0773,0.2082,-0.1134,0.1592,0.0,0.1,4.492,4.582,4.541,4.541
23,10,1790611477.512,0.1601,0.2155,0.0824,0.2094,-0.1233,0.1502,0.1618,0.209,0.0785,0.2076,-0.1135,0.1586,0.0,0.1,4.495,4.582,4.541,4.541
23,11,1790611477.545,0.1601,0.2156,0.0829,0.211,-0.1234,0.1507,0.1613,0.2096,0.0797,0.2074,-0.1141,0.1575,0.0,0.1,4.488,4.585,4.541,4.541
23,12,1790611477.579,0.1602,0.2157,0.0835,0.2127,-0.1237,0.1512,0.1607,0.2103,0.0807,0.2074,-0.1151,0.1562,0.0,0.1,4.514,4.591,4.541,4.541
23,13,1790611477.612,0.1603,0.2159,0.0837,0.2147,-0.124,0.152,0.1601,0.2111,0.0815,0.2077,-0.1165,0.1546,0.0,0.0,4.481,4.572,4.541,4.541
23,14,1790611477.646,0.1604,0.2161,0.0844,0.2166,-0.1242,0.1527,0.1594,0.2119,0.0822,0.2083,-0.1182,0.1529,0.0,0.3,4.503,4.588,4.541,4.541
23,15,1790611477.681,0.1605,0.216,0.0852,0.219,-0.1246,0.154,0.1594,0.2119,0.0822,0.2083,-0.1182,0.1529,0.0,0.6,4.485,4.57,4.541,4.541
23,16,1790611477.715,0.1607,0.2161,0.0864,0.2215,-0.1248,0.1555,0.1587,0.2128,0.0827,0.209,-0.1201,0.1512,0.0,1.2,4.488,4.59,4.541,4.541
23,17,1790611477.747,0.161,0.2158,0.0879,0.2243,-0.1249,0.157,0.1579,0.2137,0.083,0.21,-0.122,0.1495,0.0,1.9,4.493,4.588,4.541,4.541
23,18,1790611477.781,0.1612,0.2155,0.0896,0.2271,-0.1249,0.1587,0.1572,0.2146,0.0835,0.2114,-0.1242,0.1479,0.0,2.6,4.485,4.592,4.541,4.541
23,19,1790611477.815,0.1616,0.2152,0.0915,0.23,-0.1249,0.1602,0.1572,0.2146,0.0835,0.2114,-0.1242,0.1479,0.0,3.5,4.487,4.582,4.541,4.541
23,20,1790611477.848,0.1621,0.2146,0.094,0.2326,-0.1248,0.1615,0.1565,0.2155,0.084,0.213,-0.1266,0.1464,0.1,4.6,4.5,4.58,4.541,4.541
23,21,1790611477.881,0.1626,0.2138,0.0967,0.235,-0.1246,0.1627,0.1558,0.2162,0.0847,0.2151,-0.129,0.1451,0.1,5.5,4.501,4.58,4.541,4.541
23,22,1790611477.915,0.1631,0.2127,0.0997,0.2373,-0.124,0.1633,0.1558,0.2162,0.0847,0.2151,-0.129,0.1451,0.1,7.2,4.496,4.593,4.541,4.541
23,23,1790611477.948,0.1635,0.2114,0.1028,0.2397,-0.1235,0.1642,0.1558,0.2162,0.0847,0.2151,-0.129,0.1451,0.1,8.7,4.496,4.592,4.541,4.541
23,24,1790611477.982,0.1639,0.2101,0.1064,0.2416,-0.1227,0.1643,0.1553,0.2166,0.086,0.2176,-0.1317,0.1438,0.0,10.6,4.5,4.584,4.541,4.541
23,25,1790611478.015,0.1643,0.2082,0.11,0.2436,-0.1221,0.1645,0.1549,0.2167,0.0879,0.2206,-0.1345,0.1429,0.1,12.4,4.504,4.583,4.541,4.541
23,26,1790611478.049,0.1648,0.2059,0.1142,0.2454,-0.1212,0.1645,0.1547,0.2164,0.0906,0.224,-0.1373,0.1422,0.0,14.6,4.496,4.572,4.541,4.541
23,27,1790611478.082,0.165,0.2036,0.1183,0.247,-0.1204,0.164,0.1547,0.2157,0.0942,0.2278,-0.1402,0.142,0.0,16.7,4.507,4.584,4.541,4.541
23,28,1790611478.115,0.1655,0.2006,0.1231,0.2487,-0.1194,0.1633,0.155,0.2145,0.0984,0.2319,-0.1429,0.1424,0.0,19.3,4.499,4.577,4.541,4.541
23,29,1790611478.149,0.1662,0.1978,0.1283,0.2504,-0.1185,0.1628,0.1554,0.2128,0.1034,0.236,-0.1454,0.1434,0.0,21.8,4.496,4.568,4.541,4.541
24,0,1790611478.914,0.1564,0.2118,0.1092,0.2405,-0.1437,0.1531,0.1668,0.1932,0.1521,0.2728,-0.1469,0.1854,0.0,0.0,4.524,4.518,4.541,4.541
24,1,1790611478.948,0.1564,0.2114,0.1092,0.2406,-0.1436,0.153,0.1669,0.1932,0.1521,0.2732,-0.1466,0.1864,0.0,0.0,4.53,4.499,4.541,4.541
24,2,1790611478.981,0.1563,0.2115,0.1096,0.2407,-0.143,0.153,0.167,0.1941,0.1516,0.2733,-0.1462,0.1878,0.0,0.0,4.511,4.506,4.541,4.541
24,3,1790611479.014,0.1562,0.211,0.1095,0.2408,-0.1429,0.1529,0.1671,0.1962,0.1497,0.2728,-0.1456,0.1887,0.0,0.0,4.522,4.522,4.541,4.541
24,4,1790611479.048,0.1562,0.2107,0.1099,0.241,-0.1426,0.1528,0.1671,0.1962,0.1497,0.2728,-0.1456,0.1887,0.0,0.0,4.524,4.517,4.541,4.541
24,5,1790611479.082,0.1561,0.2103,0.11,0.2411,-0.1422,0.1528,0.1672,0.1989,0.1466,0.2719,-0.145,0.1889,0.0,0.2,4.517,4.529,4.541,4.541
24,6,1790611479.116,0.1562,0.2101,0.1103,0.2413,-0.1419,0.1527,0.167,0.2019,0.1427,0.2704,-0.1444,0.1884,0.0,0.7,4.517,4.521,4.541,4.541
24,7,1790611479.149,0.1561,0.2096,0.1108,0.2414,-0.1415,0.1523,0.167,0.2019,0.1427,0.2704,-0.1444,0.1884,0.0,1.6,4.522,4.519,4.541,4.541
24,8,1790611479.182,0.1558,0.2092,0.1117,0.2418,-0.1409,0.1525,0.1664,0.205,0.138,0.2686,-0.1437,0.1871,0.0,2.2,4.507,4.509,4.541,4.541
24,9,1790611479.216,0.1556,0.2089,0.1122,0.2424,-0.1403,0.1525,0.1655,0.2079,0.133,0.2663,-0.143,0.1852,0.0,3.2,4.51,4.51,4.541,4.541
24,10,1790611479.249,0.1556,0.2084,0.113,0.2428,-0.1398,0.1524,0.1655,0.2079,0.133,0.2663,-0.143,0.1852,0.0,4.1,4.517,4.516,4.541,4.541
24,11,1790611479.283,0.1555,0.208,0.114,0.2433,-0.1391,0.1524,0.1642,0.2105,0.1279,0.2638,-0.1424,0.1826,0.0,5.1,4.508,4.518,4.541,4.541
24,12,1790611479.316,0.1554,0.2076,0.1148,0.2438,-0.1386,0.1525,0.1624,0.2126,0.1229,0.2611,-0.1419,0.1793,0.0,5.9,4.5,4.52,4.541,4.541
24,13,1790611479.352,0.1554,0.2073,0.1156,0.2443,-0.138,0.1524,0.1624,0.2126,0.1229,0.2611,-0.1419,0.1793,0.0,6.9,4.512,4.495,4.541,4.541
24,14,1790611479.386,0.1555,0.2073,0.1172,0.2452,-0.1375,0.1522,0.1603,0.2142,0.1182,0.2581,-0.1416,0.1754,0.1,8.3,4.513,4.477,4.541,4.541
24,15,1790611479.419,0.1556,0.207,0.1184,0.2458,-0.1372,0.1522,0.158,0.2152,0.114,0.255,-0.1417,0.1712,0.0,9.1,4.499,4.432,4.541,4.541
24,16,1790611479.453,0.1557,0.2068,0.1196,0.2466,-0.137,0.1523,0.1555,0.2156,0.1104,0.252,-0.1422,0.1666,0.0,10.0,4.486,4.346,4.541,4.541
24,17,1790611479.486,0.1558,0.2065,0.1211,0.2475,-0.1371,0.1521,0.1555,0.2156,0.1104,0.252,-0.1422,0.1666,0.0,10.9,4.474,4.256,4.541,4.541
24,18,1790611479.520,0.1558,0.206,0.1226,0.2487,-0.1372,0.1522,0.1529,0.2155,0.1076,0.249,-0.143,0.1617,0.0,11.7,4.404,4.081,4.541,4.418
24,19,1790611479.553,0.1559,0.2053,0.124,0.2496,-0.1371,0.1521,0.1503,0.2149,0.1055,0.2462,-0.1442,0.1568,0.0,12.7,4.218,3.852,4.418,4.295
24,20,1790611479.586,0.1558,0.2047,0.1256,0.2506,-0.1373,0.1518,0.1503,0.2149,0.1055,0.2462,-0.1442,0.1568,0.1,13.7,3.924,3.559,4.418,4.295
24,21,1790611479.620,0.156,0.2042,0.1268,0.2515,-0.1374,0.1516,0.148,0.2139,0.1044,0.2436,-0.1459,0.1517,0.0,14.6,3.667,3.228,4.418,4.05
24,22,1790611479.656,0.1561,0.2034,0.1284,0.2526,-0.1373,0.1514,0.1457,0.2125,0.1041,0.2414,-0.1479,0.1467,0.0,15.6,3.338,2.86,4.05,3.559
24,23,1790611479.690,0.1564,0.2031,0.1298,0.2535,-0.1375,0.1513,0.1457,0.2125,0.1041,0.2414,-0.1479,0.1467,0.1,16.5,3.073,2.482,4.05,3.559
24,24,1790611479.723,0.1565,0.2023,0.1315,0.2548,-0.1374,0.1512,0.1438,0.2109,0.1046,0.2395,-0.1504,0.1418,0.1,17.6,2.894,2.156,3.559,3.191
24,25,1790611479.757,0.1568,0.2015,0.1331,0.2555,-0.1372,0.1508,0.1422,0.2089,0.106,0.238,-0.1532,0.1372,0.1,18.8,2.754,1.917,3.068,2.455
24,26,1790611479.790,0.1573,0.2007,0.135,0.2566,-0.1369,0.1506,0.1422,0.2089,0.106,0.238,-0.1532,0.1372,0.1,20.1,2.717,1.815,3.068,2.455
24,27,1790611479.824,0.1575,0.2,0.1362,0.2578,-0.1366,0.1501,0.141,0.2069,0.108,0.237,-0.1562,0.1329,0.0,21.9,2.704,1.758,2.7,1.964
24,28,1790611479.857,0.158,0.1992,0.1373,0.259,-0.1362,0.15,0.1402,0.2047,0.1108,0.2364,-0.1594,0.1289,0.0,23.6,2.686,1.646,2.7,1.718
24,29,1790611479.891,0.1589,0.1986,0.139,0.2606,-0.1357,0.1498,0.1399,0.2025,0.1141,0.2363,-0.1626,0.1256,0.1,25.7,2.681,1.654,2.7,1.595
25,0,1790611480.667,0.1424,0.2,0.1241,0.2394,-0.1646,0.1298,0.1562,0.1896,0.1526,0.2557,-0.1738,0.1353,2.1,0.2,3.217,1.962,2.7,1.595
25,1,1790611480.702,0.1424,0.1998,0.1243,0.2395,-0.1641,0.1294,0.1563,0.1895,0.1527,0.2563,-0.1735,0.1362,0.1,0.0,3.446,2.273,2.7,1.595
25,2,1790611480.735,0.1428,0.1999,0.1242,0.2395,-0.1641,0.1293,0.1563,0.1895,0.1527,0.2563,-0.1735,0.1362,0.0,0.0,3.736,2.624,2.7,1.595
25,3,1790611480.768,0.1428,0.1997,0.1242,0.2396,-0.1639,0.1296,0.1563,0.1898,0.1528,0.2564,-0.1728,0.1373,0.0,0.1,4.039,3.013,3.191,2.086
25,4,1790611480.802,0.143,0.1996,0.1244,0.2397,-0.1636,0.1291,0.1559,0.1905,0.1522,0.2557,-0.1717,0.1378,0.0,0.1,4.404,3.424,3.927,2.7
25,5,1790611480.835,0.143,0.1996,0.1243,0.2399,-0.1634,0.1291,0.1559,0.1905,0.1522,0.2557,-0.1717,0.1378,0.0,0.0,4.493,3.82,3.927,2.7
25,6,1790611480.869,0.1434,0.1996,0.1243,0.24,-0.1633,0.1289,0.1554,0.1914,0.1509,0.2544,-0.1704,0.1378,0.0,0.1,4.554,4.159,4.541,3.436
25,7,1790611480.903,0.1433,0.1995,0.1244,0.2401,-0.1632,0.1287,0.1545,0.1926,0.1488,0.2525,-0.1689,0.1372,0.0,0.4,4.555,4.441,4.664,4.05
25,8,1790611480.937,0.1436,0.1993,0.1243,0.2402,-0.163,0.1285,0.1533,0.1939,0.1461,0.2502,-0.1674,0.1361,0.0,0.9,4.562,4.474,4.664,4.295
25,9,1790611480.970,0.1435,0.1992,0.1242,0.2405,-0.1628,0.1284,0.1519,0.1952,0.1429,0.2478,-0.166,0.1345,0.0,1.5,4.549,4.486,4.541,4.418
25,10,1790611481.005,0.1435,0.1992,0.1243,0.2404,-0.1626,0.1285,0.1519,0.1952,0.1429,0.2478,-0.166,0.1345,0.0,1.4,4.546,4.463,4.541,4.418
25,11,1790611481.037,0.1437,0.1989,0.1245,0.2405,-0.1618,0.1284,0.1502,0.1965,0.1393,0.2451,-0.165,0.1327,0.0,2.1,4.548,4.468,4.541,4.541
25,12,1790611481.070,0.1439,0.1989,0.1244,0.2407,-0.1613,0.1286,0.1483,0.1976,0.1356,0.2425,-0.1643,0.1305,0.0,2.4,4.535,4.474,4.541,4.541
25,13,1790611481.104,0.1442,0.1984,0.1246,0.2408,-0.1605,0.1285,0.1483,0.1976,0.1356,0.2425,-0.1643,0.1305,0.0,3.2,4.537,4.479,4.541,4.541
25,14,1790611481.137,0.1444,0.1982,0.1249,0.2409,-0.1588,0.1286,0.1462,0.1986,0.1318,0.2399,-0.164,0.1281,0.0,4.5,4.539,4.48,4.541,4.541
25,15,1790611481.170,0.1444,0.1974,0.1253,0.2409,-0.1569,0.1286,0.144,0.1994,0.1279,0.2373,-0.1639,0.1256,0.0,6.0,4.544,4.468,4.541,4.541
25,16,1790611481.204,0.1446,0.1967,0.126,0.2408,-0.1544,0.1289,0.1417,0.2001,0.1242,0.2348,-0.1639,0.1231,0.0,7.5,4.537,4.484,4.541,4.541
25,17,1790611481.238,0.1447,0.1955,0.1266,0.2404,-0.1511,0.1295,0.1394,0.2005,0.1207,0.2324,-0.164,0.1206,0.0,9.1,4.529,4.47,4.541,4.541
25,18,1790611481.271,0.1451,0.194,0.1279,0.2401,-0.1465,0.1301,0.1394,0.2005,0.1207,0.2324,-0.164,0.1206,0.0,11.8,4.538,4.468,4.541,4.541
25,19,1790611481.305,0.1454,0.1923,0.1295,0.2397,-0.1407,0.1309,0.1371,0.2004,0.1176,0.2301,-0.164,0.118,0.0,15.5,4.53,4.472,4.541,4.541
25,20,1790611481.337,0.146,0.1902,0.1313,0.2391,-0.1342,0.1315,0.135,0.2,0.115,0.2279,-0.1637,0.1158,0.0,19.8,4.535,4.471,4.541,4.541
25,21,1790611481.371,0.1465,0.1885,0.1332,0.2384,-0.1281,0.1323,0.135,0.2,0.115,0.2279,-0.1637,0.1158,0.0,23.7,4.532,4.477,4.541,4.541
25,22,1790611481.404,0.1471,0.187,0.1346,0.2378,-0.1224,0.1328,0.133,0.1991,0.1132,0.2256,-0.1631,0.1137,0.1,27.9,4.516,4.47,4.541,4.541
25,23,1790611481.438,0.1479,0.1857,0.1364,0.2371,-0.1167,0.1331,0.1313,0.1976,0.1123,0.2234,-0.1618,0.1121,0.1,32.1,4.54,4.466,4.541,4.541
25,24,1790611481.472,0.1488,0.1845,0.1378,0.2365,-0.1114,0.1333,0.1313,0.1976,0.1123,0.2234,-0.1618,0.1121,0.1,36.5,4.526,4.467,4.541,4.541
25,25,1790611481.506,0.1496,0.1833,0.1392,0.236,-0.106,0.1336,0.1301,0.1957,0.1122,0.2213,-0.1601,0.111,0.1,40.8,4.536,4.464,4.541,4.541
25,26,1790611481.538,0.1504,0.182,0.1405,0.2357,-0.1014,0.1334,0.1293,0.1936,0.1129,0.2196,-0.1581,0.1105,0.1,45.5,4.53,4.462,4.541,4.541
25,27,1790611481.572,0.1511,0.1806,0.1422,0.2357,-0.0968,0.133,0.1293,0.1936,0.1129,0.2196,-0.1581,0.1105,0.1,50.5,4.524,4.463,4.541,4.541
25,28,1790611481.606,0.152,0.1794,0.1436,0.2358,-0.0928,0.1327,0.129,0.1912,0.1142,0.2182,-0.1559,0.1103,0.1,55.1,4.522,4.459,4.541,4.541
25,29,1790611481.639,0.1526,0.1782,0.1449,0.2364,-0.0894,0.1323,0.1292,0.1887,0.1163,0.2172,-0.1536,0.1107,0.1,59.6,4.51,4.46,4.541,4.541
26,0,1790611482.404,0.1335,0.1876,0.1283,0.22,-0.1511,0.1228,0.1528,0.1659,0.1553,0.2447,-0.1388,0.1474,9.2,0.4,4.545,4.53,4.541,4.541
26,1,1790611482.437,0.1336,0.1875,0.1287,0.2203,-0.1508,0.1229,0.1533,0.1658,0.1557,0.2455,-0.1384,0.1488,0.0,0.0,4.528,4.522,4.541,4.541
26,2,1790611482.470,0.1335,0.1872,0.1287,0.2207,-0.1508,0.1233,0.1536,0.1657,0.156,0.2462,-0.1381,0.1498,0.0,0.0,4.525,4.516,4.541,4.541
26,3,1790611482.504,0.1338,0.1873,0.1288,0.221,-0.1507,0.1236,0.1536,0.1657,0.156,0.2462,-0.1381,0.1498,0.0,0.0,4.534,4.514,4.541,4.541
26,4,1790611482.537,0.1341,0.1871,0.1291,0.2212,-0.151,0.1242,0.1538,0.1663,0.1563,0.2462,-0.1372,0.1517,0.0,0.0,4.515,4.509,4.541,4.541
26,5,1790611482.571,0.134,0.1872,0.1292,0.2217,-0.1511,0.125,0.1536,0.1676,0.156,0.2452,-0.1361,0.153,0.0,0.0,4.519,4.506,4.541,4.541
26,6,1790611482.604,0.1344,0.1873,0.1296,0.2226,-0.151,0.1259,0.153,0.1694,0.1549,0.2434,-0.135,0.1537,0.0,0.0,4.52,4.509,4.541,4.541
26,7,1790611482.638,0.1345,0.1871,0.1296,0.2231,-0.1511,0.1266,0.152,0.1715,0.1529,0.2412,-0.1343,0.1536,0.0,0.0,4.524,4.507,4.541,4.541
26,8,1790611482.672,0.1347,0.1871,0.1297,0.2239,-0.151,0.1276,0.152,0.1715,0.1529,0.2412,-0.1343,0.1536,0.0,0.0,4.521,4.502,4.541,4.541
26,9,1790611482.704,0.1349,0.1869,0.1296,0.2248,-0.1511,0.1283,0.1506,0.1738,0.1502,0.2388,-0.1341,0.1526,0.0,0.0,4.522,4.509,4.541,4.541
26,10,1790611482.738,0.1348,0.1866,0.1297,0.2253,-0.1509,0.1289,0.1487,0.1762,0.147,0.2364,-0.1343,0.151,0.0,0.0,4.513,4.519,4.541,4.541
26,11,1790611482.771,0.1352,0.1866,0.1299,0.2259,-0.1508,0.1295,0.1487,0.1762,0.147,0.2364,-0.1343,0.151,0.0,0.0,4.53,4.513,4.541,4.541
26,12,1790611482.804,0.1352,0.1865,0.1301,0.2262,-0.1503,0.1297,0.1464,0.1786,0.1433,0.234,-0.1352,0.1488,0.0,0.0,4.501,4.498,4.541,4.541
26,13,1790611482.838,0.1353,0.1865,0.1299,0.2265,-0.1501,0.1295,0.1438,0.181,0.1394,0.2316,-0.1365,0.1459,0.0,0.0,4.53,4.5,4.541,4.541
26,14,1790611482.871,0.1355,0.1863,0.1302,0.2266,-0.1497,0.1297,0.1409,0.1833,0.1353,0.2292,-0.1383,0.1425,0.0,0.0,4.531,4.506,4.541,4.541
26,15,1790611482.906,0.1357,0.1864,0.1304,0.2266,-0.1491,0.1296,0.1409,0.1833,0.1353,0.2292,-0.1383,0.1425,0.0,0.0,4.508,4.506,4.541,4.541
26,16,1790611482.939,0.1357,0.1864,0.1304,0.227,-0.1485,0.1297,0.1377,0.1854,0.1313,0.2267,-0.1403,0.1388,0.1,0.0,4.525,4.511,4.541,4.541
26,17,1790611482.972,0.1359,0.1862,0.1307,0.2273,-0.1478,0.13,0.1344,0.1872,0.1274,0.2242,-0.1426,0.1348,0.0,0.0,4.526,4.501,4.541,4.541
26,18,1790611483.006,0.1359,0.1863,0.1308,0.2278,-0.1471,0.1305,0.1311,0.1888,0.124,0.2218,-0.1449,0.1308,0.0,0.0,4.524,4.482,4.541,4.541
26,19,1790611483.039,0.1361,0.1861,0.131,0.2283,-0.1464,0.1309,0.1279,0.1902,0.1209,0.2194,-0.1472,0.1267,0.0,0.0,4.533,4.478,4.541,4.541
26,20,1790611483.072,0.136,0.186,0.131,0.2289,-0.1457,0.1314,0.1248,0.1913,0.1182,0.2171,-0.1496,0.1228,0.0,0.0,4.527,4.466,4.541,4.541
26,21,1790611483.106,0.1363,0.1859,0.1312,0.2296,-0.145,0.132,0.1248,0.1913,0.1182,0.2171,-0.1496,0.1228,0.0,0.0,4.537,4.456,4.541,4.541
26,22,1790611483.139,0.1363,0.1857,0.1312,0.2306,-0.144,0.1327,0.122,0.1921,0.1161,0.215,-0.1518,0.119,0.0,0.0,4.523,4.446,4.541,4.541
26,23,1790611483.179,0.1364,0.1855,0.1314,0.2317,-0.143,0.1334,0.1196,0.1927,0.1145,0.213,-0.1537,0.1156,0.0,1.1,4.51,4.432,4.541,4.541
26,24,1790611483.208,0.1364,0.1854,0.1316,0.2335,-0.1417,0.1344,0.1196,0.1927,0.1145,0.213,-0.1537,0.1156,0.0,3.0,4.531,4.406,4.541,4.541
26,25,1790611483.241,0.1367,0.1853,0.1318,0.2351,-0.1405,0.1354,0.1176,0.1931,0.1135,0.2113,-0.1553,0.1125,0.0,4.6,4.529,4.364,4.541,4.541
26,26,1790611483.275,0.1368,0.185,0.1322,0.2374,-0.1384,0.1372,0.1161,0.1932,0.1129,0.21,-0.1568,0.1098,0.0,6.9,4.529,4.288,4.541,4.418
26,27,1790611483.309,0.1372,0.1847,0.1326,0.2412,-0.1356,0.1397,0.1151,0.1932,0.1129,0.2091,-0.1579,0.1077,0.0,10.7,4.517,4.21,4.541,4.418
26,28,1790611483.346,0.1376,0.1845,0.133,0.2451,-0.1325,0.1425,0.1146,0.1929,0.1132,0.2088,-0.1587,0.106,0.0,14.7,4.528,4.073,4.541,4.295
26,29,1790611483.376,0.1383,0.1845,0.1337,0.2497,-0.1292,0.1455,0.1146,0.1929,0.1132,0.2088,-0.1587,0.106,0.0,19.3,4.532,3.851,4.541,4.295
27,0,1790611484.146,0.1157,0.1944,0.1191,0.2127,-0.1582,0.1132,0.1348,0.1857,0.1348,0.2503,-0.1538,0.1425,9.1,16.4,4.528,4.491,4.541,3.927
27,1,1790611484.179,0.116,0.1945,0.1189,0.2128,-0.158,0.1133,0.1352,0.1856,0.1351,0.2513,-0.1533,0.1442,0.0,0.0,4.515,4.484,4.541,3.927
27,2,1790611484.213,0.116,0.1947,0.1188,0.213,-0.158,0.1131,0.1353,0.1858,0.1355,0.2517,-0.1523,0.1464,0.0,0.0,4.533,4.454,4.541,4.295
27,3,1790611484.246,0.1159,0.1948,0.119,0.2131,-0.1577,0.1134,0.1353,0.1858,0.1355,0.2517,-0.1523,0.1464,0.0,0.0,4.521,4.477,4.541,4.295
27,4,1790611484.280,0.116,0.1948,0.1186,0.2134,-0.1577,0.1135,0.1349,0.1866,0.1355,0.2507,-0.151,0.148,0.0,0.0,4.525,4.466,4.541,4.786
27,5,1790611484.313,0.116,0.1952,0.1185,0.2135,-0.1575,0.1135,0.1349,0.1866,0.1355,0.2507,-0.151,0.148,0.0,0.0,4.53,4.474,4.541,4.786
27,6,1790611484.346,0.1159,0.1952,0.1185,0.2138,-0.1572,0.1139,0.1339,0.1875,0.1348,0.2487,-0.1497,0.1484,0.1,0.0,4.519,4.467,4.541,4.664
27,7,1790611484.380,0.116,0.1954,0.1185,0.2139,-0.1571,0.114,0.1324,0.1888,0.1335,0.2458,-0.1487,0.1476,0.0,0.0,4.511,4.454,4.541,4.418
27,8,1790611484.413,0.1161,0.1958,0.1184,0.214,-0.157,0.1142,0.1304,0.1901,0.1317,0.2422,-0.148,0.1458,0.0,0.0,4.53,4.451,4.541,4.418
27,9,1790611484.446,0.1163,0.1958,0.1185,0.2144,-0.1566,0.1146,0.1304,0.1901,0.1317,0.2422,-0.148,0.1458,0.0,0.0,4.523,4.421,4.541,4.418
27,10,1790611484.480,0.1161,0.196,0.1185,0.2148,-0.1564,0.1151,0.128,0.1916,0.1294,0.2381,-0.1476,0.1429,0.0,0.0,4.523,4.322,4.541,4.418
27,11,1790611484.514,0.1164,0.1964,0.1182,0.2147,-0.1562,0.1155,0.1253,0.1933,0.1266,0.2336,-0.1478,0.1391,0.0,0.0,4.537,4.153,4.541,4.418
27,12,1790611484.547,0.1164,0.1967,0.1184,0.2153,-0.156,0.1162,0.1253,0.1933,0.1266,0.2336,-0.1478,0.1391,0.0,0.0,4.518,3.957,4.541,4.418
27,13,1790611484.580,0.1165,0.1971,0.1183,0.2156,-0.1557,0.1163,0.1223,0.1949,0.1237,0.2289,-0.1484,0.1345,0.0,0.0,4.522,3.702,4.541,4.418
27,14,1790611484.614,0.1168,0.1974,0.1186,0.2159,-0.1554,0.1171,0.1191,0.1964,0.1207,0.2239,-0.1492,0.1295,0.0,0.0,4.525,3.394,4.541,4.173
27,15,1790611484.647,0.1169,0.1982,0.1187,0.2163,-0.155,0.1172,0.1158,0.1979,0.1178,0.2187,-0.1503,0.1242,0.0,0.0,4.532,3.066,4.541,3.805
27,16,1790611484.680,0.117,0.1987,0.1188,0.2165,-0.1546,0.1179,0.1125,0.1993,0.1149,0.2135,-0.1517,0.1187,0.0,0.0,4.522,2.672,4.541,3.314
27,17,1790611484.714,0.1171,0.1992,0.119,0.2168,-0.1541,0.1188,0.1093,0.2007,0.1124,0.2083,-0.1532,0.1133,0.0,0.0,4.525,2.296,4.541,2.945
27,18,1790611484.747,0.1172,0.1998,0.119,0.2169,-0.1535,0.1197,0.1063,0.2019,0.1101,0.2032,-0.1547,0.1081,0.0,0.0,4.524,1.902,4.541,2.7
27,19,1790611484.781,0.1176,0.2003,0.1191,0.2171,-0.1529,0.1206,0.1063,0.2019,0.1101,0.2032,-0.1547,0.1081,0.0,0.0,4.525,1.563,4.541,2.7
27,20,1790611484.815,0.1177,0.2009,0.1195,0.2173,-0.1522,0.1221,0.1034,0.203,0.1081,0.1983,-0.1562,0.1032,0.0,0.0,4.528,1.52,4.541,2.332
27,21,1790611484.848,0.118,0.2015,0.1197,0.2175,-0.1517,0.1232,0.1009,0.204,0.1066,0.1936,-0.1575,0.0989,0.0,0.1,4.51,1.586,4.541,1.718
27,22,1790611484.882,0.1182,0.2018,0.12,0.2173,-0.151,0.1247,0.1009,0.204,0.1066,0.1936,-0.1575,0.0989,0.0,0.1,4.527,2.048,4.541,1.718
27,23,1790611484.916,0.1182,0.2024,0.1205,0.2174,-0.1501,0.1262,0.0988,0.2049,0.1054,0.1894,-0.1587,0.0952,0.0,0.1,4.52,2.437,4.541,1.227
27,24,1790611484.949,0.1185,0.2028,0.1209,0.2176,-0.149,0.128,0.0972,0.2058,0.1046,0.1856,-0.1594,0.0923,0.0,0.1,4.52,2.89,4.541,1.718
27,25,1790611484.985,0.1187,0.2034,0.121,0.2179,-0.1481,0.1301,0.0972,0.2058,0.1046,0.1856,-0.1594,0.0923,0.0,0.1,4.533,3.228,4.541,1.718
27,26,1790611485.018,0.1188,0.2041,0.1215,0.2186,-0.1467,0.1323,0.096,0.2065,0.1043,0.1823,-0.1598,0.0903,0.0,0.0,4.529,3.585,4.541,2.577
27,27,1790611485.051,0.1192,0.2047,0.122,0.2196,-0.1454,0.1347,0.0954,0.2072,0.1044,0.1797,-0.1598,0.0891,0.0,0.0,4.536,3.863,4.541,3.068
27,28,1790611485.085,0.1195,0.2052,0.1224,0.2209,-0.1442,0.1372,0.0952,0.2078,0.1049,0.1779,-0.1594,0.0888,0.0,0.0,4.534,4.082,4.541,3.559
27,29,1790611485.118,0.1199,0.2057,0.1229,0.2224,-0.1428,0.1397,0.0956,0.2084,0.1058,0.177,-0.1587,0.0894,0.0,0.1,4.528,4.108,4.541,3.927
28,0,1790611485.895,0.097,0.2105,0.113,0.1786,-0.1645,0.088,0.12,0.2097,0.1273,0.2162,-0.1422,0.1402,7.0,27.8,4.515,4.414,4.541,4.173
28,1,1790611485.928,0.0971,0.2108,0.113,0.1787,-0.1646,0.0881,0.12,0.2097,0.1273,0.2162,-0.1422,0.1402,0.0,0.0,4.518,4.407,4.541,4.173
28,2,1790611485.962,0.097,0.2109,0.1127,0.1788,-0.1647,0.0881,0.1203,0.2096,0.1275,0.2171,-0.1419,0.1415,0.0,0.0,4.515,4.43,4.541,4.173
28,3,1790611485.995,0.097,0.2111,0.1127,0.1788,-0.1646,0.0879,0.1202,0.2096,0.1279,0.2179,-0.1425,0.1418,0.0,0.0,4.513,4.44,4.541,4.295
28,4,1790611486.029,0.0972,0.2114,0.1131,0.1792,-0.1646,0.0883,0.1202,0.2096,0.1279,0.2179,-0.1425,0.1418,0.0,0.0,4.513,4.43,4.541,4.295
28,5,1790611486.062,0.0974,0.2117,0.1133,0.1796,-0.1648,0.0885,0.1194,0.2098,0.128,0.218,-0.1439,0.1403,0.0,0.0,4.506,4.426,4.418,4.418
28,6,1790611486.095,0.0975,0.2117,0.1134,0.1798,-0.1651,0.0888,0.118,0.2101,0.1276,0.2172,-0.1461,0.137,0.0,0.0,4.513,4.429,4.418,4.541
28,7,1790611486.129,0.0974,0.2121,0.1138,0.1803,-0.165,0.0894,0.118,0.2101,0.1276,0.2172,-0.1461,0.137,0.0,0.0,4.498,4.435,4.418,4.541
28,8,1790611486.162,0.0977,0.2123,0.1141,0.1804,-0.1652,0.0899,0.1161,0.2105,0.1268,0.2154,-0.1488,0.1325,0.0,0.0,4.506,4.447,4.418,4.541
28,9,1790611486.196,0.0978,0.2128,0.1149,0.181,-0.165,0.0909,0.1138,0.211,0.1255,0.2128,-0.1518,0.127,0.0,0.0,4.517,4.46,4.541,4.541
28,10,1790611486.229,0.0982,0.2132,0.1157,0.1815,-0.165,0.0922,0.1138,0.211,0.1255,0.2128,-0.1518,0.127,0.0,0.0,4.523,4.457,4.541,4.541
28,11,1790611486.263,0.0984,0.2136,0.1168,0.182,-0.1646,0.0938,0.111,0.2116,0.124,0.2092,-0.1551,0.1208,0.0,0.1,4.516,4.448,4.541,4.541
28,12,1790611486.296,0.0988,0.2144,0.118,0.1828,-0.1642,0.0955,0.108,0.2123,0.1222,0.2048,-0.1584,0.1141,0.1,0.1,4.499,4.45,4.541,4.541
28,13,1790611486.330,0.0997,0.2152,0.1191,0.1832,-0.1638,0.0976,0.1047,0.2129,0.1203,0.1994,-0.1615,0.1074,0.1,0.1,4.51,4.455,4.541,4.541
28,14,1790611486.363,0.1004,0.2162,0.1207,0.1838,-0.1631,0.0996,0.1047,0.2129,0.1203,0.1994,-0.1615,0.1074,0.1,0.1,4.511,4.454,4.541,4.541
28,15,1790611486.397,0.1014,0.2174,0.122,0.1843,-0.1626,0.1019,0.1012,0.2137,0.1185,0.1933,-0.1643,0.1007,0.1,0.1,4.501,4.461,4.541,4.541
28,16,1790611486.430,0.1028,0.2188,0.1236,0.1847,-0.1622,0.1044,0.0977,0.2144,0.1169,0.1865,-0.1666,0.0946,0.1,0.0,4.518,4.455,4.541,4.418
28,17,1790611486.466,0.1044,0.2204,0.1251,0.1851,-0.1619,0.1068,0.0977,0.2144,0.1169,0.1865,-0.1666,0.0946,0.0,0.1,4.517,4.462,4.541,4.418
28,18,1790611486.499,0.1063,0.2221,0.1269,0.1859,-0.162,0.1097,0.0942,0.2153,0.1154,0.1793,-0.1684,0.0891,0.0,0.1,4.52,4.463,4.541,4.418
28,19,1790611486.533,0.1083,0.2236,0.1285,0.1863,-0.1621,0.1121,0.091,0.2162,0.1142,0.1748,-0.1689,0.0881,0.0,0.1,4.508,4.453,4.541,4.418
28,20,1790611486.566,0.1107,0.2255,0.1303,0.1872,-0.1626,0.1145,0.088,0.2174,0.1133,0.1715,-0.1684,0.0886,0.0,0.1,4.514,4.46,4.541,4.541
28,21,1790611486.599,0.1129,0.2271,0.132,0.1883,-0.1629,0.1175,0.088,0.2174,0.1133,0.1715,-0.1684,0.0886,0.0,0.1,4.534,4.481,4.541,4.541
28,22,1790611486.633,0.1156,0.229,0.1339,0.1895,-0.1638,0.1201,0.0854,0.2189,0.1126,0.1683,-0.1676,0.0893,0.0,0.1,4.51,4.455,4.541,4.541
28,23,1790611486.666,0.1179,0.2306,0.1354,0.1908,-0.1645,0.1227,0.0834,0.2208,0.1121,0.165,-0.1668,0.09,0.0,0.1,4.514,4.466,4.541,4.541
28,24,1790611486.700,0.1203,0.2321,0.1369,0.1922,-0.1652,0.1254,0.0822,0.223,0.112,0.1619,-0.1661,0.0906,0.0,0.1,4.513,4.465,4.541,4.541
28,25,1790611486.733,0.1226,0.2334,0.1382,0.1937,-0.1657,0.128,0.0822,0.223,0.112,0.1619,-0.1661,0.0906,0.1,0.1,4.515,4.468,4.541,4.541
28,26,1790611486.767,0.1252,0.2348,0.1393,0.1954,-0.1665,0.1306,0.0817,0.2255,0.1121,0.1591,-0.1657,0.0914,0.1,0.1,4.52,4.462,4.541,4.541
28,27,1790611486.800,0.1278,0.236,0.1407,0.1974,-0.1668,0.1331,0.0817,0.2255,0.1121,0.1591,-0.1657,0.0914,0.0,0.0,4.511,4.449,4.541,4.541
28,28,1790611486.833,0.1309,0.2369,0.1421,0.1992,-0.1671,0.1358,0.0819,0.2282,0.1126,0.157,-0.1655,0.0924,0.1,0.1,4.515,4.443,4.541,4.541
28,29,1790611486.868,0.1335,0.2378,0.1433,0.2011,-0.1672,0.1385,0.0831,0.2312,0.1133,0.1555,-0.1656,0.0939,0.1,0.0,4.519,4.395,4.541,4.541
29,0,1790611487.639,0.0844,0.2304,0.1213,0.1594,-0.166,0.1012,0.1453,0.2495,0.1656,0.1835,-0.1796,0.1328,37.9,12.2,4.565,4.541,4.541,4.418
29,1,1790611487.672,0.0844,0.2303,0.1215,0.1596,-0.1662,0.1012,0.1466,0.2492,0.1672,0.1843,-0.1799,0.1338,17.5,0.0,4.535,4.539,4.541,4.418
29,2,1790611487.706,0.0845,0.2304,0.1217,0.1598,-0.166,0.1013,0.1475,0.249,0.1684,0.1849,-0.1801,0.1347,0.0,0.0,4.544,4.54,4.541,4.418
29,3,1790611487.739,0.0846,0.2301,0.122,0.1601,-0.1661,0.1012,0.1476,0.2481,0.1698,0.1845,-0.1797,0.1349,0.1,0.1,4.541,4.528,4.541,4.541
29,4,1790611487.773,0.0846,0.23,0.1225,0.1602,-0.1659,0.1014,0.1461,0.2462,0.1708,0.1834,-0.1796,0.1339,0.1,0.1,4.543,4.53,4.418,4.541
29,5,1790611487.806,0.085,0.2299,0.1227,0.1604,-0.166,0.1013,0.1461,0.2462,0.1708,0.1834,-0.1796,0.1339,0.0,0.0,4.53,4.539,4.418,4.541
29,6,1790611487.839,0.0851,0.2299,0.1229,0.1607,-0.166,0.1014,0.1433,0.2438,0.1708,0.1814,-0.1795,0.1317,0.1,0.1,4.518,4.545,4.418,4.541
29,7,1790611487.873,0.0854,0.2294,0.1235,0.1609,-0.1659,0.1013,0.1392,0.2413,0.1694,0.1788,-0.1795,0.1285,0.1,0.1,4.529,4.529,4.418,4.541
29,8,1790611487.906,0.0854,0.2294,0.124,0.1611,-0.1657,0.1014,0.1343,0.239,0.1668,0.1757,-0.1794,0.1246,0.1,0.1,4.515,4.544,4.418,4.541
29,9,1790611487.940,0.0856,0.229,0.1245,0.1615,-0.166,0.1015,0.1343,0.239,0.1668,0.1757,-0.1794,0.1246,0.0,0.0,4.52,4.539,4.418,4.541
29,10,1790611487.973,0.086,0.229,0.1249,0.1619,-0.166,0.1014,0.1287,0.2371,0.163,0.1721,-0.1792,0.1202,0.0,0.1,4.524,4.529,4.541,4.541
29,11,1790611488.007,0.0863,0.2287,0.1255,0.1623,-0.1662,0.1016,0.1225,0.2355,0.1582,0.1682,-0.1789,0.1154,0.1,0.1,4.513,4.542,4.541,4.541
29,12,1790611488.042,0.0865,0.2285,0.1259,0.1627,-0.1662,0.1017,0.1225,0.2355,0.1582,0.1682,-0.1789,0.1154,0.0,0.0,4.519,4.535,4.541,4.541
29,13,1790611488.075,0.0867,0.2281,0.1267,0.1629,-0.1662,0.1015,0.1157,0.2341,0.1528,0.164,-0.1784,0.1105,0.0,0.0,4.519,4.536,4.541,4.541
29,14,1790611488.109,0.0871,0.2281,0.1271,0.1634,-0.1663,0.1016,0.1086,0.233,0.147,0.1597,-0.1777,0.1055,0.0,0.0,4.526,4.527,4.541,4.541
29,15,1790611488.143,0.0879,0.2277,0.1275,0.1637,-0.1665,0.1019,0.1011,0.2319,0.1411,0.1554,-0.1769,0.1007,0.0,0.0,4.529,4.536,4.541,4.541
29,16,1790611488.176,0.0883,0.2273,0.1285,0.1644,-0.1666,0.1022,0.1011,0.2319,0.1411,0.1554,-0.1769,0.1007,0.1,0.0,4.527,4.543,4.541,4.541
29,17,1790611488.209,0.089,0.227,0.1291,0.1651,-0.1669,0.1027,0.0935,0.2309,0.1353,0.1511,-0.1758,0.0962,0.0,0.0,4.539,4.543,4.541,4.541
29,18,1790611488.243,0.09,0.2271,0.1297,0.1661,-0.1674,0.1031,0.086,0.2299,0.1298,0.1482,-0.1747,0.0929,0.0,0.1,4.525,4.537,4.541,4.541
29,19,1790611488.276,0.0911,0.2273,0.1306,0.1669,-0.1676,0.1039,0.0788,0.2287,0.1249,0.1483,-0.1742,0.092,0.0,0.1,4.521,4.536,4.541,4.418
29,20,1790611488.312,0.0927,0.2279,0.1312,0.1681,-0.1681,0.1051,0.0788,0.2287,0.1249,0.1483,-0.1742,0.092,0.1,0.1,4.544,4.536,4.541,4.418
29,21,1790611488.345,0.0943,0.2286,0.1319,0.1695,-0.1686,0.1067,0.0721,0.2275,0.1207,0.1483,-0.1732,0.0916,0.1,0.1,4.545,4.533,4.541,4.295
29,22,1790611488.378,0.0966,0.2303,0.1327,0.1711,-0.1692,0.1082,0.0659,0.2263,0.1172,0.1485,-0.1722,0.0913,0.1,0.1,4.519,4.53,4.541,4.295
29,23,1790611488.412,0.099,0.2324,0.1331,0.1726,-0.1697,0.1101,0.0607,0.2253,0.1144,0.1488,-0.171,0.0911,0.1,0.1,4.528,4.533,4.541,4.295
29,24,1790611488.445,0.1015,0.2347,0.1338,0.174,-0.1702,0.112,0.0563,0.2246,0.1122,0.1492,-0.1697,0.091,0.1,0.1,4.536,4.536,4.541,4.418
29,25,1790611488.479,0.1043,0.2372,0.1349,0.176,-0.171,0.1147,0.0563,0.2246,0.1122,0.1492,-0.1697,0.091,0.0,0.0,4.536,4.533,4.541,4.418
29,26,1790611488.512,0.1081,0.2407,0.1363,0.1785,-0.1719,0.1178,0.0529,0.2242,0.1105,0.1498,-0.1683,0.091,0.1,0.1,4.548,4.523,4.541,4.418
29,27,1790611488.546,0.1122,0.2444,0.1379,0.1819,-0.1735,0.1218,0.0505,0.2244,0.1091,0.1505,-0.1669,0.091,0.1,0.1,4.521,4.517,4.541,4.541
29,28,1790611488.580,0.1166,0.2481,0.1396,0.185,-0.1753,0.1258,0.0492,0.2255,0.1079,0.1518,-0.1657,0.0915,0.1,0.1,4.531,4.516,4.541,4.541
29,29,1790611488.612,0.1208,0.2513,0.1412,0.1875,-0.1763,0.1297,0.0492,0.2255,0.1079,0.1518,-0.1657,0.0915,0.0,0.0,4.54,4.474,4.541,4.541
30,0,1790611489.386,0.0503,0.2297,0.1111,0.1534,-0.1676,0.0953,0.115,0.2515,0.1349,0.1842,-0.1629,0.1242,60.4,3.3,4.575,4.509,4.541,4.541
30,1,1790611489.420,0.0506,0.2298,0.1114,0.1533,-0.1674,0.0952,0.115,0.2515,0.1349,0.1842,-0.1629,0.1242,40.4,0.0,4.558,4.496,4.541,4.541
30,2,1790611489.453,0.0504,0.2297,0.1109,0.1534,-0.1675,0.0951,0.117,0.2514,0.1365,0.1846,-0.1634,0.1247,20.1,0.0,4.534,4.492,4.541,4.541
30,3,1790611489.487,0.0504,0.2298,0.1113,0.1534,-0.1673,0.0951,0.117,0.2514,0.1365,0.1846,-0.1634,0.1247,1.4,0.0,4.538,4.503,4.541,4.541
30,4,1790611489.520,0.0505,0.2298,0.1109,0.1532,-0.1675,0.0951,0.1181,0.2496,0.1385,0.1838,-0.1631,0.1236,0.1,0.1,4.523,4.494,4.418,4.541
30,5,1790611489.553,0.0506,0.2298,0.1111,0.1531,-0.1675,0.0951,0.1175,0.2463,0.1404,0.1821,-0.1629,0.1211,0.1,0.1,4.53,4.504,4.418,4.541
30,6,1790611489.587,0.0505,0.2298,0.1106,0.153,-0.1676,0.095,0.1175,0.2463,0.1404,0.1821,-0.1629,0.1211,0.0,0.0,4.533,4.495,4.418,4.541
30,7,1790611489.620,0.0507,0.2301,0.1108,0.153,-0.1676,0.0949,0.1149,0.2421,0.1415,0.1797,-0.1629,0.1179,0.1,0.1,4.524,4.501,4.418,4.541
30,8,1790611489.654,0.0507,0.2301,0.1106,0.1528,-0.1678,0.095,0.1107,0.2377,0.1413,0.1765,-0.1629,0.114,0.1,0.1,4.525,4.493,4.418,4.541
30,9,1790611489.687,0.0508,0.2303,0.1105,0.1528,-0.1678,0.0949,0.105,0.2336,0.1397,0.1728,-0.1628,0.1098,0.1,0.1,4.521,4.497,4.541,4.541
30,10,1790611489.720,0.0508,0.2302,0.1104,0.1528,-0.168,0.095,0.0982,0.23,0.1368,0.1685,-0.1628,0.1055,0.1,0.1,4.523,4.497,4.541,4.541
30,11,1790611489.754,0.051,0.2306,0.1104,0.1528,-0.1681,0.0948,0.0905,0.2273,0.1329,0.1639,-0.1627,0.1011,0.0,0.0,4.535,4.49,4.541,4.541
30,12,1790611489.787,0.0511,0.2305,0.1101,0.1527,-0.1681,0.0949,0.0905,0.2273,0.1329,0.1639,-0.1627,0.1011,0.0,0.1,4.521,4.495,4.541,4.541
30,13,1790611489.821,0.0512,0.2306,0.11,0.1526,-0.1684,0.0951,0.0823,0.2253,0.1282,0.1591,-0.1627,0.0969,0.0,0.0,4.516,4.507,4.541,4.541
30,14,1790611489.854,0.0513,0.2306,0.1101,0.1526,-0.1682,0.0949,0.0736,0.2238,0.1231,0.1541,-0.1625,0.093,0.0,0.0,4.521,4.496,4.541,4.541
30,15,1790611489.888,0.0515,0.2308,0.1103,0.1526,-0.168,0.0949,0.0647,0.2228,0.1179,0.1491,-0.1623,0.0894,0.0,0.0,4.533,4.498,4.541,4.541
30,16,1790611489.921,0.0517,0.2308,0.1102,0.1525,-0.1683,0.095,0.0647,0.2228,0.1179,0.1491,-0.1623,0.0894,0.0,0.0,4.531,4.498,4.541,4.541
30,17,1790611489.954,0.0518,0.2309,0.1104,0.1526,-0.1681,0.0952,0.0558,0.222,0.1129,0.1476,-0.1622,0.0896,0.0,0.0,4.52,4.496,4.541,4.418
30,18,1790611489.988,0.0518,0.2307,0.11,0.1526,-0.1681,0.0952,0.0472,0.2213,0.1084,0.1466,-0.1619,0.0898,0.0,0.0,4.518,4.494,4.541,4.418
30,19,1790611490.021,0.0519,0.2306,0.1103,0.1526,-0.1682,0.0951,0.039,0.2206,0.1045,0.1459,-0.1618,0.0899,0.0,0.0,4.524,4.496,4.541,4.418
30,20,1790611490.055,0.0519,0.2306,0.1104,0.1525,-0.168,0.0951,0.0315,0.2199,0.1013,0.1454,-0.1617,0.09,0.0,0.0,4.527,4.486,4.418,4.418
30,21,1790611490.088,0.0518,0.2307,0.1099,0.1524,-0.1681,0.0952,0.0247,0.2195,0.0987,0.145,-0.1617,0.0901,0.1,0.1,4.538,4.491,4.418,4.418
30,22,1790611490.121,0.0518,0.2306,0.1101,0.1524,-0.1682,0.0952,0.0247,0.2195,0.0987,0.145,-0.1617,0.0901,0.0,0.0,4.519,4.485,4.418,4.418
30,23,1790611490.155,0.0519,0.2305,0.1105,0.1524,-0.1679,0.0952,0.0188,0.2191,0.0969,0.1447,-0.1618,0.0901,0.1,0.0,4.529,4.485,4.418,4.418
30,24,1790611490.188,0.0521,0.2305,0.1101,0.1524,-0.168,0.0952,0.014,0.2188,0.0957,0.1444,-0.1618,0.0902,0.1,0.1,4.526,4.478,4.418,4.418
30,25,1790611490.222,0.0522,0.2306,0.1099,0.1524,-0.1682,0.0951,0.0102,0.2188,0.0951,0.1442,-0.1619,0.0902,0.1,0.1,4.533,4.475,4.541,4.418
30,26,1790611490.255,0.0522,0.2306,0.1103,0.1526,-0.1679,0.0952,0.0075,0.2189,0.0949,0.1439,-0.162,0.0902,0.1,0.1,4.528,4.461,4.541,4.418
30,27,1790611490.288,0.0527,0.231,0.1103,0.1528,-0.168,0.0953,0.0059,0.2193,0.0951,0.1437,-0.162,0.0902,0.1,0.1,4.539,4.416,4.541,4.418
30,28,1790611490.322,0.0528,0.2306,0.1103,0.153,-0.1681,0.0957,0.0059,0.2193,0.0951,0.1437,-0.162,0.0902,0.0,0.0,4.534,4.382,4.541,4.418
30,29,1790611490.356,0.0531,0.2308,0.1101,0.1533,-0.1679,0.096,0.0053,0.2199,0.0956,0.1434,-0.1621,0.0903,0.1,0.1,4.543,4.328,4.541,4.418
31,0,1790611491.125,0.0079,0.2249,0.0996,0.1455,-0.1632,0.0932,0.0487,0.227,0.1123,0.1415,-0.1636,0.0903,25.9,0.1,4.571,4.469,4.541,4.295
31,1,1790611491.158,0.0081,0.2247,0.0999,0.1456,-0.1631,0.093,0.0494,0.2269,0.1124,0.1415,-0.1636,0.0903,6.5,0.0,4.555,4.468,4.541,4.295
31,2,1790611491.193,0.0079,0.2249,0.0997,0.1457,-0.1631,0.0931,0.0494,0.2269,0.1124,0.1415,-0.1636,0.0903,0.0,0.0,4.562,4.467,4.541,4.295
31,3,1790611491.226,0.0079,0.2248,0.0995,0.1456,-0.1632,0.0929,0.0498,0.2269,0.1126,0.1413,-0.1636,0.0905,0.0,0.0,4.569,4.46,4.541,4.295
31,4,1790611491.260,0.0079,0.2246,0.0998,0.1457,-0.163,0.0931,0.0493,0.2267,0.1126,0.1411,-0.1634,0.0907,0.1,0.1,4.55,4.469,4.541,4.418
31,5,1790611491.293,0.0081,0.2248,0.0995,0.1457,-0.1631,0.0929,0.0477,0.2264,0.1122,0.1409,-0.1634,0.0908,0.1,0.1,4.563,4.462,4.541,4.418
31,6,1790611491.326,0.0082,0.225,0.0996,0.1458,-0.1631,0.0927,0.045,0.2259,0.1113,0.1408,-0.1635,0.0908,0.0,0.1,4.568,4.47,4.541,4.418
31,7,1790611491.360,0.008,0.225,0.0995,0.1458,-0.1631,0.0928,0.045,0.2259,0.1113,0.1408,-0.1635,0.0908,0.0,0.0,4.568,4.475,4.541,4.418
31,8,1790611491.394,0.0081,0.2249,0.0996,0.1457,-0.163,0.0925,0.0413,0.2254,0.1099,0.1408,-0.1636,0.0907,0.0,0.0,4.565,4.469,4.541,4.418
31,9,1790611491.428,0.008,0.2249,0.0995,0.1458,-0.163,0.0927,0.0366,0.225,0.1081,0.1408,-0.1637,0.0907,0.0,0.0,4.557,4.473,4.541,4.418
31,10,1790611491.461,0.0081,0.2249,0.0992,0.1457,-0.1632,0.0926,0.0366,0.225,0.1081,0.1408,-0.1637,0.0907,0.0,0.0,4.561,4.473,4.541,4.418
31,11,1790611491.494,0.0082,0.2249,0.0994,0.1456,-0.1632,0.0926,0.0312,0.2245,0.1059,0.1409,-0.1638,0.0906,0.0,0.0,4.565,4.459,4.541,4.418
31,12,1790611491.528,0.0081,0.225,0.0993,0.1457,-0.1631,0.0925,0.0252,0.224,0.1036,0.1409,-0.1639,0.0906,0.0,0.0,4.552,4.472,4.541,4.418
31,13,1790611491.561,0.0081,0.2251,0.0993,0.1457,-0.163,0.0925,0.0252,0.224,0.1036,0.1409,-0.1639,0.0906,0.0,0.0,4.561,4.478,4.541,4.418
31,14,1790611491.594,0.0082,0.225,0.0994,0.1457,-0.1631,0.0924,0.0252,0.224,0.1036,0.1409,-0.1639,0.0906,0.0,0.0,4.547,4.462,4.541,4.418
31,15,1790611491.628,0.008,0.2251,0.0989,0.1457,-0.1633,0.0924,0.0188,0.2234,0.1012,0.141,-0.164,0.0905,0.0,0.0,4.551,4.485,4.541,4.295
31,16,1790611491.661,0.0081,0.2252,0.0994,0.1459,-0.163,0.0926,0.0121,0.2229,0.099,0.1411,-0.1641,0.0904,0.0,0.0,4.536,4.477,4.541,4.295
31,17,1790611491.695,0.0081,0.225,0.0992,0.1458,-0.1631,0.0925,0.0053,0.2223,0.097,0.1412,-0.1642,0.0903,0.0,0.0,4.555,4.468,4.541,4.295
31,18,1790611491.728,0.0081,0.225,0.0993,0.1459,-0.163,0.0925,-0.0012,0.2217,0.0954,0.1412,-0.1643,0.0903,0.1,0.0,4.554,4.481,4.541,4.295
31,19,1790611491.762,0.0081,0.2248,0.099,0.1458,-0.1632,0.0924,-0.0074,0.2212,0.0941,0.1413,-0.1644,0.0902,0.0,0.0,4.552,4.469,4.541,4.295
31,20,1790611491.796,0.0081,0.2248,0.0991,0.1458,-0.1631,0.0925,-0.0074,0.2212,0.0941,0.1413,-0.1644,0.0902,0.1,0.0,4.551,4.477,4.541,4.295
31,21,1790611491.829,0.0081,0.2248,0.0992,0.1458,-0.163,0.0926,-0.0131,0.2206,0.0932,0.1413,-0.1644,0.0902,0.0,0.0,4.544,4.47,4.541,4.295
31,22,1790611491.863,0.008,0.2248,0.0989,0.1458,-0.1632,0.0926,-0.0181,0.2201,0.0927,0.1413,-0.1645,0.0901,0.0,0.0,4.55,4.477,4.541,4.295
31,23,1790611491.897,0.0082,0.2248,0.0992,0.146,-0.1631,0.0925,-0.0181,0.2201,0.0927,0.1413,-0.1645,0.0901,0.0,0.0,4.543,4.47,4.541,4.295
31,24,1790611491.930,0.0082,0.2249,0.099,0.1459,-0.1631,0.0925,-0.0224,0.2197,0.0926,0.1414,-0.1645,0.0901,0.0,0.0,4.545,4.479,4.541,4.295
31,25,1790611491.964,0.0081,0.225,0.0986,0.1457,-0.1632,0.0926,-0.0258,0.2194,0.0928,0.1414,-0.1645,0.0901,0.0,0.0,4.556,4.481,4.541,4.173
31,26,1790611491.997,0.0083,0.2248,0.0987,0.1458,-0.163,0.0925,-0.0284,0.2192,0.0931,0.1414,-0.1645,0.09,0.0,0.0,4.547,4.481,4.541,4.173
31,27,1790611492.030,0.0082,0.225,0.0987,0.1458,-0.163,0.0924,-0.0302,0.2192,0.0937,0.1414,-0.1644,0.0901,0.0,0.0,4.554,4.467,4.541,4.295
31,28,1790611492.064,0.0082,0.2248,0.0986,0.1457,-0.163,0.0924,-0.0302,0.2192,0.0937,0.1414,-0.1644,0.0901,0.0,0.0,4.556,4.466,4.541,4.295
31,29,1790611492.097,0.0082,0.2249,0.099,0.1457,-0.1628,0.0925,-0.0311,0.2194,0.0943,0.1414,-0.1643,0.0901,0.0,0.0,4.552,4.457,4.541,4.295
32,0,1790611492.869,-0.0326,0.2222,0.0965,0.1428,-0.1656,0.0925,-0.0004,0.2231,0.1008,0.1421,-0.1634,0.0898,17.4,0.0,4.569,4.457,4.541,4.295
32,1,1790611492.903,-0.0328,0.2223,0.0962,0.1426,-0.1659,0.0923,-0.0004,0.2231,0.1008,0.1421,-0.1634,0.0898,0.0,0.0,4.563,4.46,4.541,4.295
32,2,1790611492.936,-0.0329,0.2221,0.0962,0.1428,-0.1657,0.0924,0.0003,0.2231,0.1007,0.1421,-0.1634,0.0898,0.0,0.0,4.552,4.438,4.541,4.295
32,3,1790611492.969,-0.0326,0.2222,0.0964,0.1428,-0.1656,0.0926,0.0003,0.2231,0.1008,0.142,-0.1632,0.09,0.0,0.1,4.552,4.463,4.541,4.295
32,4,1790611493.003,-0.0327,0.222,0.0962,0.1427,-0.1658,0.0926,-0.0009,0.2231,0.1006,0.1418,-0.1631,0.0901,0.1,0.0,4.541,4.473,4.541,4.295
32,5,1790611493.036,-0.0328,0.2222,0.0963,0.1427,-0.1657,0.0925,-0.0031,0.2231,0.1,0.1416,-0.163,0.0903,0.0,0.0,4.544,4.468,4.541,4.418
32,6,1790611493.070,-0.0329,0.222,0.0962,0.1427,-0.1657,0.0925,-0.0031,0.2231,0.1,0.1416,-0.163,0.0903,0.0,0.1,4.546,4.469,4.541,4.418
32,7,1790611493.103,-0.0328,0.222,0.0963,0.1427,-0.1656,0.0924,-0.0031,0.2231,0.1,0.1416,-0.163,0.0903,0.0,0.0,4.547,4.463,4.541,4.418
32,8,1790611493.136,-0.0331,0.222,0.0963,0.1427,-0.1654,0.0924,-0.0063,0.223,0.0993,0.1415,-0.163,0.0903,0.0,0.0,4.529,4.465,4.541,4.418
32,9,1790611493.170,-0.0329,0.2221,0.0962,0.1426,-0.1656,0.0924,-0.0103,0.2228,0.0984,0.1414,-0.1631,0.0903,0.0,0.0,4.543,4.482,4.541,4.418
32,10,1790611493.203,-0.0331,0.2221,0.0962,0.1425,-0.1657,0.0924,-0.015,0.2225,0.0974,0.1412,-0.1632,0.0903,0.0,0.0,4.548,4.475,4.541,4.418
32,11,1790611493.237,-0.0332,0.2221,0.0959,0.1427,-0.1657,0.0926,-0.0202,0.2221,0.0963,0.1411,-0.1633,0.0903,0.0,0.0,4.543,4.492,4.541,4.418
32,12,1790611493.270,-0.0331,0.2221,0.0959,0.1425,-0.1657,0.0924,-0.0202,0.2221,0.0963,0.1411,-0.1633,0.0903,0.1,0.0,4.557,4.484,4.541,4.418
32,13,1790611493.303,-0.0331,0.2221,0.0961,0.1426,-0.1655,0.0925,-0.0257,0.2216,0.0954,0.1409,-0.1634,0.0904,0.0,0.0,4.548,4.479,4.541,4.418
32,14,1790611493.337,-0.0331,0.2219,0.0959,0.1426,-0.1657,0.0925,-0.0313,0.2211,0.0946,0.1407,-0.1636,0.0904,0.0,0.0,4.544,4.473,4.541,4.418
32,15,1790611493.370,-0.0332,0.2221,0.0959,0.1425,-0.1658,0.0924,-0.0313,0.2211,0.0946,0.1407,-0.1636,0.0904,0.0,0.0,4.554,4.473,4.541,4.418
32,16,1790611493.404,-0.0333,0.222,0.0958,0.1424,-0.1657,0.0924,-0.037,0.2205,0.0941,0.1406,-0.1638,0.0904,0.0,0.1,4.548,4.472,4.541,4.418
32,17,1790611493.438,-0.0333,0.222,0.0959,0.1425,-0.1657,0.0924,-0.0424,0.2199,0.0938,0.1404,-0.164,0.0904,0.0,0.1,4.546,4.465,4.541,4.418
32,18,1790611493.472,-0.0334,0.222,0.0959,0.1425,-0.1655,0.0924,-0.0424,0.2199,0.0938,0.1404,-0.164,0.0904,0.0,0.0,4.53,4.473,4.541,4.418
32,19,1790611493.505,-0.0335,0.222,0.0958,0.1424,-0.1657,0.0923,-0.0476,0.2192,0.0938,0.1402,-0.1642,0.0904,0.0,0.0,4.545,4.47,4.541,4.418
32,20,1790611493.538,-0.0334,0.2221,0.0958,0.1424,-0.1656,0.0923,-0.0523,0.2187,0.094,0.1401,-0.1644,0.0904,0.1,0.0,4.539,4.456,4.541,4.418
32,21,1790611493.572,-0.0335,0.222,0.0957,0.1423,-0.1657,0.0921,-0.0565,0.2182,0.0944,0.1399,-0.1647,0.0904,0.0,0.0,4.533,4.473,4.541,4.418
32,22,1790611493.605,-0.0334,0.2219,0.0956,0.1424,-0.1657,0.0922,-0.0565,0.2182,0.0944,0.1399,-0.1647,0.0904,0.0,0.0,4.548,4.472,4.541,4.418
32,23,1790611493.639,-0.0335,0.2221,0.0956,0.1421,-0.1659,0.0919,-0.0601,0.2178,0.095,0.1398,-0.1649,0.0904,0.0,0.0,4.562,4.479,4.541,4.295
32,24,1790611493.672,-0.0336,0.2218,0.0955,0.1422,-0.1659,0.0919,-0.0631,0.2175,0.0957,0.1397,-0.1652,0.0904,0.0,0.1,4.55,4.48,4.541,4.295
32,25,1790611493.705,-0.0338,0.2218,0.0955,0.1421,-0.1657,0.0918,-0.0654,0.2173,0.0965,0.1396,-0.1655,0.0904,0.0,0.0,4.53,4.475,4.541,4.295
32,26,1790611493.739,-0.0337,0.2219,0.0955,0.1421,-0.1658,0.0919,-0.0671,0.2173,0.0973,0.1396,-0.1657,0.0905,0.0,0.0,4.544,4.484,4.541,4.418
32,27,1790611493.772,-0.0337,0.2219,0.0954,0.142,-0.1659,0.0917,-0.068,0.2173,0.098,0.1395,-0.1659,0.0905,0.0,0.0,4.538,4.478,4.541,4.418
32,28,1790611493.806,-0.0339,0.222,0.0954,0.142,-0.1658,0.0917,-0.0683,0.2175,0.0986,0.1395,-0.166,0.0906,0.0,0.0,4.553,4.477,4.541,4.418
32,29,1790611493.839,-0.0335,0.2221,0.0956,0.1418,-0.1657,0.0917,-0.0683,0.2175,0.0986,0.1395,-0.166,0.0906,0.0,0.0,4.539,4.459,4.541,4.418
33,0,1790611494.617,-0.0722,0.2221,0.1049,0.1424,-0.1714,0.0934,-0.041,0.2213,0.0989,0.1397,-0.1677,0.0905,7.8,0.1,4.515,4.363,4.541,4.295
33,1,1790611494.650,-0.0714,0.2223,0.1054,0.1423,-0.1713,0.0934,-0.0401,0.2213,0.0988,0.1397,-0.1677,0.0905,0.0,0.0,4.521,4.33,4.541,4.295
33,2,1790611494.683,-0.0708,0.2222,0.1052,0.1425,-0.1714,0.0935,-0.0401,0.2213,0.0988,0.1397,-0.1677,0.0905,0.1,0.0,4.519,4.334,4.541,4.295
33,3,1790611494.716,-0.07,0.2219,0.1052,0.1427,-0.1714,0.0936,-0.0403,0.2206,0.0995,0.1399,-0.1679,0.0906,0.1,0.0,4.517,4.439,4.541,4.295
33,4,1790611494.750,-0.0687,0.2224,0.1057,0.1434,-0.1713,0.0941,-0.0419,0.2204,0.1001,0.1401,-0.1684,0.0907,0.0,0.0,4.511,4.506,4.541,4.295
33,5,1790611494.783,-0.0675,0.2229,0.106,0.1441,-0.1712,0.0943,-0.0445,0.2201,0.1005,0.1403,-0.169,0.0908,0.0,0.0,4.527,4.522,4.541,4.418
33,6,1790611494.816,-0.0656,0.2235,0.1065,0.1449,-0.1709,0.095,-0.0445,0.2201,0.1005,0.1403,-0.169,0.0908,0.0,0.0,4.53,4.506,4.541,4.418
33,7,1790611494.850,-0.0636,0.2241,0.1071,0.1461,-0.171,0.0957,-0.0478,0.22,0.1007,0.1405,-0.1697,0.0909,0.0,0.1,4.518,4.498,4.541,4.541
33,8,1790611494.883,-0.0608,0.225,0.1081,0.1475,-0.1705,0.0968,-0.0516,0.2198,0.1011,0.1408,-0.1706,0.0912,0.0,0.0,4.513,4.51,4.541,4.541
33,9,1790611494.918,-0.0571,0.2259,0.1094,0.1493,-0.1703,0.0981,-0.0516,0.2198,0.1011,0.1408,-0.1706,0.0912,0.1,0.0,4.527,4.51,4.541,4.541
33,10,1790611494.951,-0.0534,0.2267,0.1113,0.1515,-0.1697,0.0995,-0.0554,0.2197,0.1016,0.1412,-0.1715,0.0915,0.1,0.1,4.521,4.516,4.541,4.541
33,11,1790611494.984,-0.0493,0.2275,0.1129,0.1537,-0.1694,0.101,-0.0592,0.2197,0.1025,0.1417,-0.1724,0.0918,0.0,0.1,4.523,4.489,4.541,4.541
33,12,1790611495.019,-0.0454,0.2281,0.1149,0.1562,-0.1689,0.1026,-0.0625,0.22,0.1039,0.1424,-0.1733,0.0923,0.1,0.1,4.522,4.516,4.541,4.541
33,13,1790611495.052,-0.042,0.2284,0.1167,0.1586,-0.1688,0.1042,-0.0625,0.22,0.1039,0.1424,-0.1733,0.0923,0.1,0.1,4.513,4.5,4.541,4.541
33,14,1790611495.085,-0.0388,0.2286,0.1181,0.1607,-0.1684,0.1056,-0.065,0.2204,0.1058,0.1434,-0.1741,0.0931,0.1,0.1,4.516,4.508,4.541,4.541
33,15,1790611495.119,-0.0365,0.2286,0.1193,0.1627,-0.1682,0.1068,-0.0665,0.2213,0.1085,0.1447,-0.1749,0.094,0.1,0.0,4.518,4.477,4.541,4.541
33,16,1790611495.152,-0.0344,0.2287,0.1204,0.1645,-0.1681,0.1081,-0.0668,0.2223,0.1118,0.1463,-0.1755,0.0952,0.1,0.1,4.51,4.479,4.541,4.541
33,17,1790611495.186,-0.0328,0.2285,0.1211,0.1658,-0.1683,0.1087,-0.0661,0.2234,0.1155,0.1482,-0.1759,0.0966,0.1,0.0,4.512,4.471,4.541,4.541
33,18,1790611495.219,-0.0315,0.2289,0.122,0.1672,-0.1681,0.1095,-0.0647,0.2245,0.1193,0.1503,-0.1762,0.098,0.1,0.0,4.508,4.48,4.541,4.541
33,19,1790611495.255,-0.0306,0.2288,0.1225,0.168,-0.1679,0.1099,-0.0647,0.2245,0.1193,0.1503,-0.1762,0.098,0.0,0.0,4.517,4.479,4.541,4.541
33,20,1790611495.288,-0.0299,0.2288,0.1231,0.1688,-0.1679,0.1102,-0.0626,0.2257,0.123,0.1526,-0.1764,0.0996,0.0,0.0,4.509,4.474,4.541,4.541
33,21,1790611495.321,-0.0291,0.2288,0.1232,0.169,-0.1678,0.1103,-0.0601,0.2269,0.1264,0.155,-0.1764,0.1012,0.0,0.0,4.503,4.474,4.541,4.541
33,22,1790611495.355,-0.0289,0.2285,0.1232,0.1697,-0.1679,0.1101,-0.0571,0.228,0.1296,0.1576,-0.1763,0.1029,0.0,0.0,4.518,4.486,4.541,4.541
33,23,1790611495.388,-0.0284,0.2286,0.1234,0.1698,-0.1677,0.1103,-0.0571,0.228,0.1296,0.1576,-0.1763,0.1029,0.0,0.0,4.519,4.485,4.541,4.541
33,24,1790611495.422,-0.028,0.2287,0.1236,0.1702,-0.1677,0.1103,-0.0538,0.229,0.1323,0.1603,-0.1761,0.1045,0.0,0.0,4.515,4.473,4.541,4.541
33,25,1790611495.455,-0.0277,0.2286,0.1241,0.1704,-0.1675,0.1103,-0.0502,0.2299,0.1347,0.1631,-0.1757,0.1062,0.0,0.0,4.498,4.479,4.541,4.541
33,26,1790611495.489,-0.0272,0.2286,0.1244,0.1707,-0.1676,0.1104,-0.0502,0.2299,0.1347,0.1631,-0.1757,0.1062,0.0,0.0,4.51,4.483,4.541,4.541
33,27,1790611495.522,-0.0266,0.2284,0.1249,0.1708,-0.1677,0.1103,-0.0464,0.2307,0.1365,0.166,-0.1751,0.1079,0.0,0.0,4.506,4.466,4.541,4.541
33,28,1790611495.555,-0.0261,0.2282,0.1252,0.171,-0.1677,0.1105,-0.0427,0.2313,0.1378,0.1687,-0.1744,0.1096,0.0,0.0,4.508,4.463,4.541,4.541
33,29,1790611495.589,-0.0252,0.2281,0.1257,0.1714,-0.1677,0.1103,-0.0427,0.2313,0.1378,0.1687,-0.1744,0.1096,0.0,0.0,4.525,4.485,4.541,4.541
34,0,1790611496.367,-0.0376,0.231,0.1454,0.1732,-0.1714,0.1172,-0.0045,0.2308,0.1358,0.1895,-0.1629,0.125,1.1,0.0,4.571,4.453,4.541,4.418
34,1,1790611496.401,-0.0379,0.2308,0.1457,0.1735,-0.1714,0.1171,-0.0044,0.2308,0.1357,0.1893,-0.163,0.1248,0.1,0.0,4.561,4.455,4.541,4.418
34,2,1790611496.434,-0.0377,0.2308,0.1455,0.1733,-0.1713,0.1171,-0.0043,0.2305,0.1368,0.1893,-0.1631,0.1251,0.0,0.0,4.564,4.438,4.541,4.418
34,3,1790611496.468,-0.0375,0.2308,0.1455,0.1735,-0.1714,0.117,-0.0043,0.2305,0.1368,0.1893,-0.1631,0.1251,0.0,0.0,4.567,4.447,4.541,4.418
34,4,1790611496.501,-0.0374,0.2307,0.1456,0.1736,-0.1713,0.1172,-0.0043,0.2303,0.1392,0.189,-0.1631,0.1257,0.0,0.0,4.558,4.442,4.541,4.418
34,5,1790611496.535,-0.0373,0.2309,0.1459,0.1738,-0.1713,0.1169,-0.0048,0.23,0.1419,0.1884,-0.1631,0.1264,0.0,0.0,4.563,4.449,4.541,4.418
34,6,1790611496.568,-0.0369,0.2308,0.146,0.1737,-0.171,0.117,-0.0058,0.2297,0.1446,0.1877,-0.1631,0.1269,0.0,0.0,4.57,4.456,4.541,4.418
34,7,1790611496.601,-0.0366,0.2308,0.146,0.1738,-0.1711,0.1168,-0.0058,0.2297,0.1446,0.1877,-0.1631,0.1269,0.0,0.0,4.577,4.462,4.541,4.418
34,8,1790611496.635,-0.0365,0.2306,0.1463,0.1739,-0.171,0.1169,-0.0074,0.2296,0.1471,0.187,-0.1633,0.1272,0.0,0.0,4.569,4.455,4.541,4.418
34,9,1790611496.668,-0.0363,0.2307,0.1463,0.1739,-0.1709,0.1168,-0.0095,0.2296,0.1492,0.1862,-0.1637,0.1274,0.0,0.0,4.548,4.454,4.541,4.418
34,10,1790611496.702,-0.0361,0.2308,0.1466,0.1738,-0.1708,0.1167,-0.0121,0.2297,0.1509,0.1853,-0.1643,0.1273,0.0,0.0,4.565,4.462,4.541,4.418
34,11,1790611496.735,-0.0359,0.2307,0.1466,0.1738,-0.1707,0.1168,-0.0152,0.2299,0.1522,0.1844,-0.1651,0.127,0.0,0.0,4.566,4.452,4.541,4.418
34,12,1790611496.768,-0.0356,0.2307,0.1471,0.1741,-0.1706,0.1169,-0.0152,0.2299,0.1522,0.1844,-0.1651,0.127,0.0,0.0,4.561,4.459,4.541,4.418
34,13,1790611496.804,-0.0354,0.2307,0.147,0.174,-0.1707,0.1167,-0.0186,0.2302,0.1533,0.1835,-0.1661,0.1265,0.0,0.0,4.558,4.451,4.541,4.418
34,14,1790611496.838,-0.0353,0.2306,0.1473,0.174,-0.1704,0.1166,-0.0222,0.2306,0.1541,0.1825,-0.1672,0.1258,0.0,0.0,4.564,4.455,4.541,4.418
34,15,1790611496.871,-0.0349,0.2306,0.1474,0.1741,-0.1706,0.1168,-0.026,0.231,0.1548,0.1815,-0.1683,0.125,0.0,0.0,4.564,4.453,4.541,4.418
34,16,1790611496.905,-0.0347,0.2306,0.1473,0.1741,-0.1706,0.1167,-0.026,0.231,0.1548,0.1815,-0.1683,0.125,0.0,0.1,4.564,4.448,4.541,4.418
34,17,1790611496.938,-0.0343,0.2305,0.1473,0.1741,-0.1703,0.1168,-0.0298,0.2314,0.1553,0.1804,-0.1695,0.1241,0.0,0.0,4.576,4.463,4.541,4.418
34,18,1790611496.972,-0.0339,0.2305,0.1476,0.1742,-0.1704,0.1166,-0.0336,0.2318,0.1556,0.1793,-0.1707,0.1231,0.0,0.0,4.578,4.455,4.541,4.418
34,19,1790611497.005,-0.0334,0.2304,0.1477,0.1743,-0.1702,0.1165,-0.0336,0.2318,0.1556,0.1793,-0.1707,0.1231,0.0,0.0,4.548,4.457,4.541,4.418
34,20,1790611497.038,-0.0327,0.2304,0.1481,0.1743,-0.1703,0.1165,-0.0372,0.2321,0.1559,0.1782,-0.1719,0.122,0.0,0.0,4.569,4.458,4.541,4.418
34,21,1790611497.072,-0.032,0.2306,0.1486,0.1745,-0.1703,0.1166,-0.0407,0.2324,0.156,0.1771,-0.1731,0.1208,0.1,0.0,4.56,4.458,4.541,4.418
34,22,1790611497.106,-0.0308,0.2307,0.1489,0.1746,-0.1704,0.1164,-0.0407,0.2324,0.156,0.1771,-0.1731,0.1208,0.1,0.0,4.561,4.454,4.541,4.418
34,23,1790611497.139,-0.0296,0.2309,0.1495,0.1749,-0.1705,0.1163,-0.0437,0.2326,0.1561,0.1761,-0.1742,0.1196,0.1,0.0,4.561,4.452,4.541,4.418
34,24,1790611497.172,-0.0281,0.2313,0.15,0.1751,-0.1706,0.1163,-0.0462,0.2328,0.1562,0.175,-0.1752,0.1184,0.1,0.0,4.557,4.455,4.541,4.418
34,25,1790611497.206,-0.0259,0.2319,0.1509,0.1753,-0.1705,0.1159,-0.0481,0.2329,0.1563,0.1741,-0.1761,0.1173,0.0,0.0,4.56,4.462,4.541,4.418
34,26,1790611497.239,-0.0233,0.2328,0.1514,0.1758,-0.1708,0.116,-0.0495,0.233,0.1565,0.1732,-0.1769,0.1162,0.0,0.0,4.546,4.452,4.541,4.418
34,27,1790611497.273,-0.0201,0.2343,0.1523,0.1759,-0.1711,0.1158,-0.0495,0.233,0.1565,0.1732,-0.1769,0.1162,0.0,0.0,4.546,4.451,4.541,4.418
34,28,1790611497.306,-0.0165,0.2359,0.1535,0.1763,-0.1709,0.1156,-0.0501,0.2332,0.1567,0.1724,-0.1776,0.1152,0.0,0.0,4.536,4.447,4.541,4.418
34,29,1790611497.341,-0.0109,0.239,0.1552,0.1766,-0.1711,0.1156,-0.0501,0.2334,0.157,0.1718,-0.1782,0.1142,0.1,0.0,4.549,4.442,4.541,4.418
35,0,1790611498.111,-0.0139,0.2087,0.1618,0.1758,-0.17,0.1194,-0.0143,0.2393,0.1585,0.1715,-0.1733,0.1103,11.2,0.0,4.576,4.447,4.541,4.418
35,1,1790611498.144,0.0425,0.2267,0.155,0.1821,-0.1621,0.1203,-0.0136,0.2393,0.1583,0.1717,-0.173,0.1103,30.0,0.0,4.557,4.446,4.541,4.418
35,2,1790611498.179,0.0672,0.2361,0.1558,0.1854,-0.1554,0.1211,-0.013,0.2394,0.1581,0.1718,-0.1728,0.1104,36.7,0.0,4.576,4.44,4.541,4.418
35,3,1790611498.213,0.0772,0.2395,0.1574,0.1857,-0.1549,0.1213,-0.013,0.2394,0.1581,0.1718,-0.1728,0.1104,34.3,0.0,4.576,4.457,4.541,4.418
35,4,1790611498.245,0.0809,0.24,0.1577,0.1849,-0.1561,0.1211,-0.0113,0.2382,0.1564,0.1712,-0.1719,0.1095,24.6,0.1,4.57,4.479,4.418,4.418
35,5,1790611498.279,0.0837,0.2395,0.1579,0.1837,-0.1578,0.1211,-0.0062,0.2371,0.1553,0.1704,-0.1705,0.1081,16.1,0.1,4.571,4.465,4.541,4.541
35,6,1790611498.312,0.0861,0.2383,0.1578,0.1827,-0.1601,0.1213,0.002,0.2358,0.156,0.1701,-0.1689,0.1074,6.3,0.1,4.559,4.472,4.541,4.541
35,7,1790611498.346,0.0881,0.2375,0.1577,0.1818,-0.1617,0.1213,0.012,0.2346,0.1571,0.1703,-0.1671,0.1076,0.1,0.2,4.56,4.48,4.541,4.541
35,8,1790611498.379,0.089,0.2363,0.1575,0.1814,-0.1627,0.1218,0.012,0.2346,0.1571,0.1703,-0.1671,0.1076,0.1,0.1,4.562,4.475,4.541,4.541
35,9,1790611498.413,0.0895,0.2358,0.1573,0.1812,-0.1633,0.1217,0.0226,0.2335,0.1576,0.1709,-0.1653,0.1085,0.1,0.1,4.561,4.494,4.541,4.541
35,10,1790611498.446,0.0897,0.2353,0.1568,0.1808,-0.1641,0.1218,0.0335,0.2328,0.1574,0.172,-0.1635,0.11,0.1,0.1,4.559,4.497,4.541,4.541
35,11,1790611498.479,0.0892,0.2349,0.1563,0.1807,-0.1642,0.1218,0.0335,0.2328,0.1574,0.172,-0.1635,0.11,0.0,0.0,4.571,4.504,4.541,4.541
35,12,1790611498.513,0.0888,0.2347,0.1557,0.1807,-0.1642,0.122,0.0443,0.2317,0.1575,0.1732,-0.1617,0.1119,0.1,0.0,4.557,4.499,4.541,4.541
35,13,1790611498.546,0.0881,0.2342,0.1555,0.1806,-0.1643,0.1218,0.0521,0.2339,0.1538,0.1747,-0.1602,0.1141,0.1,0.0,4.579,4.499,4.786,4.541
35,14,1790611498.579,0.0873,0.234,0.1553,0.1808,-0.1642,0.1218,0.0593,0.2364,0.1488,0.1763,-0.1589,0.1163,0.1,0.0,4.556,4.507,4.664,4.541
35,15,1790611498.613,0.0866,0.2336,0.1552,0.1806,-0.1642,0.1222,0.0671,0.2389,0.1456,0.1779,-0.1579,0.1186,0.0,0.0,4.555,4.502,4.541,4.541
35,16,1790611498.647,0.0858,0.2332,0.155,0.1806,-0.1642,0.1221,0.0671,0.2389,0.1456,0.1779,-0.1579,0.1186,0.1,0.0,4.559,4.495,4.541,4.541
35,17,1790611498.680,0.0852,0.2329,0.1548,0.1806,-0.1641,0.1221,0.0754,0.2409,0.1446,0.1795,-0.1571,0.1209,0.1,0.1,4.554,4.491,4.418,4.541
35,18,1790611498.714,0.0844,0.233,0.1546,0.1803,-0.1643,0.1221,0.084,0.242,0.1453,0.181,-0.1566,0.123,0.0,0.0,4.558,4.515,4.418,4.541
35,19,1790611498.748,0.0833,0.2327,0.1543,0.1803,-0.1645,0.1222,0.0925,0.2422,0.1472,0.1825,-0.1564,0.125,0.1,0.0,4.563,4.499,4.418,4.541
35,20,1790611498.783,0.0819,0.232,0.154,0.1801,-0.1647,0.1221,0.0925,0.2422,0.1472,0.1825,-0.1564,0.125,0.0,0.0,4.555,4.511,4.418,4.541
35,21,1790611498.817,0.0808,0.2316,0.1536,0.18,-0.1647,0.1222,0.1005,0.2416,0.1501,0.1839,-0.1564,0.1269,0.1,0.0,4.563,4.493,4.541,4.541
35,22,1790611498.851,0.0797,0.2312,0.1531,0.1799,-0.165,0.1222,0.1079,0.24,0.154,0.1852,-0.1566,0.1286,0.0,0.0,4.54,4.505,4.541,4.541
35,23,1790611498.884,0.0789,0.231,0.153,0.18,-0.1651,0.1224,0.1079,0.24,0.154,0.1852,-0.1566,0.1286,0.1,0.1,4.548,4.508,4.541,4.541
35,24,1790611498.917,0.0784,0.2308,0.1529,0.1798,-0.1652,0.1221,0.1143,0.2377,0.1583,0.1863,-0.1571,0.13,0.1,0.1,4.548,4.499,4.541,4.541
35,25,1790611498.950,0.078,0.2307,0.1526,0.1797,-0.1653,0.1219,0.1143,0.2377,0.1583,0.1863,-0.1571,0.13,0.1,0.0,4.553,4.508,4.541,4.541
35,26,1790611498.984,0.0772,0.2307,0.1524,0.1798,-0.1654,0.122,0.1196,0.2348,0.1629,0.1873,-0.1577,0.1312,0.1,0.1,4.557,4.504,4.541,4.418
35,27,1790611499.017,0.0768,0.2307,0.1521,0.18,-0.1655,0.1221,0.1236,0.2313,0.1675,0.188,-0.1586,0.1322,0.1,0.1,4.546,4.507,4.541,4.418
35,28,1790611499.051,0.0763,0.2308,0.1519,0.18,-0.1656,0.1222,0.1262,0.2278,0.1715,0.1886,-0.1597,0.1328,0.1,0.1,4.549,4.492,4.541,4.418
35,29,1790611499.084,0.0756,0.2311,0.1519,0.18,-0.1658,0.1224,0.1275,0.2245,0.1747,0.1889,-0.1609,0.1331,0.1,0.1,4.55,4.497,4.541,4.418
36,0,1790611499.856,0.1282,0.2181,0.1831,0.1916,-0.1637,0.1391,0.1003,0.2174,0.1684,0.181,-0.1727,0.1247,39.2,0.1,4.519,4.553,4.541,4.418
36,1,1790611499.893,0.1282,0.2179,0.1834,0.1919,-0.1637,0.1391,0.0999,0.2175,0.1682,0.1809,-0.1726,0.1246,21.2,0.0,4.521,4.546,4.541,4.418
36,2,1790611499.925,0.1284,0.2179,0.1834,0.1917,-0.1638,0.1392,0.0999,0.2175,0.1682,0.1809,-0.1726,0.1246,1.2,0.0,4.525,4.556,4.541,4.418
36,3,1790611499.959,0.1283,0.218,0.183,0.192,-0.1638,0.1392,0.0999,0.2183,0.167,0.1809,-0.1723,0.125,0.3,0.0,4.526,4.555,4.541,4.541
36,4,1790611499.992,0.1281,0.2178,0.183,0.1921,-0.1639,0.1392,0.1012,0.22,0.1658,0.1812,-0.1719,0.1259,0.1,0.1,4.507,4.551,4.541,4.541
36,5,1790611500.025,0.1285,0.2179,0.1832,0.192,-0.1639,0.1393,0.1038,0.2215,0.1657,0.1819,-0.1712,0.1272,0.2,0.1,4.529,4.549,4.541,4.541
36,6,1790611500.057,0.1286,0.2179,0.1831,0.1921,-0.1642,0.1394,0.1038,0.2215,0.1657,0.1819,-0.1712,0.1272,0.1,0.0,4.529,4.551,4.541,4.541
36,7,1790611500.091,0.1284,0.2178,0.1828,0.1922,-0.1641,0.1393,0.1075,0.2229,0.1667,0.1827,-0.1705,0.1288,0.1,0.0,4.513,4.552,4.541,4.541
36,8,1790611500.124,0.1285,0.2178,0.183,0.1925,-0.164,0.1393,0.1118,0.2236,0.1686,0.1839,-0.1697,0.1307,0.0,0.0,4.51,4.545,4.541,4.541
36,9,1790611500.158,0.1286,0.2178,0.1832,0.1926,-0.164,0.1394,0.1166,0.2236,0.1712,0.1853,-0.1689,0.1327,0.0,0.0,4.511,4.556,4.541,4.541
36,10,1790611500.191,0.1285,0.2177,0.1829,0.1924,-0.1642,0.1393,0.1166,0.2236,0.1712,0.1853,-0.1689,0.1327,0.1,0.0,4.509,4.545,4.541,4.541
36,11,1790611500.224,0.1287,0.2177,0.1831,0.1926,-0.1641,0.1394,0.1216,0.2232,0.1742,0.1868,-0.1681,0.1347,0.0,0.0,4.504,4.556,4.541,4.541
36,12,1790611500.258,0.1287,0.2175,0.1832,0.1927,-0.1641,0.1394,0.1266,0.2222,0.1776,0.1884,-0.1674,0.1368,0.1,0.0,4.502,4.553,4.541,4.541
36,13,1790611500.291,0.1287,0.2178,0.1832,0.1925,-0.1641,0.1395,0.1266,0.2222,0.1776,0.1884,-0.1674,0.1368,0.0,0.0,4.506,4.547,4.541,4.541
36,14,1790611500.325,0.1287,0.2178,0.1831,0.1929,-0.1641,0.1394,0.1314,0.2209,0.1813,0.1901,-0.1667,0.1389,0.1,0.0,4.51,4.552,4.541,4.541
36,15,1790611500.359,0.1287,0.2177,0.1831,0.1928,-0.1642,0.1395,0.1314,0.2209,0.1813,0.1901,-0.1667,0.1389,0.1,0.1,4.504,4.555,4.541,4.541
36,16,1790611500.392,0.1288,0.2177,0.1832,0.1928,-0.1642,0.1394,0.1358,0.2193,0.1851,0.1918,-0.1661,0.141,0.1,0.0,4.504,4.552,4.541,4.541
36,17,1790611500.426,0.1288,0.2178,0.1831,0.1928,-0.1642,0.1393,0.1399,0.2175,0.1888,0.1935,-0.1655,0.1429,0.1,0.0,4.511,4.563,4.541,4.541
36,18,1790611500.459,0.1289,0.2177,0.1832,0.193,-0.1641,0.1396,0.1434,0.2156,0.1923,0.1951,-0.1649,0.1447,0.0,0.1,4.496,4.554,4.541,4.541
36,19,1790611500.493,0.1287,0.2177,0.1831,0.1929,-0.1642,0.1396,0.1434,0.2156,0.1923,0.1951,-0.1649,0.1447,0.1,0.1,4.504,4.551,4.541,4.541
36,20,1790611500.527,0.1288,0.2176,0.1831,0.1929,-0.1642,0.1396,0.1464,0.2137,0.1955,0.1966,-0.1644,0.1464,0.0,0.0,4.506,4.555,4.541,4.541
36,21,1790611500.561,0.1288,0.2177,0.1829,0.1928,-0.1643,0.1394,0.1488,0.2119,0.1984,0.198,-0.164,0.1479,0.1,0.0,4.51,4.559,4.541,4.541
36,22,1790611500.594,0.1287,0.2174,0.1828,0.1928,-0.1642,0.1395,0.1488,0.2119,0.1984,0.198,-0.164,0.1479,0.1,0.0,4.513,4.558,4.541,4.541
36,23,1790611500.627,0.1287,0.2174,0.1831,0.1931,-0.1642,0.1397,0.1506,0.2104,0.2008,0.1992,-0.1635,0.1491,0.1,0.1,4.499,4.548,4.541,4.541
36,24,1790611500.661,0.1286,0.2174,0.183,0.193,-0.1641,0.1395,0.1519,0.209,0.2026,0.2002,-0.1632,0.1502,0.1,0.0,4.503,4.546,4.541,4.541
36,25,1790611500.696,0.1288,0.2175,0.183,0.1931,-0.1643,0.1395,0.1519,0.209,0.2026,0.2002,-0.1632,0.1502,0.0,0.0,4.507,4.556,4.541,4.541
36,26,1790611500.731,0.1288,0.2173,0.183,0.193,-0.164,0.1394,0.1526,0.2079,0.2038,0.2011,-0.1628,0.151,0.1,0.0,4.499,4.547,4.541,4.541
36,27,1790611500.763,0.1289,0.2176,0.1829,0.193,-0.1643,0.1394,0.1528,0.2071,0.2045,0.2017,-0.1625,0.1516,0.1,0.0,4.519,4.552,4.541,4.541
36,28,1790611500.797,0.1289,0.2173,0.183,0.193,-0.1641,0.1397,0.1526,0.2065,0.2045,0.2022,-0.1623,0.1519,0.0,0.0,4.498,4.546,4.541,4.541
36,29,1790611500.830,0.1288,0.2172,0.1831,0.193,-0.1639,0.1398,0.1526,0.2065,0.2045,0.2022,-0.1623,0.1519,0.0,0.0,4.504,4.544,4.541,4.541
37,0,1790611501.605,0.1512,0.2046,0.2072,0.2043,-0.1632,0.1583,0.1334,0.2129,0.1861,0.1963,-0.162,0.1426,14.4,0.1,4.512,4.496,4.541,4.541
37,1,1790611501.639,0.151,0.2047,0.2069,0.2047,-0.1634,0.1582,0.1334,0.2129,0.1861,0.1963,-0.162,0.1426,0.9,0.0,4.509,4.502,4.541,4.541
37,2,1790611501.672,0.151,0.2048,0.2064,0.205,-0.1636,0.158,0.1332,0.213,0.1859,0.1962,-0.162,0.1424,0.3,0.0,4.502,4.496,4.541,4.541
37,3,1790611501.704,0.1512,0.2048,0.206,0.2053,-0.1637,0.1582,0.1336,0.2132,0.1863,0.1963,-0.162,0.1428,0.1,0.0,4.518,4.5,4.541,4.541
37,4,1790611501.738,0.1511,0.2048,0.2058,0.2056,-0.1638,0.1582,0.1336,0.2132,0.1863,0.1963,-0.162,0.1428,0.0,0.1,4.513,4.494,4.541,4.541
37,5,1790611501.772,0.151,0.205,0.2054,0.2059,-0.164,0.1581,0.1346,0.213,0.1875,0.1966,-0.1618,0.1439,0.1,0.1,4.513,4.482,4.541,4.541
37,6,1790611501.805,0.1509,0.2049,0.2049,0.2061,-0.1644,0.1582,0.1363,0.2124,0.1894,0.1973,-0.1617,0.1452,0.1,0.0,4.517,4.495,4.541,4.541
37,7,1790611501.838,0.1511,0.2049,0.2043,0.2063,-0.1647,0.1583,0.1363,0.2124,0.1894,0.1973,-0.1617,0.1452,0.1,0.0,4.517,4.512,4.541,4.541
37,8,1790611501.872,0.1509,0.205,0.204,0.2066,-0.1646,0.1582,0.1385,0.2115,0.1918,0.1982,-0.1617,0.1469,0.1,0.0,4.516,4.501,4.541,4.541
37,9,1790611501.905,0.1508,0.205,0.2038,0.2066,-0.1647,0.1584,0.141,0.2103,0.1945,0.1994,-0.1618,0.1488,0.1,0.0,4.511,4.49,4.541,4.541
37,10,1790611501.939,0.1507,0.2051,0.2034,0.2069,-0.1646,0.1584,0.141,0.2103,0.1945,0.1994,-0.1618,0.1488,0.1,0.0,4.5,4.487,4.541,4.541
37,11,1790611501.972,0.1508,0.2053,0.2031,0.2071,-0.1648,0.1582,0.1436,0.2088,0.1975,0.2008,-0.162,0.1509,0.1,0.0,4.509,4.493,4.541,4.541
37,12,1790611502.005,0.1507,0.2053,0.2029,0.2072,-0.1647,0.1583,0.1463,0.2072,0.2007,0.2024,-0.1623,0.1531,0.1,0.0,4.515,4.489,4.541,4.541
37,13,1790611502.039,0.1508,0.2057,0.2029,0.2075,-0.1647,0.1583,0.149,0.2053,0.2039,0.2042,-0.1627,0.1554,0.0,0.0,4.524,4.503,4.541,4.541
37,14,1790611502.072,0.1505,0.2055,0.2027,0.2078,-0.1648,0.1583,0.1515,0.2035,0.2071,0.2059,-0.1631,0.1577,0.0,0.0,4.507,4.489,4.541,4.541
37,15,1790611502.106,0.1507,0.2056,0.2024,0.2079,-0.1649,0.1584,0.1515,0.2035,0.2071,0.2059,-0.1631,0.1577,0.1,0.0,4.516,4.495,4.541,4.541
37,16,1790611502.139,0.1507,0.2058,0.2023,0.208,-0.1651,0.1583,0.1558,0.1998,0.2129,0.2093,-0.1641,0.1622,0.0,0.0,4.511,4.488,4.541,4.541
37,17,1790611502.172,0.1508,0.2059,0.2022,0.2085,-0.1651,0.1585,0.1558,0.1998,0.2129,0.2093,-0.1641,0.1622,0.0,0.0,4.516,4.497,4.541,4.418
37,18,1790611502.206,0.1508,0.2059,0.2022,0.2083,-0.1652,0.1582,0.1576,0.1982,0.2153,0.2109,-0.1645,0.1643,0.0,0.0,4.517,4.494,4.541,4.418
37,19,1790611502.239,0.1508,0.2057,0.2025,0.2084,-0.1651,0.1583,0.1576,0.1982,0.2153,0.2109,-0.1645,0.1643,0.0,0.0,4.509,4.484,4.541,4.418
37,20,1790611502.273,0.1507,0.2056,0.2022,0.2086,-0.1652,0.1582,0.1591,0.1968,0.2174,0.2124,-0.165,0.1663,0.1,0.0,4.517,4.486,4.541,4.418
37,21,1790611502.306,0.1506,0.2057,0.2022,0.2085,-0.1652,0.1584,0.1603,0.1956,0.219,0.2137,-0.1655,0.168,0.0,0.0,4.52,4.487,4.541,4.418
37,22,1790611502.339,0.1505,0.2058,0.2019,0.2086,-0.1654,0.1584,0.1612,0.1946,0.2203,0.2149,-0.166,0.1694,0.1,0.0,4.496,4.498,4.541,4.418
37,23,1790611502.373,0.1507,0.2059,0.2018,0.2087,-0.1653,0.1584,0.1612,0.1946,0.2203,0.2149,-0.166,0.1694,0.0,0.0,4.495,4.491,4.541,4.418
37,24,1790611502.406,0.151,0.2063,0.2019,0.2087,-0.1654,0.1584,0.1618,0.1938,0.2211,0.2159,-0.1664,0.1707,0.0,0.0,4.502,4.486,4.541,4.418
37,25,1790611502.440,0.151,0.2062,0.2021,0.2088,-0.1652,0.1585,0.1621,0.1933,0.2215,0.2167,-0.1667,0.1716,0.0,0.0,4.51,4.49,4.541,4.418
37,26,1790611502.476,0.1512,0.2063,0.2022,0.209,-0.1653,0.1584,0.1621,0.1933,0.2215,0.2167,-0.1667,0.1716,0.0,0.0,4.52,4.482,4.541,4.418
37,27,1790611502.507,0.151,0.2063,0.202,0.209,-0.1652,0.1587,0.1623,0.193,0.2215,0.2173,-0.167,0.1723,0.0,0.0,4.505,4.481,4.541,4.418
37,28,1790611502.541,0.1511,0.2063,0.2019,0.2089,-0.1652,0.1586,0.1622,0.193,0.2211,0.2177,-0.1673,0.1728,0.0,0.0,4.501,4.471,4.541,4.418
37,29,1790611502.574,0.1512,0.2064,0.2018,0.2091,-0.1653,0.1588,0.1622,0.193,0.2211,0.2177,-0.1673,0.1728,0.0,0.0,4.501,4.45,4.541,4.418
38,0,1790611503.342,0.1609,0.1903,0.2257,0.2178,-0.1685,0.1793,0.1528,0.1994,0.2065,0.2119,-0.1665,0.1621,4.3,0.1,4.513,4.526,4.418,4.418
38,1,1790611503.375,0.1608,0.1902,0.2259,0.2178,-0.1685,0.1792,0.1527,0.1994,0.2064,0.2117,-0.1664,0.1618,1.8,0.0,4.511,4.543,4.418,4.418
38,2,1790611503.409,0.1607,0.19,0.2258,0.2178,-0.1686,0.1791,0.153,0.1993,0.2074,0.2117,-0.1662,0.1623,0.9,0.1,4.517,4.528,4.418,4.418
38,3,1790611503.443,0.1606,0.1899,0.2257,0.218,-0.1686,0.1792,0.153,0.1993,0.2074,0.2117,-0.1662,0.1623,0.5,0.0,4.502,4.531,4.418,4.418
38,4,1790611503.476,0.1607,0.1897,0.2256,0.2179,-0.1688,0.1791,0.1536,0.1987,0.2093,0.2118,-0.1661,0.1635,0.3,0.1,4.51,4.529,4.418,4.541
38,5,1790611503.510,0.1607,0.1896,0.2255,0.2178,-0.1687,0.1791,0.1545,0.1979,0.2118,0.2121,-0.1659,0.165,0.1,0.0,4.52,4.532,4.418,4.541
38,6,1790611503.542,0.1608,0.1897,0.2254,0.2178,-0.169,0.179,0.1545,0.1979,0.2118,0.2121,-0.1659,0.165,0.0,0.0,4.516,4.527,4.418,4.541
38,7,1790611503.575,0.1608,0.1897,0.2253,0.2178,-0.1691,0.1788,0.1555,0.1968,0.2147,0.2125,-0.1659,0.1669,0.1,0.0,4.51,4.524,4.418,4.541
38,8,1790611503.609,0.1608,0.1897,0.2255,0.2179,-0.1688,0.1789,0.1567,0.1955,0.2178,0.2131,-0.1659,0.169,0.0,0.0,4.519,4.536,4.418,4.541
38,9,1790611503.642,0.1608,0.1895,0.2255,0.2179,-0.169,0.1788,0.1578,0.1941,0.2209,0.2139,-0.1661,0.1714,0.0,0.0,4.508,4.525,4.418,4.541
38,10,1790611503.676,0.1608,0.1895,0.2255,0.218,-0.1691,0.1788,0.1578,0.1941,0.2209,0.2139,-0.1661,0.1714,0.0,0.0,4.501,4.514,4.418,4.541
38,11,1790611503.710,0.161,0.1896,0.2257,0.218,-0.1689,0.1785,0.1589,0.1926,0.2237,0.2149,-0.1664,0.1739,0.1,0.0,4.514,4.528,4.418,4.541
38,12,1790611503.743,0.1611,0.1896,0.2253,0.218,-0.1693,0.1785,0.16,0.191,0.2263,0.2159,-0.1668,0.1763,0.1,0.0,4.521,4.529,4.418,4.541
38,13,1790611503.777,0.1612,0.1895,0.2255,0.218,-0.1693,0.1785,0.161,0.1895,0.2286,0.2169,-0.1673,0.1788,0.0,0.0,4.512,4.527,4.418,4.541
38,14,1790611503.810,0.1611,0.1894,0.2255,0.2183,-0.1693,0.1783,0.162,0.188,0.2306,0.218,-0.1679,0.1812,0.1,0.0,4.521,4.527,4.418,4.541
38,15,1790611503.843,0.1613,0.1896,0.2255,0.2181,-0.1695,0.1781,0.162,0.188,0.2306,0.218,-0.1679,0.1812,0.0,0.0,4.517,4.523,4.418,4.541
38,16,1790611503.877,0.1614,0.1896,0.2254,0.2181,-0.1695,0.178,0.1629,0.1866,0.2324,0.2191,-0.1686,0.1834,0.0,0.0,4.513,4.529,4.418,4.541
38,17,1790611503.910,0.1614,0.1896,0.2254,0.2182,-0.1695,0.1777,0.1636,0.1853,0.2337,0.2201,-0.1693,0.1855,0.0,0.0,4.518,4.519,4.418,4.541
38,18,1790611503.944,0.1614,0.1896,0.2254,0.2184,-0.1695,0.1777,0.1636,0.1853,0.2337,0.2201,-0.1693,0.1855,0.0,0.0,4.515,4.518,4.418,4.541
38,19,1790611503.977,0.1617,0.1897,0.2254,0.2185,-0.1699,0.1774,0.1643,0.1841,0.2347,0.2211,-0.17,0.1873,0.0,0.0,4.516,4.525,4.418,4.541
38,20,1790611504.014,0.1619,0.1899,0.2252,0.219,-0.1705,0.1769,0.1643,0.1841,0.2347,0.2211,-0.17,0.1873,0.0,0.0,4.527,4.52,4.418,4.541
38,21,1790611504.047,0.1622,0.1901,0.2252,0.2196,-0.1714,0.1766,0.1648,0.1831,0.2353,0.2221,-0.1708,0.1888,0.0,0.1,4.52,4.526,4.418,4.541
38,22,1790611504.081,0.1627,0.1906,0.2253,0.2209,-0.1731,0.1759,0.1653,0.1823,0.2357,0.2229,-0.1716,0.1901,0.1,0.1,4.519,4.523,4.418,4.541
38,23,1790611504.114,0.1632,0.1917,0.2256,0.2228,-0.1759,0.1751,0.1653,0.1823,0.2357,0.2229,-0.1716,0.1901,0.0,0.0,4.522,4.523,4.418,4.541
38,24,1790611504.148,0.1645,0.1932,0.2259,0.2259,-0.1803,0.1742,0.1657,0.1818,0.2358,0.2238,-0.1726,0.191,0.0,0.0,4.522,4.519,4.541,4.541
38,25,1790611504.183,0.1657,0.1956,0.2262,0.2296,-0.186,0.1731,0.1661,0.1815,0.2355,0.225,-0.1741,0.1915,0.1,0.0,4.521,4.522,4.541,4.541
38,26,1790611504.216,0.1672,0.1975,0.2265,0.233,-0.191,0.1726,0.1661,0.1815,0.2355,0.225,-0.1741,0.1915,0.0,0.0,4.517,4.515,4.541,4.541
38,27,1790611504.250,0.1685,0.2003,0.2267,0.2366,-0.197,0.172,0.1665,0.1817,0.2351,0.2267,-0.1764,0.1915,0.1,0.0,4.522,4.517,4.541,4.541
38,28,1790611504.283,0.1697,0.2024,0.2269,0.24,-0.2024,0.1715,0.1671,0.1826,0.2344,0.2293,-0.1802,0.191,0.0,0.0,4.514,4.522,4.541,4.541
38,29,1790611504.317,0.1709,0.2045,0.2271,0.243,-0.2075,0.1713,0.1671,0.1826,0.2344,0.2293,-0.1802,0.191,0.0,0.0,4.518,4.511,4.541,4.541
39,0,1790611505.085,0.1667,0.1806,0.2389,0.2326,-0.1873,0.1952,0.172,0.1983,0.233,0.2491,-0.226,0.1696,6.6,4.7,4.528,4.51,4.541,4.541
39,1,1790611505.119,0.1666,0.1806,0.2387,0.2327,-0.1873,0.1951,0.172,0.1984,0.233,0.249,-0.2256,0.169,2.3,0.0,4.526,4.538,4.541,4.541
39,2,1790611505.153,0.1666,0.1806,0.2386,0.2326,-0.1873,0.1951,0.1717,0.1975,0.2338,0.2478,-0.2224,0.1691,1.2,0.1,4.519,4.525,4.541,4.664
39,3,1790611505.187,0.1667,0.1802,0.2387,0.2327,-0.1871,0.195,0.1717,0.1975,0.2338,0.2478,-0.2224,0.1691,0.8,0.0,4.52,4.509,4.541,4.664
39,4,1790611505.220,0.1665,0.1801,0.2387,0.2327,-0.1871,0.1952,0.1712,0.1957,0.2353,0.2456,-0.2171,0.1704,0.5,0.0,4.516,4.527,4.541,4.664
39,5,1790611505.252,0.1668,0.1801,0.2384,0.2325,-0.1872,0.195,0.1706,0.1936,0.237,0.2428,-0.2104,0.1725,0.1,0.0,4.52,4.514,4.541,4.664
39,6,1790611505.287,0.1666,0.18,0.2385,0.2325,-0.1872,0.1951,0.17,0.1913,0.2387,0.2399,-0.2036,0.1752,0.2,0.0,4.53,4.519,4.541,4.541
39,7,1790611505.321,0.1668,0.1798,0.2384,0.2325,-0.1869,0.1953,0.1695,0.189,0.24,0.237,-0.1973,0.1783,0.1,0.0,4.526,4.516,4.541,4.541
39,8,1790611505.355,0.1669,0.1799,0.2385,0.2324,-0.187,0.1953,0.1695,0.189,0.24,0.237,-0.1973,0.1783,0.1,0.0,4.521,4.515,4.541,4.541
39,9,1790611505.387,0.1672,0.1797,0.2381,0.2324,-0.1869,0.1955,0.169,0.1868,0.2411,0.2344,-0.1915,0.1817,0.0,0.0,4.526,4.501,4.541,4.541
39,10,1790611505.421,0.167,0.1794,0.238,0.2324,-0.1868,0.1958,0.1685,0.1847,0.2418,0.2321,-0.1867,0.185,0.0,0.0,4.516,4.513,4.541,4.541
39,11,1790611505.454,0.1672,0.1794,0.238,0.2323,-0.1866,0.1959,0.1681,0.1825,0.2423,0.2303,-0.1828,0.1884,0.0,0.0,4.525,4.528,4.541,4.541
39,12,1790611505.488,0.1672,0.1794,0.2377,0.2325,-0.1864,0.1962,0.1677,0.1805,0.2426,0.2288,-0.1796,0.1918,0.0,0.0,4.524,4.524,4.541,4.541
39,13,1790611505.521,0.1674,0.1792,0.2378,0.2324,-0.1864,0.1963,0.1677,0.1805,0.2426,0.2288,-0.1796,0.1918,0.0,0.0,4.523,4.524,4.541,4.541
39,14,1790611505.555,0.1675,0.179,0.2378,0.2325,-0.186,0.197,0.1674,0.1785,0.2425,0.2278,-0.1773,0.195,0.0,0.0,4.527,4.506,4.541,4.541
39,15,1790611505.588,0.1675,0.1788,0.2379,0.2325,-0.1856,0.1972,0.1671,0.1767,0.2422,0.2272,-0.1758,0.198,0.0,0.0,4.515,4.507,4.541,4.541
39,16,1790611505.622,0.1678,0.1789,0.2377,0.2325,-0.1851,0.1975,0.1668,0.175,0.2417,0.227,-0.1751,0.2008,0.0,0.0,4.531,4.509,4.541,4.541
39,17,1790611505.655,0.1679,0.1789,0.2377,0.2324,-0.1846,0.1983,0.1666,0.1736,0.2411,0.227,-0.1749,0.2035,0.0,0.0,4.523,4.494,4.541,4.541
39,18,1790611505.688,0.1681,0.1789,0.2376,0.2323,-0.184,0.1989,0.1666,0.1736,0.2411,0.227,-0.1749,0.2035,0.0,0.0,4.523,4.461,4.541,4.541
39,19,1790611505.722,0.1684,0.179,0.2374,0.2323,-0.1835,0.1996,0.1665,0.1724,0.2403,0.2274,-0.1753,0.2059,0.0,0.0,4.522,4.401,4.541,4.541
39,20,1790611505.755,0.1688,0.1793,0.2372,0.2323,-0.1832,0.2003,0.1664,0.1714,0.2395,0.2279,-0.176,0.2081,0.1,0.0,4.524,4.264,4.541,4.541
39,21,1790611505.789,0.1691,0.1794,0.2371,0.2324,-0.1828,0.201,0.1663,0.1706,0.2388,0.2285,-0.1769,0.2102,0.0,0.0,4.517,4.097,4.541,4.541
39,22,1790611505.822,0.1695,0.1795,0.237,0.2326,-0.1826,0.2013,0.1663,0.1706,0.2388,0.2285,-0.1769,0.2102,0.1,0.0,4.516,3.929,4.541,4.541
39,23,1790611505.855,0.1699,0.1798,0.2369,0.2327,-0.1824,0.2017,0.1664,0.17,0.238,0.2291,-0.178,0.212,0.0,0.0,4.5,3.742,4.541,4.295
39,24,1790611505.889,0.1702,0.1802,0.2366,0.2326,-0.1821,0.202,0.1665,0.1697,0.2372,0.2299,-0.1793,0.2137,0.0,0.0,4.488,3.508,4.541,3.927
39,25,1790611505.922,0.1706,0.1803,0.2366,0.2327,-0.1818,0.2023,0.1667,0.1696,0.2365,0.2307,-0.1807,0.2151,0.1,0.0,4.479,3.235,4.541,3.682
39,26,1790611505.956,0.1708,0.1804,0.2367,0.2328,-0.1815,0.2025,0.1669,0.1696,0.2359,0.2314,-0.182,0.2162,0.0,0.0,4.452,3.002,4.541,3.436
39,27,1790611505.989,0.1714,0.1807,0.2363,0.2329,-0.1812,0.203,0.1672,0.1698,0.2354,0.2321,-0.1834,0.2171,0.1,0.0,4.44,2.77,4.541,3.314
39,28,1790611506.023,0.1715,0.1808,0.2361,0.2331,-0.1811,0.2033,0.1672,0.1698,0.2354,0.2321,-0.1834,0.2171,0.0,0.0,4.41,2.518,4.541,3.314
39,29,1790611506.057,0.1719,0.181,0.2361,0.2332,-0.1812,0.2033,0.1676,0.1701,0.2351,0.2328,-0.1846,0.2176,0.0,0.0,4.381,2.321,4.541,2.945
